user_id_hash,primary_key,gender,category,year_started,age_group,region,population_2024,population_share_2024,unemployment_rate_2024
369626a6f07d4aced6a7561e7c73092b4403cc07ebf856c91925a70e3ef7798a,26872a175174fff02e20055bd7cb39865cd6c03ac54372658a3e0a938398dd69,F,Data,2025,30-34 ans,Île-de-France,12507542,18.318,7.0
55f58a5b7f104c738cecd52fc787036f0d7fd5a8dbc2ae85d80e2bb0ad74704a,a1ada13c2255cbcfa19b689924abe898afffabce9a5046148223d4eaecb7609f,M,Data,2023,60 ans ou plus,Île-de-France,12507542,18.318,7.0
b8fdbb69b7cb017015f44bbd5e69587860328ef061b60125ead868144e01239a,1b8ecc64e41c81d456ab9d3bed8512de02d95dce976d75472ae439012fcd92c9,unknown,Data,2023,30-34 ans,Hauts-de-France,5983840,8.764,9.0
2a3e7777715e437f870001588e0d631a2f6aba3119665e612ad91e84a757dff6,ddac5fa5d65c516f90cedcfc748a81932b0210029fd6b26024b31078e36660b0,unknown,Data,2023,50-54 ans,Île-de-France,12507542,18.318,7.0
d951ec487634e5193434a7d85a1dfc6ff88619c29eb5539aac4a01edc0bbf196,aa79492d3a37d183f0009b6fdaf9b3d937d3f4d262859f4b4af1d31447be2e90,M,Data,2025,25-29 ans,Hauts-de-France,5983840,8.764,9.0
da0e51eac29e8e55ea87c72b671538602567093fb1fc7644e0a94506ac938035,fd608eaa4a9f3c92e11f5e81b046ea6298fd6a8d00334ae4663ece3aa75cd54e,M,Data,2025,40-44 ans,Auvergne-Rhône-Alpes,8238335,12.066,6.4
04704b2a75e508428552308eb8e6cec2140a34329ad8037579df42dd404d4f47,c6910d2fa611ade228d2bf77d9f97741b0c0831f61587c69beeb123a2912421b,F,Data,2023,35-39 ans,Île-de-France,12507542,18.318,7.0
5e023096651d47d2254e08a4ac8e534c62e5f089f0bd3f4ac8bae78ede6babc4,6fa4400f2813fce6801a83efc94950f727de42240bc1983be098e6b2bf67519c,M,Data,2024,45-49 ans,Île-de-France,12507542,18.318,7.0
43521d33d393aa0a37374981aaf5602d4375c206f3d46d95ea0287a0a9e635b7,b1e9a8091699be0d441eae5322d77fa611ff7198b02807b96da22f5316f6e154,M,Data,2022,30-34 ans,Centre-Val de Loire,2588006,3.79,6.9
770196a3e5c5fbef7f89d84eacf26ef3bcb315e89def229b6b04474eff9a4919,af7e40b17bd5351786734548a6dd127118a312328c23a51915368af08c30ac60,M,Data,2024,25-29 ans,Île-de-France,12507542,18.318,7.0
0d87ef5fc8137a2e93b2a3a98333f73631400fede5df1bb7007a22f20a1163ad,f917b52831ccd9abb25876510e121d963ee4f7e9a24902472cec5b70ca93abbb,unknown,Data,2023,25-29 ans,Île-de-France,12507542,18.318,7.0
e13c8ab74a69c9c75829bd04b02fc3ce940a003392a25017f4dddecf071371de,d69c8586ed90364e6c1ccb31824003c312d8c645cce010dad3a26d8836f4dd14,M,Data,2025,30-34 ans,Île-de-France,12507542,18.318,7.0
4ae7e71a129769377b802398458b26a150b424196abbf69f31055913a05098e3,489d4d53137bf24b4b7cdc598f200587569b3e49b76e07c1a4a72f03498e73e2,unknown,Data,2023,30-34 ans,Île-de-France,12507542,18.318,7.0
683408cf8bb34853ccf2e53e4872845a330c9516c24ce039fdcbaa5a17f6e5f9,4642a38665ac1a73f9648bf052b5663d364d0aaf856668596a7493d3e7fe270e,unknown,Data,2023,40-44 ans,Provence-Alpes-Côte d'Azur,5252362,7.692,7.9
c22ec1d4381ed8b3d1c5f875c3357f71bab5ca1ac6010481efc0457157381345,3d5edbe2a8012361e2af013eb584ecabac83a4e045c3506909c22504fcfa715b,unknown,Data,2022,50-54 ans,Provence-Alpes-Côte d'Azur,5252362,7.692,7.9
885b627cc76f7343588ebca91409b773f9fc97ef294f51cfb8d74cc5956fa3e2,a8b47329a9e2bcc6ed2e75bcc3f33c576a5493c98d99ab1ec87548d06f772ab3,unknown,Data,2022,40-44 ans,Île-de-France,12507542,18.318,7.0
4d87722557b5e72d6a793281c61533a68d4bfeb96633f913f076dfc2462f451f,cdb94e8927377ed9adba34ce413bc0ca57f455fa13a3baf08af1d1870f8b487d,M,Data,2025,30-34 ans,Provence-Alpes-Côte d'Azur,5252362,7.692,7.9
7161fa67f592df2658965c70d0d17bd390ceb71572773515dc67fbfaf4a91906,5300d136eab2f04b2f4b12780e17db40a5cf946019063b29e550c2bf9fa002a6,F,Data,2024,45-49 ans,Île-de-France,12507542,18.318,7.0
255db7ce598b1ec9c9b4a4f5ae625e7c6621ca756d79a316911d6fc392bae27e,cd12cf2301f91500502b853013ba3cccfe4540543dd4c925cf05aa6accfc0aef,M,Data,2024,25-29 ans,Nouvelle-Aquitaine,6181885,9.054,6.6
4d8dc54f174ba6ac70711529612c3ea74bd79a8365442c7b3a3af378923cb1bb,dffd431fa9edf164382909e8edc0f996c11d42dc65778cc603865c74498f54d6,M,Data,2023,25-29 ans,Île-de-France,12507542,18.318,7.0
959020d6c20fdc6a3c4d5f5cdcf014bbd05eff9f443ff720af22dd9027721dbd,27736d9ad28887ce089a23ebc22a9937361ec434f992b64021ff72f650280ce8,M,Data,2025,25-29 ans,Île-de-France,12507542,18.318,7.0
b93c4b8777eccc087a7e1b2bcb6a9a6e3ec26177006cd1880c39174f25785c0b,e2b331cd449c5a1ac744c9b064ce216fb548233701934a68604e62d88403f1d3,F,Data,2023,35-39 ans,Île-de-France,12507542,18.318,7.0
c40a9ff775cde5a990c043521ce067670224e50154073d06f0f774d73830cd05,0c7a3478944091392c3f235092abc41d331e22a45dfa0abb9acfe2ce98e48b32,unknown,Data,2025,30-34 ans,Pays de la Loire,3926871,5.751,5.9
b3337bbc0cbe4d07fff1a31388744cb48cb4950237af55902a1da53a11f356bf,de11a852930d7dffd39253a61fca2cf1245e9640fded6cfc53b13c4b8a1c1738,M,Data,2025,20-24 ans,Bourgogne-Franche-Comté,2800180,4.101,6.6
26062aa2c94b2d8088f9a3841dcf732b23f422e181d88c02281de47739b22940,4ca87f21ed31605db252354f52fd6094056438732542e309f1c187cca2a7d77c,M,Data,2022,40-44 ans,Nouvelle-Aquitaine,6181885,9.054,6.6
4bd7251f9f8ff98696eba8f7b28454143c234d664a0e5cb1e584530da82a61a8,02c099edd3c3802e9dfaa7f95b9c5e99e0cba5e348855400a99485ae16867529,M,Data,2022,60 ans ou plus,Nouvelle-Aquitaine,6181885,9.054,6.6
ff464a112a181cd753320b033e82bc102afa29b005a7c04dbfbdad4832271d60,517373bba2efd188a77441083d1aaae81e739068aa0f38f3e415b568beb4a946,F,Data,2025,30-34 ans,Île-de-France,12507542,18.318,7.0
9dea8708702ef48b43a48d17e7804b1f6214d5acc88d3dc077667b355d886f25,bcd57ccf41affddf6039f67da48ad5bde0d4c0fc18b4bee85308ab18d2e81fef,unknown,Data,2022,25-29 ans,Occitanie,6165869,9.03,8.8
75c1755074480f42bb18bde5b2213dbbedbfc8d7594d1c508d146a710cf597cc,5ac961b0b59a51acca792a0311e1d3565fe7eda9d05dfde2fc4dfba82c4ef7fc,M,Data,2024,25-29 ans,Île-de-France,12507542,18.318,7.0
03280cef8192974ef7a3852a9af621cae3f3ba30cea97ae84234579a32734408,c565357c13d75c563f751121b628d8945e0aa717dc725a68a50323d3beec4d52,M,Data,2024,50-54 ans,Nouvelle-Aquitaine,6181885,9.054,6.6
acc99c2baea7230c6a9c1aab52c51dbc9907ee531e9afa6db0be2f7ddf0f6fff,bbe03f2514ef1e8200ed94331c13d112caa7e4998efcfc93f5f86e09e7bab660,M,Data,2022,30-34 ans,Île-de-France,12507542,18.318,7.0
632a2a4cea61bf3e5221e7ff42a5f6a591917a5c4e91c1d441c6e324221c1961,4ba98baed9bcfb20a1cee4bc0372ad5e5aa06da16bdf7cc621ca713334870c40,M,Data,2025,30-34 ans,Auvergne-Rhône-Alpes,8238335,12.066,6.4
b97405d2a3609673a35efa88aa61eadf9288a43ff237cf65163dcf6e86b70d12,403416c38602d674265340d42295698533f0f1a96e832d109e905278cd612870,M,Data,2025,35-39 ans,Hauts-de-France,5983840,8.764,9.0
9e2ffa67342310ff2ecdc8a46d2c73c94f2b23c096759b9a2c400268e34a95bd,82a65d014cca201d2ffa78f8c1149490a2b86bf2c0bfafeaaf728d15833cbbce,M,Data,2024,40-44 ans,Île-de-France,12507542,18.318,7.0
e1297e84cb33bba48c103dacc50d8a19ee34ee9e2ed2d64fe95c66207175e950,f460a58aa409e1c9611062286e2b148f4fad314491e67f21d48e231030c7a7d6,unknown,Data,2022,30-34 ans,Île-de-France,12507542,18.318,7.0
ab619eb7d77ad307d1c0f1bacac8a2de026b79712c0341f65f9f32558c19aae9,a3719de5843cbda3f654c0470abc680383dc382b952fc7a27b3edd0422df4209,M,Data,2025,30-34 ans,Île-de-France,12507542,18.318,7.0
cbb97015748043d7607a6f30c7be13dba8d1e66fa8d580e060572666a5fd7114,8a460bf0fe5055261cfcad96ff6451fca8cf2ec324fe68cb2eb8b0586d036d27,M,Data,2023,30-34 ans,Île-de-France,12507542,18.318,7.0
8c71def24c1da60ba0a539d83dff7892a863348c291de1130d87d834979f6ae1,baca6f8d29c55d2a2f33832a43a8af45360f9e7c6dd1ffe8d07089be0519f796,M,Data,2022,30-34 ans,Grand Est,5557457,8.139,7.3
e40cb7776beb7b23c34a4c26c0684c74b16b92b3d2be8072353129f0c67f93d1,e6b2f85e9cc9ce8c1f41f0ee3291d33a5f9d11eac2ffc2a8e20061c29a947ddb,F,Data,2022,40-44 ans,Île-de-France,12507542,18.318,7.0
d340025cbc784994c309a5f93f3c52344ab5f4a2c43744d615ce1f2803b0a75a,8912fdf1fe74f6d78b6339b762129bff0347b0906ffd424303f7e44af174b565,M,Data,2024,30-34 ans,Île-de-France,12507542,18.318,7.0
99bebc1d2cd230621979d5b018fc15bfd6b2b8b81810c04604c66b7c0da0f170,e619f8f4595d5a2ad8370c394295a09303f7b0921a8a2278de861455fbe580e5,F,Data,2024,40-44 ans,Nouvelle-Aquitaine,6181885,9.054,6.6
d8e7adbd8d2df119f4ab968af7a28a18c441e835f17478a1bbf29e79fefbd013,bd35333d8f121e0691044a91c3ff38d6584acb4363120571c053f015aae5f691,F,Data,2022,40-44 ans,Île-de-France,12507542,18.318,7.0
aae703e16134c4073263d04b60e4dd5ab68a2d37320ac127058e783f814da628,38a640e7604762233972b952b23fd7c9bdf1131945b39d363fb78d0c2429657f,F,Data,2022,35-39 ans,Hauts-de-France,5983840,8.764,9.0
0e501b64ae3395f8e87b15b45969758551a2df84e3aa2d8862ddb03db5b03aed,075f21e0ae55030e03fcee677afc1373072bf05b971e78a720a4ef7aee30832d,M,Data,2025,50-54 ans,Auvergne-Rhône-Alpes,8238335,12.066,6.4
3e1fe5ca03bd28088d36021c9b96725a67b95e215921af77eb9f0f391fe1d700,4b753fe7c727c54b85993d0dd4def033a04201e5a5b0f0a79c8aa646fef0ffb8,M,Data,2023,25-29 ans,Île-de-France,12507542,18.318,7.0
4d6cfd4c8f4cd31931dde803b57f329ee559fc54ecee13693f45d9a5e0d8fec8,e74d86d492d4ed1ae898cd7469b7e3c1c8deae7c18c205dd3f18c25d853e8938,M,Data,2024,25-29 ans,Hauts-de-France,5983840,8.764,9.0
67b4e513dec19312f2b1a7fc65691783e23a5dfcc42f7c6fb119e9a2e569bc23,7d8fb8f30bfd6d9ce228fa2e08ce4bfbed44ffc5aec91333e5c91904d5299a86,unknown,Data,2022,30-34 ans,Île-de-France,12507542,18.318,7.0
01a1d6bba834e128d877c89fddb558260a48e2b108681544adfd98fda96f45fc,28b3bc66b822ddf4ea9e467705f65ff802523c0d5eaad09ac5a5f3060d329251,M,Data,2022,30-34 ans,Provence-Alpes-Côte d'Azur,5252362,7.692,7.9
313b9197d1a1c8c96117d549649c8ad52cbbb385446d70b015b64e787ef62d50,ab78795dc567ad1fa3c8b08a5b8b3e6e73d89fdefddf94d9789f0757851c133d,unknown,Data,2022,25-29 ans,Île-de-France,12507542,18.318,7.0
0d140ec731c4323bfdc479691f0db83e82fa6cab916bbc17d0eacdb959d80735,c56a88fb2aa1af879cff42486f92ef778560d18d3a5218d925661362c506d079,unknown,Data,2022,45-49 ans,Île-de-France,12507542,18.318,7.0
10ad11de23f30d64ff1890bbfbc2a686e27076b380486b5b6d1d0f8c5c47343c,bfb2c0d7c54ec3bf8ec5504e212dd28b8449bae492b034d9ef81450b149da7a9,M,Data,2022,35-39 ans,Normandie,3348960,4.905,7.0
260cc7c6b53dbd27c269bde1931a4f02de3bde45b45839d768b42a50f2430032,5883a53ec15bf8f544d0753f5279052dc5efba1d388c3b37ca50bf8b166ec30d,M,Data,2023,40-44 ans,Grand Est,5557457,8.139,7.3
a61185f9cf7fb560f11eeabba2d1e1aee6ac2952e6aa8f810a0578a73df927b5,8eb8860f46047ee1a5d8aaa3d73203ce4c6bbcf94b1c03548c7e30b8cf051df5,unknown,Data,2025,35-39 ans,Île-de-France,12507542,18.318,7.0
30a3c1a27ad48bb1bb2e9ab099b158a08aa79da639c21816160efa087481a97d,399606a4e999e8daeb7350ef454de85fe901ee8a9e212a3ed997c79cca63d08d,unknown,Data,2023,30-34 ans,Bretagne,3469711,5.082,6.0
743899b581707f049e3fbea5be15787f52ab66715a9402af19c7b2bd53ce252e,a2f41ad449854f8020c7b23ebee7d70105bd2d64dc43e62ffc6c3d8250209548,M,Data,2024,25-29 ans,Hauts-de-France,5983840,8.764,9.0
a5fd3bfa0a4183e1aa781b20df49c70d206445e8a3f9244495c9ff8275f04c0d,4ec8e21482a6cf3d16882ef8941b01000e7f7125383757962c4e7ed4a48d4b3b,F,Data,2025,25-29 ans,Île-de-France,12507542,18.318,7.0
b5e35a1524571ab8fbd7f8fb5269c60bb8f8f435ee5279dafc370c65505a831b,17eab61cf58c6aac6b8ab3410372b78e66c89678458b0143d9f4ebaebc26c3ca,M,Data,2023,40-44 ans,Hauts-de-France,5983840,8.764,9.0
147bb61f1c97c4c68d274f85a8ef4acd6426114fe2c567b0e788a03b2b70497c,6b39807722c30784c5f94981895f9d05b3e9bfa219b1cd3e5b3dce6ff2e89af7,M,Data,2022,30-34 ans,Île-de-France,12507542,18.318,7.0
85426d542b2be57db3f41976d844a276a2e1ba164a6b72fff1c4755a3deb0a9f,07d14709d84ef66491447baffa3db90285e4e266a386ec348c7049a101c81300,unknown,Data,2022,45-49 ans,Île-de-France,12507542,18.318,7.0
504dd3771d7cc82c2e09c9ddeb6a338076950c1a3286c08f458e18ddb004435a,02aa1ed9887087bb03c073eebb863b8a0a7e53ab8a3749f2a735fcdfafe6cdf1,unknown,Data,2022,35-39 ans,Île-de-France,12507542,18.318,7.0
f9618e9f31448aa7cdf95b6b98995264815c88cb44280431f72b701dc28c83cf,e315b1bcaa754d063bfdf843044d092b08095e0e518f44d3ad9aab248e4733a4,M,Data,2024,45-49 ans,Grand Est,5557457,8.139,7.3
9dae569bdf12a2895db87272d6ed454385e70e5e9c97463d15f2f10357645be5,cab4d003d30f5126b72438ce11950153b05d23538fdda3f40988dfa5d80bae57,M,Data,2024,20-24 ans,Bretagne,3469711,5.082,6.0
fe916f6255ef82a058caacc790ad37a8655daeca04b971ebee25e4eb2c20b747,26175ecfe795e8ece826805aeee91811db5bb1871dbf2122e0c350801926c196,unknown,Data,2022,30-34 ans,Île-de-France,12507542,18.318,7.0
87afdace39c4f91cdd230225387ed11c842ddd34c0db20d4d392ac9e2deef08d,c4e7edabf9eb1dfeac651487f11d299c46085bc95f4e8882e3e296495924d438,M,Data,2023,30-34 ans,Île-de-France,12507542,18.318,7.0
fdff51b974025e7a7cdf4cd2ab867fa32b29ed28380e2ae5bacdc63a9316b01c,49dc1e885d9ba0ad936ddcf7f4b67a9edda8e1ebe665408948ca39b7064510e8,unknown,Data,2022,25-29 ans,Grand Est,5557457,8.139,7.3
f2b7d3d879bc1796623efea4ba2b920b0b5213dc9de45cfcd40cbdd42751bd54,8dc09d99a29812df64b5a5d746a45496880da380d3d99c949d0f6ff613c61895,unknown,Data,2023,25-29 ans,Île-de-France,12507542,18.318,7.0
2347904e639874f2e74956d6c1dd694308cde1a7303e3b11507644b656276a09,b4222a295cdbfedf97fb2f89708a72ec3c7bd5fe723966c8e86d617cfcc5145c,M,Data,2025,20-24 ans,Île-de-France,12507542,18.318,7.0
c5b6cd16ed6f3cab8da25809655784a4809da52e6da40e16fb68d3ca2f67a69c,ef4d189225e8cbdc1b8aac9b7fbbec20c2edd2a58818e53fee4443e87ec861c4,F,Data,2022,35-39 ans,Grand Est,5557457,8.139,7.3
ed64f21e3b1a771f04cd5fa17d60dd5ee367decfd68a4ba664deff4ff5e93fca,05b9a3dcb9efccc8b38936f45264bd2de566cb7271d59a79c7e63d18ab797b1c,M,Data,2023,25-29 ans,Centre-Val de Loire,2588006,3.79,6.9
f5a35b2f7d61c1324fa9c1bd955a7916fa21039ea4199150ada70cda9f44c160,4336d88fc4bb257378232bfbe540d34704b2b6f68a9d3bacfa6a09059984a22f,unknown,Data,2023,30-34 ans,Provence-Alpes-Côte d'Azur,5252362,7.692,7.9
4197a29905df7935a62f74c989f7b07aeafd966a56eb0fab271b53a0776cded2,8634a85c79313eebd209b83703889b2d4363b9538d80e0325dd230206216ba8a,M,Data,2022,25-29 ans,Nouvelle-Aquitaine,6181885,9.054,6.6
95c914dfc3b8cb28479db18a7efcd031f0c34f2342e9f5da52bf2aa8ccb5a0db,6c8f25523cfb8fa0d4c0a633e7b15e9eb1f56c9da8e51efc081f0684afe1ba79,M,Data,2023,35-39 ans,Provence-Alpes-Côte d'Azur,5252362,7.692,7.9
9e08e6433dd3eff72518cb4f30981953c761a34361583e8dfee2a29a5395b548,d725d8fcc341eaa69679fa97689bc7dc53c21d795c10f798286cf729f93b4273,unknown,Data,2022,45-49 ans,Île-de-France,12507542,18.318,7.0
e872a1d62ab932c9b8f3113d3bfb0effafe804596d072f07f4226b54ca258efc,56c2e427544aaac7b397199799397c21f4018311ef5521db51d125e37d868b28,F,Data,2022,30-34 ans,Hauts-de-France,5983840,8.764,9.0
9792e9d670b6f61bcb2da21fa6bc2c7fda3abae94a4a8ce36e3283c95dd67376,3a5cfff1df0bc57a6b14402056ca8e36e6765461c8bc90ab989d8b8d1f921051,M,Data,2022,25-29 ans,Île-de-France,12507542,18.318,7.0
07c58c5284c05d8455241bb2d99be576b53548f9131d5c850276c626e8a3b206,249cb6a38022205aacc7630e6386605e34a1171cf079bcf4ad55ff13f9a0a7ea,F,Data,2024,25-29 ans,Grand Est,5557457,8.139,7.3
0ca174536cdcc21757e0f985044e9d9efea99579e5a7967bde3e5505841aa7e6,3ade2ebdf0cbf6a7c057eae653cf8ec9f3a27af32b304d0a3f08994c46b1e584,M,Data,2025,25-29 ans,Île-de-France,12507542,18.318,7.0
d82ce8ddb41e9b3ea1ec3182786bce09d36d6e3af9eed7b28f8bbfc2d2366082,cf76cfcc5bcc2747d760e4f8da59b2c8fde41668c63ff18e7d7989d0ec33e048,M,Data,2025,30-34 ans,Île-de-France,12507542,18.318,7.0
d45c2bdc72a606674397dcbbb35274151b786d7e1d0bdaff252c796ce925c021,633e1f1953cf8360046c319958fe62f406f58b2c7c50d73aac315d849e6e10be,unknown,Data,2022,30-34 ans,Île-de-France,12507542,18.318,7.0
ea1bc591cc14e3cb07f194976052fd082a6566c2912c22e600feb91e8a50a8b6,f6e4c9ad8b7c07eb700cef5534c4f31f51aa24b7ffb1836e397e855a1cb87057,F,Data,2025,45-49 ans,Bretagne,3469711,5.082,6.0
4c42e3601af44733686322f3870c3d9ec35856204a430c3da181fdbe6d6bb9e1,0418e8ad9cd616cc408aec6cbf0e7cebe8fb154bbf6d935eb3f18f5f853656b4,F,Data,2024,50-54 ans,Nouvelle-Aquitaine,6181885,9.054,6.6
d5df7f15c768ed7ad2fc5b5cc5418db018584c42cb6a77bef307ed1369359ac1,3d4149f15fa997432ed3c3534cf0520c8b264e1f6c279b787fd3e1b714b5a0b5,M,Data,2024,40-44 ans,Île-de-France,12507542,18.318,7.0
358b6f8423797fa038542f4f56617a07e5076e15f776c68770af9a45bc076a6a,83126f9674a6a95f1afabdee5845364bd0b7c0a0e3959d5c1ddd503304cd1aa8,unknown,Data,2022,35-39 ans,Île-de-France,12507542,18.318,7.0
ac30c2511bac2f4a7f38e4692ba7d5150cbd54b317f8e5d6f63dec462a5bd399,eda8d8bc764a0f0a8f939b88358d977267296a0e493f74307fead665aa189f3b,unknown,Data,2023,30-34 ans,Île-de-France,12507542,18.318,7.0
51fdadb5898c98878c13dccfc7ad87ee57923040852a0fa86112e4231e161d4f,2d6c3045a11e56b3a82eab1d2f55e73e99bbe8c1bcf9e628665f25efac07a178,M,Data,2022,55-59 ans,Île-de-France,12507542,18.318,7.0
21852de7f169e8729a6e897a1a98337052a0a1a9ee9dd5004965343e23f537a0,b581965e076a637c61d1e80d14a045039db382ed876cd447d2823981ec8f3f6f,F,Data,2022,30-34 ans,Île-de-France,12507542,18.318,7.0
da3b741955bc45bfc80b9eebf022c0095f4e2ee7c81fb77610fc86bdf3f73292,265ce0c15691918a1f618c728a5216fba60b7eb0c823ce62eaf1b95c43ccc30f,F,Data,2022,25-29 ans,Bourgogne-Franche-Comté,2800180,4.101,6.6
f7a172299ce67aafeec3faa266c1cf7281d5433d698f1192660fdcc4b723d86e,4525565bfc5f25935fef092a5f52a2153552d1ae1a7f1d7bddaf16846422be80,M,Data,2023,35-39 ans,Île-de-France,12507542,18.318,7.0
b7fae99aaabe71be9a06679e516fa44c1e79fd32fc0847251a282f3f062fdf7f,f659747aeee922fb666f8a27b270f2ee7d649f74b03594a6e5690903e65f7d13,M,Data,2024,20-24 ans,Hauts-de-France,5983840,8.764,9.0
15fd571756730bf48f56650bf93fc4ed419ac9ae29815055a3b394167301a1b1,05307fb192a6a97021c7062a1fc8db08853a61e1c64feb8957e11b4005772354,F,Data,2022,35-39 ans,Île-de-France,12507542,18.318,7.0
1a812303d9e32ae172857e1dff54336405ffe9f2a7fdb76da62bbb5c30740a76,ce3233a9fa8ce004d160763f9c975e6a75b93edd8332b9c0dca8c9c18b43d759,unknown,Data,2023,40-44 ans,Île-de-France,12507542,18.318,7.0
f0308de0b942c2381fd0246129dcfb740106e08912a339ede1539e0ea45130e7,366e93c22e7116a27a020f12bb63ac274cd48c382b198f56caa12f57196b12fe,M,Data,2025,25-29 ans,Île-de-France,12507542,18.318,7.0
90d99e421bff92eea89398ee7322da2230cdcf8881a0d387f1969daf8ac46365,c542d351541f0d255ff81a33fbbfcfad0f4f15501bb94bd91f003109bb98a08b,M,Data,2025,35-39 ans,Pays de la Loire,3926871,5.751,5.9
5945b1f19141732a08c56d4204e929025b886d3aea1dc016cbfc1216845b8835,c41faccae53de9570cef92c092408d1c0eb56e75541e9e3f0ff7ef71d32b2a7e,unknown,Data,2024,30-34 ans,Île-de-France,12507542,18.318,7.0
f78942b18e3d9769c487781fe39249a9912a0b3bfadefe2b6d67819a9bb71d0d,d823924af9f8005c1e79427e0460bd60e85e989abe6553e4ebcd9186560fa7bc,F,Data,2025,30-34 ans,Bretagne,3469711,5.082,6.0
8987a0c2fd9a0e42760b1592ed5a70239bf88f54d7f3ca4566c83b694ee6f566,976cad26edcb0055683cc60a0be03d3b25a5795982e36512be7e2545a3a5ba59,M,Data,2025,20-24 ans,Île-de-France,12507542,18.318,7.0
26751e2e28ea0388544d11593c28ff762fc7798802b6033bc039d80854eaef0b,bbba90bfb0a8a92e1055b5601b3109f818ebbc565d38b91be7e5215a639498b0,M,Data,2022,25-29 ans,Île-de-France,12507542,18.318,7.0
5c296e16086d181cc59336a896e5ea00ab43b77989fe0b0faf120fb10f91b8e2,b904e344d2da594af1575dc1de89dad5d6aad8cb68426f5dcaf45a62e2090788,M,Data,2025,30-34 ans,Centre-Val de Loire,2588006,3.79,6.9
3713f8cf07c63f5b34890e090998fbddebf29d3954527494e869268b48e92a74,530ec277f76d94332d0e5833a77d7cfa742a7afc10aecd0bd99a7e3878185041,F,Data,2022,30-34 ans,Grand Est,5557457,8.139,7.3
7be8ad048d305ffacaa16bda74661d088eaf77e0e236b135cefdf8e65b09ad6e,ca4700b80dbbddc49a2d9dd145bdc5d29aced4ff67259f7e663d2f583a09494d,F,Data,2024,35-39 ans,Île-de-France,12507542,18.318,7.0
aa8f1f107d3a25abcb280df728a127a737fa47535b998f77f3d66c5e605fe590,4af680d2ac025c5ee4959b4f253d54e999ec0c22680f6307c6831216e073595c,M,Data,2022,40-44 ans,Grand Est,5557457,8.139,7.3
33bdf09eb32e69d26cfed6628bc0828b9155e65ef66d94fdfd53c49ab982ffaf,59012d43b841695ae578f40dce6fd599ce9e6ceb8d5e3aaebc3a034293eea6c2,F,Data,2023,35-39 ans,Provence-Alpes-Côte d'Azur,5252362,7.692,7.9
9221e06c51b1a1d03352b25d828e2ca012765fc8e45a75b2b426b64baa7c0863,4108dedbe31b1e98f334995cc486cafa54ed00142ef9d95b315edb7566f93ecf,M,Data,2023,50-54 ans,Île-de-France,12507542,18.318,7.0
975ae3a4655f2f1dca8d26c99e933719d15454209633767e2441a8a37c6b9c42,702164db67cafa2fae540e2f0c5ff15fa9c3d603c61d7b51d0d809adc1db8c37,F,Data,2024,35-39 ans,Normandie,3348960,4.905,7.0
43222d4ce177988d395e25471c185718bd6f89eb7c55dc31144bb05d3f5ff2f9,5913045db3e8215b8d3dd8d830686f481f22fcbb43ae033f63e5cfa85bac238c,F,Data,2022,55-59 ans,Île-de-France,12507542,18.318,7.0
3f77984b9a6a512748399dc6b0e6a7d5c5647180698e75f2ae5d4914430f6583,fa3c91c57ea18ff8d96d8287189eb047d26b4b1a90d697b0d178625be47bc55f,unknown,Data,2022,50-54 ans,Pays de la Loire,3926871,5.751,5.9
bf8a71652088b370b0a039cad92fa786a55bf7b8620d97c12e8cadb9525e8fca,411c47289d3b4526ffe1a714f703d6acd8af2ea3997857d79eba59863080c43d,M,Data,2023,35-39 ans,Provence-Alpes-Côte d'Azur,5252362,7.692,7.9
feef5c93c3983b229a859b8afabcb6268c38067695b8c93ce72573e4d2528dce,999b31d315295837e378ec5b95bb4227a2d615f281ba35d3285ab950e1ea8cec,unknown,Data,2023,30-34 ans,Île-de-France,12507542,18.318,7.0
5dce533e3d8d5f8e490159382eb9bead8adb4642f3c1b0061c915234d2ce70c4,335e9ef9dafebfa923f49a1298ca5805de5cf8149f860fe3e31f54f7db8d12b5,unknown,Data,2022,35-39 ans,Grand Est,5557457,8.139,7.3
5d31ba06f1b325bb457fe7a92394b4888c8d8b74f4574bfe3a2559bfc404d8d1,3fb68a407dc06333fb34152156b18f601f6503c023f84ec901823379d72eb59a,M,Data,2022,35-39 ans,Auvergne-Rhône-Alpes,8238335,12.066,6.4
08d00ddfd298be7c8f4a7fe0b8a758947354285a81991b6142a1b3c227d420d7,7da361e05f3ad9b432f5a918dd982e302f44d27b477e69876a41efe8b21b2d4e,M,Data,2024,35-39 ans,Provence-Alpes-Côte d'Azur,5252362,7.692,7.9
829fcaa46152b8bd7fcd8dd4aebbef1d3a33b7cfa56aa3ed42012c0a6dc902c6,464f45968834fe1cbe4f2434b37285243066eb68a727729a7edeb11c63cbb81f,F,Data,2025,30-34 ans,Île-de-France,12507542,18.318,7.0
9e9403122fe983dd5cf05afb01b74c47f45b9ebc357d1f5deb4b255b5456c755,207aadf6cb97525bfd99295aed1367c27256fb6da2d33593586db403487f9c5f,unknown,Data,2025,45-49 ans,Occitanie,6165869,9.03,8.8
77c60893d4ccde95166f5907448690a257874a76318155e3fda64ede46391e73,dbee7d129914e0c00ef5214060af1cf9134ca2f82b42af4a3e90c3c3cfbbf66e,F,Data,2024,30-34 ans,Normandie,3348960,4.905,7.0
b22eb0d6931e94d71cda524bead4b9a5aea82f2a544ba98452e609c962c5af02,e4ed0722cf99e4a0afafe1cd86b34436a2f71675590d2eb1cc8cd4623fc43f42,M,Data,2022,60 ans ou plus,Île-de-France,12507542,18.318,7.0
0014d384b58f195841eccd6dd097da1cf36f4e39320162bea0683ff1fd7b8001,18c299c851d4232511f81da46271d3bc4c54f49f44d1390e074534f73605c873,M,Data,2023,35-39 ans,Pays de la Loire,3926871,5.751,5.9
00c0393a98d7086433942438b1d248a0c45d13e9e5380751d121fe5e6af9ba8b,a920ef3a7273dd80b272bcd82719f5be4c6ba0bdc659aae7f7f8075fff010cb3,M,Data,2024,25-29 ans,Île-de-France,12507542,18.318,7.0
29a504377f1811e794ea0e1c8c1cc582cbf43e853213fe06a3c54a6b9746333c,600cb4766eb12cd7e2608074a77ed918f80052f7630604c570de04875ef97c44,unknown,Data,2022,25-29 ans,Île-de-France,12507542,18.318,7.0
386892dcacaf509397a3dbf4a342f3908d9b929ecf67c24b5dd4d3ea453ac533,92e636d04a0ace23b4abb531157d95e1626ace797dfc8e0709d52bd95d78adf7,unknown,Data,2023,35-39 ans,Grand Est,5557457,8.139,7.3
f1d8f182fa6bd7d57153599e7b4d2019379a71efb315e788499fe33c4ea90ff8,01cabbaa7093c167c5e659090d24b390d0b7b8188464441aa61a22c596baefb2,M,Data,2022,35-39 ans,Provence-Alpes-Côte d'Azur,5252362,7.692,7.9
c5c4648b70673e2fbccec0df9dc2e830c13970bb73bb00246a9738aa1e624214,d782039147ab2fce338af0df31fd5e8f6467dcb816f39db4a3dc42b9e819ed0c,unknown,Data,2022,40-44 ans,Provence-Alpes-Côte d'Azur,5252362,7.692,7.9
dbc3a7b25dc01802824fb1c4f2611ab3a0294e66baea315503a3c5338da7e398,09809fdabaaeea24f056012bbd667ce42b53698d0bc7fda6ec3a5ed39a27030b,unknown,Data,2022,35-39 ans,Auvergne-Rhône-Alpes,8238335,12.066,6.4
f5bdc6f746e964e4cba581e30e5bb7670ec07b4e69a981b829064dc150ed0e78,d817838a2e99f47a080b5882768422a983df96454544ccd8e4d130e4a4adf3c5,unknown,Data,2023,30-34 ans,Provence-Alpes-Côte d'Azur,5252362,7.692,7.9
3f45fec67ce60835bf9a7bbdb5bad2bb4a818cdf4e53f0eb295563303a5472c2,2c8487d51ec98b9af38cc94edd1c46259cfbd554c28d7d162b9c9a8a7b8ee920,M,Data,2025,30-34 ans,Auvergne-Rhône-Alpes,8238335,12.066,6.4
c33521c11ddef9817421a3d4b4de307d911a45c58b9eb5581fe67f0c3b52bb65,b4e21951f222ce06905a47e2cf3d47f87aabc0e50109266ecc3f21937ab03550,M,Data,2025,35-39 ans,Île-de-France,12507542,18.318,7.0
1539dbdb362e1e717378fd2af4a80b41ca413ebc651e0ddb72a15daafad138b2,c4318b7da82ef81746d8fec42cebb10d82c7145743aa4c6d21bfa694204456da,unknown,Data,2023,25-29 ans,Occitanie,6165869,9.03,8.8
294f1384dddef4a505b19c66d1e9032a7371e79bf64cbdca440fbed28719f054,fe9fb302c52efddbbc2a070d94a0210d83f53b3adea3568ac377d07f9f814f5a,M,Data,2025,40-44 ans,Grand Est,5557457,8.139,7.3
eaeb87ddf6f2fe3950d27d036701bd0a2742b38435dd58ab1f8c96248ec9ffe5,5c4513e567e44e255eb3d973b7d59fd3a02cfcd8b73cd2c39c53166400d9465d,F,Data,2022,30-34 ans,Auvergne-Rhône-Alpes,8238335,12.066,6.4
ed64f21e3b1a771f04cd5fa17d60dd5ee367decfd68a4ba664deff4ff5e93fca,f7ba7e424038c53b85812dba4dbf11b0f6ad57fdfac8020fbdf35b71466799f2,M,Data,2025,25-29 ans,Centre-Val de Loire,2588006,3.79,6.9
128134398356bc7f2476c58e9e5af06ae3369db5719d822cd798979159db4d5f,64da44c7a81d779bc025b46a2bf63dda6f93eaa91661898521b3d56f71e326d0,unknown,Data,2022,35-39 ans,Provence-Alpes-Côte d'Azur,5252362,7.692,7.9
58ad63428bd5bac3d9cd1dd1bb8ee45f2e5b10d634b5e3006f86db5006407d9f,e64dcb1ace4b077fd6e1e2c2cedf38468f4a24090f1ddd7a70b851d6652ea5b4,unknown,Data,2023,55-59 ans,Île-de-France,12507542,18.318,7.0
8b39f926cd172d6c318f71f5a43dae421b87060fb0e35a9f5f21017906f857a7,be40cc5d7f3f1d7231ba411b38c04ce3274693af6996b1c152ba6840db604e6b,F,Data,2024,45-49 ans,Normandie,3348960,4.905,7.0
c29ce16e3218832733447119e13e94ac034c24bd1bed39c3cff4ea520bb8b4fd,c3f69a14d36f59fdb9a2c95777485ea87aaa39544eab4240c9c6d377ebf7d7d2,F,Data,2024,25-29 ans,Île-de-France,12507542,18.318,7.0
1f5ab6f3b2ac109b7133ac2a14038cdcd4b300c6b1c9c9f850005888ab29ea48,db7a446a4afeec522a500ee20c895889cd71914bbd7f9a1dbd0f5dc8a5923b3e,unknown,Data,2022,25-29 ans,Île-de-France,12507542,18.318,7.0
a2bbf13c1f52fd05258658613c67ee400d5d6a86e26cd9906338b333fd62dca6,d7a949e8b8b3de8132188bdd1fe21f69721fcc3dc053c9f0a071f4bc5033d4cb,unknown,Data,2022,35-39 ans,Grand Est,5557457,8.139,7.3
4ef5fabaa3f538a71a8fd0bf42a4a987f97c1d598ca9e04e91cc05eb80a2b82a,01d22484939d12f2e936bd3d4ddf0743884124bd90d6f6f0f518a91095ca5975,M,Data,2024,35-39 ans,Grand Est,5557457,8.139,7.3
c9a42ce5ce96d058c8574847a800e1c56b3ecb2cdf80529789edce67da36ba43,4046db81e82097cf63e95e4ccf25dbf66991b689e7eb784a12348d85ce1ccab7,F,Data,2025,25-29 ans,Île-de-France,12507542,18.318,7.0
8907ad4fb6b8bdc6e9ea139024a76357db73f3f78725cce44e847a46fa7a1058,0c46675d542c3b293ccd18bbc8438ae1def105ec9a228fe1358736a1bd76658e,M,Data,2025,60 ans ou plus,Auvergne-Rhône-Alpes,8238335,12.066,6.4
ba49733a15e2c44e1a33678881116a09bff010055adbf906fd120b8ccc55f246,35b09ef9f88cef04eade5f344534b7b35e679a4bcb38f383d9063f9f7ba32b49,unknown,Data,2022,50-54 ans,Île-de-France,12507542,18.318,7.0
48bad4e3112228bfd4ade8bd8805e211172eb8cca1a7079e90b80209bba5a0a6,02537dd9869d9dcbf98f6d6b9d1a683b6e61e824901eda28019591facb6288ea,M,Data,2023,25-29 ans,Normandie,3348960,4.905,7.0
c6d08aa3523ccc981106465f64dc1e5f36ffcf48fc47f896f4837fa1e0f848c1,f092803019d5198a2f46f34a17b8e28811a9d3b4ac565951a05d4f389b8f47ec,M,Data,2025,35-39 ans,Île-de-France,12507542,18.318,7.0
6be15e1f1d163758c3ed711755828afdbc5de73435544f09455e588aceee0b55,634b29aabe23627a030616d431ceb171f667aa08dbeeb6986ec4271a9a5b7f2e,M,Data,2022,60 ans ou plus,Hauts-de-France,5983840,8.764,9.0
4d110fb66907e7b79ed5c825016322fa4e173ebdebf98fb4f6b1a6010beb9fe8,77bd51fc3868d4b33e833210ff4aac4cb488434162bc89237ce255da10f6304c,M,Data,2024,35-39 ans,Île-de-France,12507542,18.318,7.0
534265a06348d0c75192df5b17d0989300e4b88970608dadc3177f51427cc23a,b8e074d4e4716c50f2939740a96281e329daaef7fa1016e8d0270117b64812d3,F,Data,2023,55-59 ans,Pays de la Loire,3926871,5.751,5.9
130ec49c82c7a3e8e8164b80fb4736e55de97d255fffdf59c50cfbc97deeed4d,23abcc23bb003218a188e30673949e207bc3f1da87950103b601010ee025fe03,M,Data,2023,55-59 ans,Grand Est,5557457,8.139,7.3
f92e68da89c99824d0f1c7d6ced29f6af33e85e1dd109aa895f43d8c7bfbf1f0,383405567abbd8dbe87792a8aed9a2e97891f4798323b589d266b89aacc57376,F,Data,2022,30-34 ans,Occitanie,6165869,9.03,8.8
c39dfe7c3d20b84df3852555773b701d7d14e2b0fea850045eb1a2ce11c7e190,6e3d422f371a5cc4022b1c151c985d5b149a29a7c171d0e3df8b5781d4f15cc5,M,Data,2024,30-34 ans,Auvergne-Rhône-Alpes,8238335,12.066,6.4
aec3e6b8812f2cddc5dc0ffd0b349ceef736e55bb5133fab22381f55afc533eb,292c9c879cfc64c2259c347d7e7770eec8f0a114616c74d8dea8f604b1b48dae,F,Data,2022,30-34 ans,Bretagne,3469711,5.082,6.0
9395dc7f5dae03966814f52e32cdc078ad06788dc89717a608c0cc7077f93910,037594a0f8f3c37110285ed0823acecc94eddc09ff8b669855ed935c6ee3fd21,unknown,Data,2022,35-39 ans,Île-de-France,12507542,18.318,7.0
9d09a5a049aaac795cd6085d58d78bd5b6db6d43157cc5abc4535e47765893ec,bdc02eff6aee36b47af912daa44a00ec6eb82d5b81ca1d2bfb2737b710c48765,M,Data,2025,20-24 ans,Île-de-France,12507542,18.318,7.0
d320555bc8746b1ef29654f8dca65d7c1a41a8d3208d1aad0498664938bd4808,aa27bc77dd483469dc32ed14bbd782477450501afa31bd972c6b4f0f81cc1e8c,unknown,Data,2022,35-39 ans,Île-de-France,12507542,18.318,7.0
54d75448037a843521f4f5dfcaeef936d1f1bf262910c587d5fd10ba7a2ac09c,8445e7d506672d45610b0f24daaea8845733c0ead5ba9b2430c12054b074c1ae,unknown,Data,2023,35-39 ans,Île-de-France,12507542,18.318,7.0
dd3d4b7dcc32db94b44fd1cbd18ac0caf67c3d24d6cbaef28bd99fb3aab5fb46,189604acd2e4e56e9eb80f92cfcb68c53f548cadce574f47dd0814d2c3539597,M,Data,2024,40-44 ans,Île-de-France,12507542,18.318,7.0
3c8a067a2ed42d182bac0addfda628c2349e71bc9a86ec87402c63c7285062e9,bf62aa33cd9ecede6623e8b2f6d034a2667d609fca6b8d1770a2d54d26e77ca9,F,Data,2024,20-24 ans,Nouvelle-Aquitaine,6181885,9.054,6.6
46ccc51f6920f9dca8a3e2c5d4803c6c32670b5c29fa20036f1ffb9a0e72b4ea,52a2e3bef1ef61b2199fcefc25cd8de395425903b5a091cc08be66f0a8700946,M,Data,2024,45-49 ans,Hauts-de-France,5983840,8.764,9.0
d9e030af7b4e1406cc93841ff74985afb44b7e3f88dae26876c471cb6d554940,0e3730d824ca523a82daf9ab8cb736b50e822085aadf84b14b9d1d63b16a19e6,unknown,Data,2022,40-44 ans,Nouvelle-Aquitaine,6181885,9.054,6.6
95138f9c83a97b4701d7c028cebe31201347ac2f73b37d9f4cc2638f981a2373,294386e3ff11adb18b794373033bd59e49289a78d1c4c0607684b4f2ef41f74d,M,Data,2024,25-29 ans,Île-de-France,12507542,18.318,7.0
b64c65cba5ee1a083e8d62edc6a7d1a3ee52477f175b81c883e098c1fb6d39fa,69fb230f1a1d0a7bc2e8d71a9cd4f933a3b5cee8c1554f23659a70ebf777d04c,unknown,Data,2022,55-59 ans,Occitanie,6165869,9.03,8.8
d107276b80d613143bda19d06b1bfe6f19ea57bda3232b5bf32547b2be01a5e8,f3d0a2787e20b6a8de298d37dbc44ec1f9c0af04260cb292179dc41cfef13652,M,Data,2025,35-39 ans,Île-de-France,12507542,18.318,7.0
e8055f2e48834b32252c5b00eb18f3349557fa21afdd955f15c0fe68ce6405f6,ca77e3e37e8ee26c57644dafdb4f27d356eb6ba73b98048d57d7a0e9750cbc44,M,Data,2023,35-39 ans,Pays de la Loire,3926871,5.751,5.9
161b24b689ecb57b27ecbef84be6d23bfa42f11122d330b00ccb079b666cb361,178f97fdebc47033e73580a72464ffb6f4cba458394325e220384371368611f2,M,Data,2025,30-34 ans,Auvergne-Rhône-Alpes,8238335,12.066,6.4
26e8b258acb4de10a363f6b06a022a62023a8405e4f9e34b34dcd3c45436a3eb,c6e7e0240244df5153f4657bac522c3f5ce41c213f648d7708126f92ba6099b2,F,Data,2025,45-49 ans,Île-de-France,12507542,18.318,7.0
bf3cb255c40219c99fac3d5cc12b0b361383a847405fdbac49d4395276b0aa5e,2065b3a274c50be3ad7e403264a2ec5c3eec0471aaf4c4542b5818fc117e6521,unknown,Data,2022,50-54 ans,Auvergne-Rhône-Alpes,8238335,12.066,6.4
d29b394c2697d427647eda192bb9147418a8ff442c0517e5435d2dccbc77c783,25b8725ad965d8be4483beb4c98fd5cf9f98ce7376335d38eee1675a0cca5be1,M,Data,2024,50-54 ans,Hauts-de-France,5983840,8.764,9.0
ca0f664eb7997c5e880afd5f54b7733505d6497c7c0e35f63e4d3e27566449c0,4d494347af83672753297d498ba8189fc8230abac45f5c53cd63e69249afa669,unknown,Data,2022,50-54 ans,Île-de-France,12507542,18.318,7.0
6e76c6cd9aa96f0ecd324c2ad0398d0a56a7602492abd6a654e644a947d4277b,e8c5682ce9807cb73d3676f70c6a0a65b44d9bfbb52dc25bd77bb63122cd14d3,M,Data,2025,35-39 ans,Provence-Alpes-Côte d'Azur,5252362,7.692,7.9
6577e8847c9b14311bd35263910eb2862f281e7f0a4c83ef218d7739d3f78723,a2894d055d779ed9ff7fe8e7323b8f309495b697189beca8d7f73f2c231e98b5,M,Data,2025,20-24 ans,Bourgogne-Franche-Comté,2800180,4.101,6.6
89e303dceabfc81eee1ca11f9cc240ff13422a0034bef51f161d234205252f42,b784fd4743a4aa7e464d7c044945c6d3cb55979357bb460e18de923c5b9087aa,F,Data,2023,45-49 ans,Île-de-France,12507542,18.318,7.0
9ce435d85e94ad638f3ad40713b8b664e8929c5af9a9cd663ad21248dfc11ad6,816e1c091aa9589926c32f72ff4812bc39d1b4f0d1d0dfdedafb5f8dc3dff7c8,M,Data,2025,20-24 ans,Hauts-de-France,5983840,8.764,9.0
1fcf68dd12eec91effd23330afb29809ca5838853d66c658879f168c9ce82939,05fb90f0cddd70fef872ac5fd0b57db7ef05235a48dad586e6ebf83c16ce839d,M,Data,2024,25-29 ans,Occitanie,6165869,9.03,8.8
c6f7d4bc35affdcd3564bbefb014159a9dc0067e5a11e356b5f101d37df83d13,66baf45cf478f504944c6eae185e229709e9b2533319d967f525f3cde7d9fd52,F,Data,2024,25-29 ans,Île-de-France,12507542,18.318,7.0
36d70bc0a629717944c328ddee076f161fa198cea64022d3e41beb099800a255,bc86ee61b2df2387e1e4b4ad1ece32257fb3ff894195dd4b4c186fcb73799206,M,Data,2025,20-24 ans,Bourgogne-Franche-Comté,2800180,4.101,6.6
eb48d0fdd0ed9bb5c55724cebc0f64422347453c96fe2c858a0deae839a3755b,63dcf8c297bcbaca2ddcd79486833903bf79aa014c840f27748b73e889ef5209,M,Data,2024,20-24 ans,Grand Est,5557457,8.139,7.3
24eb5a247badac53820110580bd1f0677f35956f3591a46c23ca5318d20c67b2,68ba5ffc92ab2994a66d3ba8f5d304cd163c3cdfb5ad96d17aea0287a4070d56,M,Data,2023,35-39 ans,Île-de-France,12507542,18.318,7.0
b27ba08e01a8a3f8b08136759e009b97b2f1428060191edb9c9cd5512b2db4ec,a4633e4406199443f66aacd89a0b429ee432b11316ade214c2c8e63200369ebd,M,Data,2025,25-29 ans,Île-de-France,12507542,18.318,7.0
174248910138074a6d78cfb49db2c87d8fc4165ab3901a443123238cb28573a0,e999e92d16ab4cd737fd00d2b693dfe784794be5e93b59a8022edb566a07ed77,F,Data,2022,40-44 ans,Île-de-France,12507542,18.318,7.0
6153fda3a7dd7c07059d2f810abf9341202290876c9bb3b9a75b25a6e7671af0,0d7acde4bf471b53477c16a024363dd2e62b06f4860ffd1a4d7114f03a2aa4ee,M,Data,2025,35-39 ans,Centre-Val de Loire,2588006,3.79,6.9
1981e5770f540b7de45b2773b06d76413464e09d9b88b499ff504390fc9e516f,555d191eec78f3d40995c894cf227fe49def1ed0fd3d0330407c53c0ec67fa9f,F,Data,2023,40-44 ans,Île-de-France,12507542,18.318,7.0
e61777350bffc74505a618199db970f5641cb27ac7174c8a41edbfefe463c535,ec6f22b420a1cf86d2735e6be8e916c402d1605eeae44a7392868a4ba64d5d3d,unknown,Data,2024,40-44 ans,Île-de-France,12507542,18.318,7.0
2e844f2de6ff2107cd37caf77d239f70539fd0da913c8cb6e59358556b0760f7,6222ddb3fedbf7d2b26a8cfba740c7c2be5560be4a54d5a15f0c402d7bdac198,F,Data,2025,30-34 ans,Île-de-France,12507542,18.318,7.0
05bcae2e04401995fa62c1f96696da10e7cb403cd711107839fc7c6ce2967bc2,2e358f28c1907359d1f95194832896abf2c1e77e9b0bffa51e5506c562b4fa04,F,Data,2024,25-29 ans,Pays de la Loire,3926871,5.751,5.9
b870ec5b1eb863f979c766a6f88728b34cef638846a6ce68767f690f679c9d1b,2f2c38780841942f4158a50337baf6a7691aa17054a44b7febb5012f18d95cb2,M,Data,2022,30-34 ans,Occitanie,6165869,9.03,8.8
ee1b1b181b972ce32696d2033dfc2519aed805d1cdf1130f4cbf3ef041229779,c5e240bf6a5b654d02b0793e2b6812c5c581f3ce13dd808f09dbdffc3279361f,M,Data,2022,35-39 ans,Centre-Val de Loire,2588006,3.79,6.9
1cfec91981368fabdef5a2e24f1cf9265e77766954b1b89a3aae57d9dc684e27,da998eb6bb956c178cd74e4cd5daf273237dfc1f9529677cce993a1c64b84a6f,unknown,Data,2023,30-34 ans,Île-de-France,12507542,18.318,7.0
c1cbb15788a9f3a3823fea02e436cf91b4b788c7dc63ff3766d236f8ab70511c,775d481c3be2ebfa18aae3107ceaa18a7a626a9378750b88879838e8f9fc5813,M,Data,2023,30-34 ans,Grand Est,5557457,8.139,7.3
a3e8858c79fbfe65b94c6eb593f66942e1c3f8ba44b35b134032d6087623b00b,e3be0c9a4353003692336f8a8befb5cafb1760eda08b1723f64934381e48afad,M,Data,2024,35-39 ans,Centre-Val de Loire,2588006,3.79,6.9
28dc1523fd088ab6203f685c42e6e669caaab66e88293d6a82ce291399858aaa,a96e1af57901a461acd58b4155c46ae1860294d36a108df942137ff695b19106,M,Data,2024,25-29 ans,Provence-Alpes-Côte d'Azur,5252362,7.692,7.9
12d2f70ca4410c2ee90c78417bea9c5af38f7b022068a8919374a55aeda27f49,3e585ff8d88fe6816e958339b09b46a235c0a3e9af79170da36a84dee0a4ecfc,unknown,Data,2024,30-34 ans,Hauts-de-France,5983840,8.764,9.0
b6253cce7f2e843f17b56ffc10c0c8d54b00bee0851d2cab54a643cd76b491e3,11fe16b8be6e1f877fa95a9b9c5e1d171b1f5aae471c14f563f9f38b62360355,F,Data,2023,40-44 ans,Île-de-France,12507542,18.318,7.0
8e63254ca5848411c8cace50830ebb841b34361b8a8ce071d877c63c60e00b78,a1be3810fbd1520c7a65204b992e5cfdf117b93234a48f1fa50b768f48c03eca,M,Data,2022,25-29 ans,Bretagne,3469711,5.082,6.0
d2afc8b74b9bb453e0d63a457dcb7352d0ac9abc3789d2aa08c06cd98423496e,ef973e415d2ee0ab8ac93fb9f74b6e7b388c90e65c1e913a0b49491027329bd2,F,Data,2022,40-44 ans,Grand Est,5557457,8.139,7.3
88bd1e6e5e49fb7e08da2d02f7b904e3f9024d683b45e5a1e7959522e73a4ce5,1625afb5de5280d0599b4725fd8d34ea15ee441f0480e275579b419a4445ef7a,M,Data,2025,20-24 ans,Île-de-France,12507542,18.318,7.0
1267f7ce79f35ec5cfa06c2ced7b427be0c51e0c056f7c903ac169f806a46ba9,b90d226e0502c5e4491985ef403ea3f3f87a4b5bcae4c9e788e54f2b317cab7e,M,Data,2023,35-39 ans,Île-de-France,12507542,18.318,7.0
12e4fcb45a07dd07d6c57e26e636a4ad661bfc24fafb6406da7506d898bf749f,307603530618fbf7d2becad98e8ec1ee7b3ecb26fbf1e70fd98f393d3f14d864,F,Data,2024,30-34 ans,Pays de la Loire,3926871,5.751,5.9
d4c20cf71bdc8b30be22c3a68ffb98bd481459e69f2d2cdb496ed57a5265f048,0c53be0c1d80c2effb5f7a83c6378a85e62086f98a001f1a6704a49875391b98,M,Data,2025,40-44 ans,Auvergne-Rhône-Alpes,8238335,12.066,6.4
6f97d33d259fd6b4f49fbe5e454bfbae3439d6e67a844796a67022fc5ddd8ae4,ccae872574985747b9d0c38013521f7b7e84c639bc5c794fbea2a6ec2b321de2,M,Data,2022,25-29 ans,Île-de-France,12507542,18.318,7.0
e586b92569dcae294279398e8c8076958cc8e60efe8e08ae86432390a2c96de3,379edf8a41c6a2537497eb3f6164bea5fb5592730838f99506492ffee25c3623,F,Data,2023,30-34 ans,Île-de-France,12507542,18.318,7.0
f0ac3e76fe49eae357859ff812575cdde8dfc60f1ee56e4a1e24df404d5b6976,37b8c93e3c2c418d106c69127bba2702b5df6fe67710523d787b8d8067515ae1,F,Data,2022,40-44 ans,Provence-Alpes-Côte d'Azur,5252362,7.692,7.9
8216552cd4aab2f565b36b17abd70790f960b31e281e55547725d345cc352f58,a7444ff6cce5252d83987931dc52ba8e4f284cb698cce1f35f278eeb14f2524b,F,Data,2024,35-39 ans,Île-de-France,12507542,18.318,7.0
be62050232e1eb1a4fdd2dd308a17f2c7a8cf946717a445ebc77f940ee4edc65,23d21471500d88fb36e74322fb761b9b5b1adf034cca0d4e22e7065ce804e35b,unknown,Data,2024,35-39 ans,Auvergne-Rhône-Alpes,8238335,12.066,6.4
d0ad0f5146a3a77159388cef6b7c99010066a302b657508b81ca3c651d0dfe47,32855f87794bd48d7389b226fcc01978845ced62bdeb72132805886e83d99672,F,Data,2024,40-44 ans,Pays de la Loire,3926871,5.751,5.9
ee8581c832d1863c43ddba03b707d5ef37cd5d40e9602e968f2b69a6faaa3204,6d34fc196bca73ac47df87bf5c767276000c1f343abaaf6db5de501386d17ecc,F,Data,2022,35-39 ans,Île-de-France,12507542,18.318,7.0
8cd0a207ad5002d3051fa8a921c66009f90b69133afd7c24c2af25e8ae505d55,53afc2276ef258398dd804a250e5a61a85c4776e6d75ce2ca2e8e52a75fc4035,M,Data,2022,30-34 ans,Bretagne,3469711,5.082,6.0
578992127a52292a8afb9aabf946a22fc1bbfac35af3154d0428b91e73570f8e,2dd91d2674357884275018f09ef29f26689328e448f7753679680eacdab58e35,M,Data,2025,25-29 ans,Auvergne-Rhône-Alpes,8238335,12.066,6.4
d9322ad735fa3c39881739af3118b736fee83a412841e86092d1fcef18710a5f,84f18e88a21c1ba8039866108566248037a8701645422f0c01c721437c931cb1,F,Data,2023,30-34 ans,Nouvelle-Aquitaine,6181885,9.054,6.6
388cb211001d5d0e6ad7777f104a75d3958efe7db5e4ef652e020e07844d95ab,f1dad3e0a7097035c6cd406791e31440eee59b2afba32cb90c8d27e2dc9c7fd2,M,Data,2023,40-44 ans,Nouvelle-Aquitaine,6181885,9.054,6.6
8b39f926cd172d6c318f71f5a43dae421b87060fb0e35a9f5f21017906f857a7,12f0ec3a090005db4eee37a86e64ccf7d149c78e760302ed01d5753c06b7dd1e,F,Data,2023,45-49 ans,Normandie,3348960,4.905,7.0
22eede85e4f64a8de40f690e5b6155470358ebd45d9d9a3e8b2a8c26ff5856ef,3e82eb94fea927ae79617fa160fc4ce094127996cd731570cb5be1474a440c68,M,Data,2023,30-34 ans,Île-de-France,12507542,18.318,7.0
1f60dec8e8ca9e9a98b6c88d79b081067dfb9364df5a948dc2b3790859c840c6,15b0f60688a830cb78a36723acfedf86f94d803033dd886c7260c1246ab9ddb3,unknown,Data,2022,45-49 ans,Île-de-France,12507542,18.318,7.0
0f20de4d175060eb1a8213bc03f3775794795fa9037686e7651764d983f8b079,7bce9ee9376362be660a5d36d63fcfe8d61774376b4e1eca6664d54b2b0f6d83,F,Data,2025,25-29 ans,Provence-Alpes-Côte d'Azur,5252362,7.692,7.9
4a300d08143c5d411a629c1b26140c591c1ad5c4751c2403a197f8a040880c05,dff8e44a575560a3a1457ba90e6ccaf1a34078bb3f76795f96a41d3a37f78454,M,Data,2024,30-34 ans,Centre-Val de Loire,2588006,3.79,6.9
3532ede040b314f976577065f855eda486f11c71c4a81cc7aa3a9360ce455fe6,b0a40aa61926cce709e4a5b3e0d459cfd9e8e6f709bf0da8bb8f8b4afaab7fae,unknown,Data,2023,25-29 ans,Auvergne-Rhône-Alpes,8238335,12.066,6.4
242561616570309fe250b6c2d7b7806c4e807b2f563b8a80f5f4f84ba7fb817b,9dd2837e5c2ad49e8d2267497204130838a16e6c1cc2d57e69db4c6607cf1f20,F,Data,2025,25-29 ans,Île-de-France,12507542,18.318,7.0
3e9f164fe7e54598018a9e79e6490fc016d323e0c5028b69982963edf9abe9ca,9141e66bc92027a198f8ee450d29b956cecf8faebda001f50043de7f39b2e8f1,unknown,Data,2022,30-34 ans,Auvergne-Rhône-Alpes,8238335,12.066,6.4
75d2009aa3b742e1eb6628ac1c0b376f1d6b86d3c0bc95bc8534e77dc4780614,f749b233958c9cdf034efca5dadfb5ed4e5c9ff0f1c924eb153604aab053e1a8,F,Data,2022,50-54 ans,Nouvelle-Aquitaine,6181885,9.054,6.6
adadfa7285ce1ce3c43cb8b4ff8d9a676554bae7feb501ebda5a806122e4204b,f9c1fed228392e105d608358e04ef398cd0f829d526ffdb3914572c5a78739c7,M,Data,2024,35-39 ans,Hauts-de-France,5983840,8.764,9.0
f756bcfc081ad6bc4a366c99cdcf3995e9c84c532fda76546dd09ff0e4f9b913,b0c4729fe979534436ddb00610a207ede58f7679830beb0318804c0c48223163,M,Data,2023,25-29 ans,Île-de-France,12507542,18.318,7.0
e0631a6ace0d07fdb4a95a17bccf8521fcff5146c88cf6efc10f6288f8953d16,bc94601f7cb9a07fff31c220ea17daa71406e2ff8915d74b6fa7edf2ea47f7c7,M,Data,2023,25-29 ans,Île-de-France,12507542,18.318,7.0
13165cd7fb44188a95c3d25456b417aeaf0e73827c0b855e5c51758d93330b0a,3fe879b8a28876f99560996f65b76429ae5b5b0df058f9c7047d007e0b8e9794,unknown,Data,2022,40-44 ans,Île-de-France,12507542,18.318,7.0
adcc256a7dac25fec7bd366a9c390b81d910a8c5fc137de2033036468cd35d47,cb7a78b21c1036007e162f92b5d0ea4a967007b09d69cd4cd5c07374720470c1,unknown,Data,2022,35-39 ans,Pays de la Loire,3926871,5.751,5.9
ccb77d2ae06a6045589655e8e62935279e573c7e85a5d249616393c4fdf91c24,9b01231a6239463efdb0142358bba0e66435b1d15a282eed09cdee83cf47df03,unknown,Data,2022,25-29 ans,Auvergne-Rhône-Alpes,8238335,12.066,6.4
49c86e5bd420aa8e3b835cda521bdaa7d2e77dc54d784e00e8010cff74520243,8dd781c8dfd037b451a038d7dd732f6695ebd754ebe6bac0809a2c6c12d86323,M,Data,2025,25-29 ans,Auvergne-Rhône-Alpes,8238335,12.066,6.4
58cb914813a18ed6c2fb0eb8aa1e0c712cabc7b03002f76d40831fa5221cda45,6e5a0c092dcfb5a67cf77fff28bb75f0a44ab8811fdd7c43dfea43acb416dee2,M,Data,2023,30-34 ans,Auvergne-Rhône-Alpes,8238335,12.066,6.4
4434b3eb3a99edc2ddf1102386e4703e5ded770529afbb62bb701f0e11f445cb,7a66b12b2526181f8d815f30817646df37fe949d83142ead64afee5c99fecb12,M,Data,2025,25-29 ans,Île-de-France,12507542,18.318,7.0
701b2fe0dc2b7faed497d029949f061297a182d67b82ce3c8b9e5d1e947158a9,3826f3c7bbc381e581a94a50b43a1bf1449aa0a6803301816eacf908e078aab5,M,Data,2022,30-34 ans,Provence-Alpes-Côte d'Azur,5252362,7.692,7.9
aa56cee07c6298de99f36be14f57976109a72ac9750c5f66b401ce648eaddb42,71197985ec918a5dbe6ddc68621765d8034fe152badcede417566a47f2eb758c,F,Data,2025,25-29 ans,Centre-Val de Loire,2588006,3.79,6.9
c3aaac3c14ca380a1616b2b07f270c0b849628c3cc13405c8e959262312c5e9b,ede1cfdecb299c45e1b51ffa2482c8da3958459359a0458805dc18cd6745ded0,M,Data,2023,25-29 ans,Bretagne,3469711,5.082,6.0
69e9bc7e32a84cb91c446611833beb5362fa77e92349720d5622e2750b52fcf8,e0400b27168b93d0062f3f31dcaf18d1fdf09435f0baf93a31e82b4fc4ad867f,F,Data,2023,30-34 ans,Île-de-France,12507542,18.318,7.0
ef1ce151d0e11630532ff9516b3cb0ea6c4a8d152616a7869bdd0cd3d7ea6b99,9a61b18158cf87b4473be175acb1476b7fe86801cf67621cccc5dc541f686c1b,M,Data,2025,30-34 ans,Hauts-de-France,5983840,8.764,9.0
e4f8a92e55f18d545e073505cb7e5a20128af852700548ebde22a7cb60856e40,eb2ad99c29e2bc14f7e05a228ad43814f4f3f301e04df7920a4e5ab8bc7da797,F,Data,2023,35-39 ans,Île-de-France,12507542,18.318,7.0
f47743a22cf067a3f0bdb8ca49f232376af291636c8edcfd07203345b64d81d8,4a0682ae4b1f78743436f5c7c886e7e2ec3332854a5a730744e13246d7dc045d,F,Data,2022,30-34 ans,Île-de-France,12507542,18.318,7.0
4ad11b7158226586c85632909a9d6a4736abae9ff552f74713ea18280299c2d0,f6549b6080c8e4b3f0abedb08ab217f2265bc0e18c580b23a219cf878833369c,unknown,Data,2022,40-44 ans,Île-de-France,12507542,18.318,7.0
9889664c0df4c27726ce076890c0eb0f579985a2ca3f39f619a11a8a00e47e7d,a6e3f882a8faac30c3245137a2f935e63108d7dea142df5ecc52b8edfb591143,unknown,Data,2022,40-44 ans,Île-de-France,12507542,18.318,7.0
ff2fbf1f395cce87a68defec050a610fe70f852c833765421382d1dc0cdde58c,78e26579ea6252daf9f456cb0e71ffc5d0c596c8dfe69a9039a163b29ef11c32,F,Data,2023,30-34 ans,Île-de-France,12507542,18.318,7.0
60b2c2db5fbbe989232de13dd46ada742d8a236d917492423a170274ae452892,0182a39e13e537c6e41ca46894abb788e843252c7cef6efed1bc4be956dec256,M,Data,2025,50-54 ans,Île-de-France,12507542,18.318,7.0
9d2f815a9472f39ed966c516a00b3c3e7ea04948dfc87883b3b6c94046d0e66e,2e9b24c481e9f99cc452b4a51aaea959b8d07c7ea3dfc21331fbd81889cfd7dd,unknown,Data,2023,30-34 ans,Nouvelle-Aquitaine,6181885,9.054,6.6
5306270336613d1a82e3d013979fa81a6de606b7baacf7a5dc350f830c567e0f,6b33cc4ea29f28da3d3c62db908b4d0070738420e615fa9a98f54fc762d541e0,M,Data,2022,30-34 ans,Île-de-France,12507542,18.318,7.0
c0e34463579b83147080f583f8449106cdaca691571dca319716d0bd4faf65a9,37b974fb0ba916659b72bf02906f9f4b085de09e888c3ae3059e5ed00998ba37,M,Data,2023,35-39 ans,Île-de-France,12507542,18.318,7.0
09bec60e268f80cf7674a16ab67956efe24af7ca6fd035d8c0629cab572f6b37,b86363c6c7c994ec05f2314b61221ab4c3d9adca2ed30de7dc94e70143c8c601,M,Data,2024,40-44 ans,Île-de-France,12507542,18.318,7.0
3e838cdcbebce5fe87cd3f2e2b6899c47c4ced15d59e5050d8a69b8e339ee0a6,0acdda83941c7e8e52a6cc0712c0023e446c7f6fed6fdd13e34484c1d7cc62a4,M,Data,2022,40-44 ans,Île-de-France,12507542,18.318,7.0
43d8a1e4b4dd7ec8cea675503663aed331928d13f2bb094b2a826c2ddf313080,3cd6d53b17a8133b49191375a27ab3056315674664f417d5ccaaa464d25d13b4,M,Data,2022,30-34 ans,Hauts-de-France,5983840,8.764,9.0
667a1be2a794cb761949a41a6f5f2c2a2ebb328d203cc4b665b01c91b7b6a881,b45d7135b9371bdcc0523550ee81abacac61207a45cf1194aab96b3bf5f537f7,unknown,Data,2022,30-34 ans,Pays de la Loire,3926871,5.751,5.9
e22e5174fd37c0df8d0cb4d12cd47f1e2ba8be96c1f0dc281649a576c7eacb98,6eb6e4dead2102de6297376d5216ce97ed674b92e5a543d6adda8b8344cd14d5,unknown,Data,2023,40-44 ans,Auvergne-Rhône-Alpes,8238335,12.066,6.4
e61777350bffc74505a618199db970f5641cb27ac7174c8a41edbfefe463c535,5e933945436a7efe85fd687a6b3a6e724ee12a9586a12ba3a1fdc34a91075835,unknown,Data,2022,40-44 ans,Île-de-France,12507542,18.318,7.0
6f1ea1448fddb76e2c3ac71ac4d8771d4fd49d4be7e99c9fece2868c8cd0557a,94278ad83e16871bbbed93b28cd150e12238a7f112839e9373128f64401744ac,M,Data,2025,30-34 ans,Auvergne-Rhône-Alpes,8238335,12.066,6.4
d069b3b30cdebf8f84695b3c9d0aa8b36e44eb741956e6636138c4f0f2bd5eec,8b60c22a607948f1c6191c7241f63e144dc6a607feb6b408a0dd6a158795af81,unknown,Data,2023,25-29 ans,Île-de-France,12507542,18.318,7.0
958082f185ebe35814b33b29449c0683881063d15ba891ae1b095b3466757ade,6288d830af7ceb1670b04b820dba28dcc0fa54e2a646c58da8acd3c3681ccdbc,M,Data,2022,45-49 ans,Auvergne-Rhône-Alpes,8238335,12.066,6.4
0188752b876291302d97b17d7dd74eab6859bcd940196b461fc35981ada19241,9e29d699a8dd0e3152e82a75e76506861841819e180bb7d95534a7e688454b13,unknown,Data,2022,25-29 ans,Centre-Val de Loire,2588006,3.79,6.9
eae0a786faa48a13f1d23be6fb267de7dda61287844e3633f4d782f35e31e03d,d79140932e913d04b68d3ee162fea00b24ed919ca853040029cd6f462599ff5a,unknown,Data,2022,35-39 ans,Île-de-France,12507542,18.318,7.0
6fb8ac63e355f1e38a95fb606a6eed05854357252af0efd616bca569fac0015c,5f23e471b719f194162b4af99c705edf2d6fd113a579598efcb60811ae46d492,unknown,Data,2022,30-34 ans,Nouvelle-Aquitaine,6181885,9.054,6.6
f67297332bd2436436bc90eaf4d588b3e4e46ffe427a4ac5fd2835ac9f6a9423,392d9cbc945d1b91cafff472022ee2059a5ee4db8e3454575c1d4f818221de75,unknown,Data,2022,30-34 ans,Nouvelle-Aquitaine,6181885,9.054,6.6
9763a95e233528e15b2ea0065ac351775417703a501e935714041d604ff5340b,e756bb7b5e513a224da698b9d3b5c9466ee6a824ee840571e183a303f514983c,unknown,Data,2022,30-34 ans,Île-de-France,12507542,18.318,7.0
92c7a88c6e77e0ff13daae078021085491db6d8d37c5da2425cf96269a87872e,877e8d50d7060097ce228b9ed2bed43d8ed795760fc437c2a4cc6b07762bfbd2,unknown,Data,2022,50-54 ans,Occitanie,6165869,9.03,8.8
f9468575d9f39b1db2d5915bce136bae17643da053f5cd093df51c0a807b47db,8c511d1fd46ca7e339cfabae618c6569a421086d56e71c36bc3a1192b0972ce2,M,Data,2025,20-24 ans,Île-de-France,12507542,18.318,7.0
22d760486743dec80c5924b244151a28e8471399f7e1709e1d9fbfb493e57db8,2ea7a0fd7c082f9f6353d2d92b34a955bc36752640d65c056efdd42cac72fbc7,unknown,Data,2022,30-34 ans,Île-de-France,12507542,18.318,7.0
a162bdb76d6685823301477997194b929c7b39d39cfc0ceb98f7c375d31a90bc,b6ed25ff4701e2ee001ffc5beb77b8c10dbdff45aa0f70c6748ce5ed4fa873c0,unknown,Data,2022,25-29 ans,Bretagne,3469711,5.082,6.0
cd59ae6725647563d8aa882c8696da83347d4416a6c1f1f53a29d48d379de8fb,d73366aac0f4e5bd6afba2487cb64ef2837ec5ebeab30943ae75e5635eb1d354,M,Data,2024,30-34 ans,Île-de-France,12507542,18.318,7.0
973e87ed90259bb9b7524187a2abf862994768a5c802869aad692e04d441779e,70cf372df69cd70ba19246776d0df70bc0213dfaa017fef3d44cf44900d329e6,unknown,Data,2024,30-34 ans,Île-de-France,12507542,18.318,7.0
25cdf5c522d17ce8442e69570c7a5bd60daf709b63e7ab025f69c21e810a13d8,9eaaac789eb559ffc2b4ee8151e4d6b06a07c1321f0cb4466b20a56ffffe4af2,F,Data,2025,30-34 ans,Grand Est,5557457,8.139,7.3
18d01910f1b92cd6e366902eb505f61f2eb33301ab8c560ccdb2be3b89d2a48a,ee19b88ffba1f87490c22a893cc3185b700c7d48dbd6b275a4ce35aeb683a209,M,Data,2025,30-34 ans,Bretagne,3469711,5.082,6.0
bde9847f44fb504c47b8a80d1823bd350906e68f609fd78b4d49670a24a329dc,a3ed2c52fd9578e81769e2ed3fdd2cb4cd084539ed6e745a3db9a79afcb711bf,F,Data,2023,45-49 ans,Pays de la Loire,3926871,5.751,5.9
ef75be5ca944f4fc8b99ad0a4d4f74af7c127e82d0c9fd6611381aa4b36009aa,c61e682bff90d06406787fb34ab2ed9046cc1096eaba862a701eef36fa412d84,M,Data,2023,30-34 ans,Île-de-France,12507542,18.318,7.0
2e5ef609d4a558608d7e2e9601ae2c45563e76b0ec14966e240d1fb3d2dfcc48,1a7ff9ef75ccf8cf07d044cb97c42cabab5640cf33e784a78d5252c0f9c6882c,M,Data,2024,25-29 ans,Auvergne-Rhône-Alpes,8238335,12.066,6.4
9bc3b388639801e8439b6ee7dbfa8987144152576c5952c401f181117a97e60f,07fbdaa922b525302daa55e2a8a07bb8b8227088c3e355ca55a7c2e05ac936b8,unknown,Data,2022,30-34 ans,Bretagne,3469711,5.082,6.0
22724f5eb18010a5fa85691bbe411aaf3661c629a6dbf8a54aa307253b26812a,1bd764babfbab23fa652f5688ea93869b6fde888975d757306e525426efab545,unknown,Data,2023,25-29 ans,Île-de-France,12507542,18.318,7.0
e77f5069f124039e43d89c18f93dcd055645efe9ce952016729aa73b27f6e4d5,1b069086cfe1a59685672f744ca2c39eedad7883ddd7ebae5af1c5f23b5874bb,M,Data,2023,40-44 ans,Île-de-France,12507542,18.318,7.0
4e4733aed2322626376274ffd1c317ee4de9c7baf15ad15ae983b2a554226ce3,a7339737151a1147beefc628616b23f7ec7d101f386e507707034f44b9ec3ef1,M,Data,2025,60 ans ou plus,Centre-Val de Loire,2588006,3.79,6.9
d579999fbe93608531e626ac8107f0d75e44ecc3127ff6f86b24ecca59f237ff,1013b7579176ef0e8cd956b137c63b3fb4fdb36f153722aa7d1472e77f1ea7ba,unknown,Data,2023,45-49 ans,Île-de-France,12507542,18.318,7.0
bb7e66113455527fbeb14b283612583847d2dd4b6cc31247a75e62b38cac8953,62176a318c9deeea8caf9948dd66f9b3b46ff6d0dbef26b0996116c081710dba,F,Data,2023,35-39 ans,Île-de-France,12507542,18.318,7.0
50bed4b468a1d5989e3651c1e3f28d54dc0cff4a3f43b656fb7a507a016ef1fc,3309d49a8923f625683bbff6c5daf761b70bd5162a4e3ea1bf8d7b38e030df9e,M,Data,2025,30-34 ans,Bretagne,3469711,5.082,6.0
ed9997ecc0925f7cd6187f3b6e436f932d0aaa23bb448823e85d70dfc951c02e,c6b12233d761b4ae0ba2b628f867cf7b8d0c2ffafcb98ae54b63bf862843ae1f,M,Data,2025,25-29 ans,Île-de-France,12507542,18.318,7.0
73c45afee96e45e3f15fa0fa0114942e0a48c294da0b46895e90e9bbf6ee552d,4f7cf2fa10ff3cc7d8581baad9512c82ff0fab1ff4303b360a83af271ddac9a3,M,Data,2025,35-39 ans,Île-de-France,12507542,18.318,7.0
6400c0aa3f9ade79b61485c00bb6ef11425d3b512bb03c814a872a1bd8ffa51e,b70eb708fb9ec5ed833cb357ce6838c63075d9eea1ae19f62a4534c4c3b34d31,M,Data,2023,30-34 ans,Île-de-France,12507542,18.318,7.0
7026e8587f8f7db29ae639413ecffcf39f53fd9a9b29d0690d71daf9ecd75f75,599e99d09f88ff6203670fcd46d0b490ca41402511f4c9f31e834cd94a40bcd9,unknown,Data,2023,40-44 ans,Grand Est,5557457,8.139,7.3
cb1f3a2143641292a6d1432d2709da727cbcca6d38a866d3edd42066e002066a,9e381f67404dfadef55cf16ef384a76e7128936fe7bf462484e1eb8e081e4385,F,Data,2022,40-44 ans,Hauts-de-France,5983840,8.764,9.0
f40f8ee75594fd49e6dc91cdf1aa4c1cdab14a6df681cc4baa357a998754a2c1,48926d3b54deecac85d090b6a273b87bb711b98e1fa2f9da36bd32a1a80106bf,M,Data,2022,30-34 ans,Île-de-France,12507542,18.318,7.0
a43742e0d9f9fd460084fb53a0f7e4b14e33395be7c075348bd038305dcf75b4,59adfedf4a6da72c39b6eba84c51d97d7230ef18ffd78fcf9d0f84dbf182f17a,F,Data,2024,45-49 ans,Île-de-France,12507542,18.318,7.0
4281dbecb39f0c84ef6da49a52ba7e04d9a708d0d252dd7e3c7d0ecc97eae8cb,01601e73101bbdbda46d0421d535cabcb34918d8fb0009c6050eed9c1004d5a7,unknown,Data,2025,45-49 ans,Provence-Alpes-Côte d'Azur,5252362,7.692,7.9
bc69c6d13df7d2749fd9d23d7a689cc4e61af04acdd63ca6793f570dadc10ece,8fe5c1f2389b086b0b303abcc713b04665c3e8776b8d753456fb4303b1d0b219,F,Data,2023,35-39 ans,Île-de-France,12507542,18.318,7.0
407a440d21b09151d30d479474f6d7916638b4c13a8f25939587eb8edafabec5,8b1a79aa32419b50f07128e0f24558e7965ddcaef60d8654d12b68ae9efb9183,M,Data,2022,55-59 ans,Auvergne-Rhône-Alpes,8238335,12.066,6.4
901f6b0fd7c14e352273dcc4d3a302e0e0a0038c65ae5a94f6550cb966393ca1,08641d5d2d2d01677f5046e69646611ce22e474fbd7ed3b8e032251a863a7a1e,unknown,Data,2023,40-44 ans,Auvergne-Rhône-Alpes,8238335,12.066,6.4
7a82bad33eee0d31e0b0d207347e9dfe4f667dddce19c0797fce47254b6921e5,6b482d40da16807789f2d178822b9342edd6c415ee8d9d1def07fa335033b031,unknown,Data,2022,30-34 ans,Île-de-France,12507542,18.318,7.0
d90f46f954a5d7637052f368dc7208c86308464d4d402103ca316eca6594cf93,df3255659a00d811bb5fcc61a4a50a473e927ff294e43926344079e6db6c3c3e,M,Data,2025,20-24 ans,Nouvelle-Aquitaine,6181885,9.054,6.6
b2a232bfcb15e4925ee9552c51c6b8e31e96be0d4a0fd036d83eef67d66c1b50,129906ad8ba1ae1a2070fad0f7534ae9e6d0d3909e17e8d92dc257b47f286a90,M,Data,2025,30-34 ans,Provence-Alpes-Côte d'Azur,5252362,7.692,7.9
d682a17b41d20584c3a82c582518fa88aaf2282d39be8f378d7bb673b8b0f422,59c88ab1f552082fb20670686c2c89c795ac95110935d617aa7e8159b2cf4483,F,Data,2022,35-39 ans,Île-de-France,12507542,18.318,7.0
73be8d5486091f267992c3730ac9942eed79ffe39966363454cc24d4d7eb3213,bae161d51733a3f71cf96e7822376622d9e51f46b4c641d78d287cb67140fe0b,unknown,Data,2023,60 ans ou plus,Île-de-France,12507542,18.318,7.0
8c77d18bf830e50eff623585f28c67a71e591f931ae1e1199f4e375b23498f48,5d57481d6bf1bd8791518871118f558caa69893da9a05bc39be4a325e540f830,F,Data,2024,45-49 ans,Île-de-France,12507542,18.318,7.0
3d44e8628e49653f5ca1d198f9b4c99e3403af5b894c541914357668a0a83d82,068d915cc1e12b2629c1e33e8d2f97f7a928e8b936e1886b7cb6b873d63fd16d,F,Data,2025,40-44 ans,Île-de-France,12507542,18.318,7.0
238707b86e02e8eacf2710a5f8693780fc82287d91c36e8514f234aa9b9a6e0f,47586eb096469a2054f7b0077c8e47b808c4cdbc3195209393b4484a01b0bd0f,M,Data,2024,25-29 ans,Hauts-de-France,5983840,8.764,9.0
c3eed937cc44e0096e0761b8d1d4b6c35e7ef465c6a476287837b705f194c503,ab4535ed73070e9a9db83cafb914a893bfe728b8fd1e72b2ec3856e6d6c8f7ac,M,Data,2022,30-34 ans,Hauts-de-France,5983840,8.764,9.0
c93dcfc78344acba38d6baf103adda4b0e10adff653a7597e03f8bddb81f6041,76c0575c095d40b38ec8807a682ac3c3ad0f175b6b3cd5b20ec6ca04f2e31fa6,unknown,Data,2022,45-49 ans,Pays de la Loire,3926871,5.751,5.9
bd55fdb65c7a2a2b42b9c755f4149e2ea89043305951c6718b82b99f541460ce,3fd6622da85e7b445b601d43d7c0bcb2a99fe9ec50f18ef48648f42a02b61af7,M,Data,2025,25-29 ans,Occitanie,6165869,9.03,8.8
545bac31334de370ad93a1c816078924638f1b3ab74f1200dde3b283648d4d7b,682d17c96c0a8ad88577e54daccf21a2e38ef65baa2e8570d67eca859bbbc89a,M,Data,2023,30-34 ans,Île-de-France,12507542,18.318,7.0
82848c87238053f691545ff2d52d032dc163d0bc1cdcefa3504f2ff2822aef6a,5dea6cbc6483230d0412bbccf5f31bb50f6ca2e0375650c3b6ef7e9c7e899732,M,Data,2022,45-49 ans,Hauts-de-France,5983840,8.764,9.0
696370aabbb3bbea5ae28f3d75be743bc5ee45a8d2fa3dd065489ff6428ed4be,abc9bc5f88ab70589b9266f81eb694b9820115542f5519623ff6fdec9180d963,M,Data,2025,45-49 ans,Pays de la Loire,3926871,5.751,5.9
6824b3b15006018eb01839fc173d3773f28c6c87a256505d07f6c28310d708e9,c44051925397f7f6880ddfc5c9bdbcfd5e0567b964c93915f88bdc1155eb5615,F,Data,2022,35-39 ans,Île-de-France,12507542,18.318,7.0
108e55ae866688b226231a9b1bcfed0883f7da81077a1fe42bab621ddff12bb8,389be3c44b1c541aa8527234b3b8f8cf9771b8ed6e301300b123dc36eb31401a,F,Data,2023,30-34 ans,Hauts-de-France,5983840,8.764,9.0
d536e646651f5f14b0ffb4126493e9dda4a2370cbaa941681590e6370d75a79f,08bd274a311583e7e36288c04ab7ab694cd87034cde8b09ca5c54e73311266d9,M,Data,2024,25-29 ans,Nouvelle-Aquitaine,6181885,9.054,6.6
2f713908aad197866693fcdc5c880f2d59fb8a4c9f66e51ba1f19f9b621f82a9,d4a77b75c3d5baf8852ea97a7e47068e9272841fed16c1cd26a96d101def8ab6,M,Data,2022,50-54 ans,Hauts-de-France,5983840,8.764,9.0
b0bf8becc19129b692c3bb6ab88bdd47e34330ced03e5d03802a5363e725cbce,8d90cf776465288da22d7ab1f940693f4ff09a5c49c21f9c11865d5b9739eb8b,unknown,Data,2022,25-29 ans,Normandie,3348960,4.905,7.0
19c7a464c699023f301f0deaf13aee06cc3d3f2bcd2f92873a32adc1c8ec939d,fe7dd4a279b564cd8c046cfbe51914b292766f054fce8ae56b41afbd717f8f19,unknown,Data,2023,50-54 ans,Île-de-France,12507542,18.318,7.0
589f78ce604a032950a91a49991dbcda9a01f363120e3a93589e73ea0135d42a,64548d18e10d4a57f9c10f61d23a8a50871493ef6c00f0593e02cf4a3d2ade6c,unknown,Data,2022,30-34 ans,Île-de-France,12507542,18.318,7.0
38ee2f00ba89a5256b8078a62328c39145fa5555ece3a97bff5dd11f5b11ec7c,98996f4003ada581274633a308428a99c5c7fa6cf9d2423f91a4168975b45fd6,M,Data,2022,50-54 ans,Pays de la Loire,3926871,5.751,5.9
01d7a27c4b856339cdbeb35701e617dec68e02502aa6af39ff8d47f5a367a33d,59dfe929f2e1e6d513fcd78ce66c3309470af045334324a0cc8a53afdbc7e2da,M,Data,2025,20-24 ans,Nouvelle-Aquitaine,6181885,9.054,6.6
b7497a4f9926494eadaba18ac7ce9a778030bba6a36d04647612da09d5bf7d11,240ea13cf2c98c5c15b0ffc41f2cf25c5bc3e0164b059dad4f82736f9cbbf652,M,Data,2025,40-44 ans,Provence-Alpes-Côte d'Azur,5252362,7.692,7.9
8881e31e8fdd0eff44fbca87ced9d034142543a0e5f4413064374d591d9bc495,938b022d247f9723666a0dda060c29c52559a216fa1fafae22c78ad8e45e7306,M,Data,2025,50-54 ans,Île-de-France,12507542,18.318,7.0
6a4312fd5b5a54098d3098273d2d07f20a6e6a7e3ee172ad4e74407d79bce92d,cfe9245f68a49d6b9d265f0e129e8fbc91366c6a25e2a2762f5e51aaf071d4b9,M,Data,2022,40-44 ans,Bretagne,3469711,5.082,6.0
d469237b27fa2afac1511a1ce26401f3b6736a9bb07d4cc0562709ef15a66238,8ecfa9a056acd11c468005327918af943f478da1fff0bae2e1eb34ebdb529764,M,Data,2022,35-39 ans,Provence-Alpes-Côte d'Azur,5252362,7.692,7.9
28ca4a06b32957b4ac35a9a8a43b37d144aec760284dce18ed1e142c0a54c340,623e4fb1be2b50583bd554cd7e0d5a422fa932f6973f39ad3e07a7685f403d5b,M,Data,2024,25-29 ans,Nouvelle-Aquitaine,6181885,9.054,6.6
b15becbf19702dd8409a7c503917d0b0dcc426dac8b5805e2ab4a9cf0f1d4b5b,4faaa4bc8d3ca865690fbd1d0f1db8170f5e96a8af44c60d2f71b198e07769fb,M,Data,2022,50-54 ans,Hauts-de-France,5983840,8.764,9.0
b7f5ec55fdcf51cc43aed55e76963566e5dfc6015dc3ee077f9803098d48c365,ff89404f36872ffc05581ec301ac14a0c5d7ef61757e5661c4448ad1a5a1e818,M,Data,2024,35-39 ans,Bourgogne-Franche-Comté,2800180,4.101,6.6
d81c748a6ce0735074fe4b8e091e17588a9cee6faceb0892d0652ef3839ebe80,88e34f68b551f45cd87edc1f5f93bac1a3d2f25066e2cfbab7815e2d90c539ab,M,Data,2023,35-39 ans,Île-de-France,12507542,18.318,7.0
af4d5d832265831ab8a81cc5550871bbaba7e47e51d661e2a500fee7bf527948,90116057c29dff587fc50b89b4d498ae6b49341713571e252768a00f0b444594,M,Data,2024,20-24 ans,Hauts-de-France,5983840,8.764,9.0
4267361d6e8b7491cc6add1eda97b8c115d1509dd5defa66375cb96541d79791,38797bb55c845c43d00f61c4025d2fd5b8de77caed773fa5e3b2488bd7b42ce2,unknown,Data,2022,30-34 ans,Île-de-France,12507542,18.318,7.0
2b11f555af8974925c81de3789bd5c76516be6320d743d692e2901722455cc65,d8723cbbe90a547a7d024095a29e8e02788cc0e0cf7f1bf2d04b854867a6814f,M,Data,2025,35-39 ans,Grand Est,5557457,8.139,7.3
5dbe9cba45343655b03f6a5f03044617a3b0fd3e03387b0bc2021cd47411645d,fdfc1ca3c8227a5c2db21b5a808c833ae79fd42fc01e5f966437841999a1fd3b,M,Data,2023,50-54 ans,Grand Est,5557457,8.139,7.3
98aec8b5c0e6d8b7a3337bf878242d84415b1355e8c9d7e79c95e9a9ca6aefb8,0aafce4487cbf9f2c0a5c08fdda104b177f4c1f4ac5f33c0b506bb29efe1c328,M,Data,2024,25-29 ans,Provence-Alpes-Côte d'Azur,5252362,7.692,7.9
7f6a393cf3e2343489a52545ddc04e57eace1aad4a338341508f0c61de3250ba,c877e66d9b0dc92f21d579cc005abab94071c9968332a072d98d1691948c052f,M,Data,2022,30-34 ans,Île-de-France,12507542,18.318,7.0
8e0fe202c566d4f754d614665e7a4a20d097b40d1a86be3a1213cfdeb309b6cd,4c6c3d45d53377ce2e7e32f6831aea5686c0e68f0e2aadb3701eb8c7c54cf4d2,unknown,Data,2022,40-44 ans,Provence-Alpes-Côte d'Azur,5252362,7.692,7.9
0550f2912e5ff8a19a4a3ac52c0cdda570362ed42ce5827dbddc860cec55aeb8,b221df4e391feb2f5a4246eb7865ad16a3e5cd94e6d476a9d745d71f9db15bf6,M,Data,2023,30-34 ans,Nouvelle-Aquitaine,6181885,9.054,6.6
865f94986ec9ad0144081ac964cafc96fc274d01f3723e3aed5491bcc7028fdc,d0c96cbcc44d4ba86f168e04072f5267177faab551bfe014e5cd336ab9caae62,unknown,Data,2022,40-44 ans,Bretagne,3469711,5.082,6.0
e4ded6ea08668bef3db029b6b64082ca70f2db29a1d1a68031030eb15d66f481,cf5d42c6a144dafc5142611322c5988b238ec16da212b4cd916520dcee029d20,M,Data,2022,30-34 ans,Bretagne,3469711,5.082,6.0
2ff0b282de7b12b9d7bc2a1b9450842c15e7db2b844f8456dbecc02785113d48,3faf60e8d215c363990c8b61220ee2d42ee0bf90c02791f987b21cb06114b35f,F,Data,2025,35-39 ans,Île-de-France,12507542,18.318,7.0
5b4bbe72e894bf6f593774dce2d98eeac8a18cb7966376729cd3e9e05866f000,74127bcbc44a1c8f60fb4fcbff16a3ad2b3d5ec7393bbab7e50580040e495d1c,M,Data,2023,50-54 ans,Normandie,3348960,4.905,7.0
50b2646216ab3444ea4095bbcca1f3b59e448a69b26ef45fe786eb0d43308cc3,c52b7dce757b33e901b90c45a1a85c65fa36abca95f5be767ea2dc10ca883b8b,unknown,Data,2022,25-29 ans,Île-de-France,12507542,18.318,7.0
c3fc2eb2f65f679dc81957fe4448d5c4af823a7115d0522cdce1c88f8089b3de,0a5c4d2a36b279b78fc713c6431ebf0144a059e49c6bc197e7ed4bfef3cd8fb0,M,Data,2022,30-34 ans,Provence-Alpes-Côte d'Azur,5252362,7.692,7.9
949d20c90caab6b0ccd6ed243f4ef09a5293004719d5d97ee44599d13229f02c,40436b8d279352c9f9b073bd2086777ebe6b75bc11aa660e28c02e91da4cd8f9,M,Data,2024,25-29 ans,Île-de-France,12507542,18.318,7.0
7c8d75220ee2b6dfc59637c3354c5cf25604707299f6c7ffeed1c7602131e99b,d840b45e0b02ed8a0aa081774be9c8fa9f7926af4e4c2ad028f2dc951820e6bf,M,Data,2023,30-34 ans,Île-de-France,12507542,18.318,7.0
6eb6b710faf5377a1f7af7b9c20403f6b69b32588b1e3f72dbf2fac9f7de67f5,a1dc018617690206c6bd4c2eb45f7ea7ab3d6bcf0d478aafca5a956502c61c34,unknown,Data,2023,50-54 ans,Hauts-de-France,5983840,8.764,9.0
783a8247f8eaa4dac69607296c077ad6f29201d410d7f1c8720f47bc1e550d64,e93441574b10e701dacb7faf6b5af792dbaa5d615f5a49619bac6324bc9da349,M,Data,2022,45-49 ans,Pays de la Loire,3926871,5.751,5.9
d93c819923ba4c3fa37766f63b57fabc06e4da29ffcb978a0c20a182f983dbb1,fcb67b0b6c46507ff9c958f46eeb9f6218fa00d514a446a0e7924f9ca528ad9b,M,Data,2025,40-44 ans,Auvergne-Rhône-Alpes,8238335,12.066,6.4
9492ebcf543cbdcbf5df776d2549ff3986499b9c84215f0c5e7abdd9162be81f,88a7bc6a817574d46f64bd5424527da47fc4ab25eec479ebebcb4d976169c49f,unknown,Data,2023,25-29 ans,Provence-Alpes-Côte d'Azur,5252362,7.692,7.9
90a472414fc484368f221ea154d7a874ad5c86d8a208d050ac51f08dbea711ea,6d763a4372e65fbd3754a73889968ce4817f9399ebf8ef9a35f0d000256a66f6,M,Data,2024,35-39 ans,Grand Est,5557457,8.139,7.3
d9c2290002b694aa4c1b5ffa6c3b9dd9cf7d48e926a8c635a01cf017dfc91b7c,48d6ec3624583748f454c6e1ecf4c5eff83e1a5b7d522336e422e41bc4a1c8bc,F,Data,2023,25-29 ans,Pays de la Loire,3926871,5.751,5.9
1267f7ce79f35ec5cfa06c2ced7b427be0c51e0c056f7c903ac169f806a46ba9,3cca846ee8e2ece035b7683432117ea0a2ef3ad7a9a61c4eedb5f369fa7918b2,M,Data,2025,35-39 ans,Île-de-France,12507542,18.318,7.0
22d2cf361ebe939f444b169d7ec23c72247858af45db56dc132a10757610a814,de23a711b4cfe1f8bd6d2c47a792d5b47bcf6ee084decfcbeb7b276d953762f4,M,Data,2022,30-34 ans,Normandie,3348960,4.905,7.0
6611aff914371fac8168e62ca8a5011932a05a3d47b893f7721b3ace0ba35e55,569d55baac05f38af87f01baefece47f3c0279c9b4a08460a912c7aec5769fe6,M,Data,2022,40-44 ans,Centre-Val de Loire,2588006,3.79,6.9
0a1dc9549404220f0f84297f1498ddae52f972050500833f535524e918bb82dc,09911c8f03e7a97be8f4a7dffdcaab3ab9449acd2e74bda2ea4c98405d39ad54,F,Data,2025,35-39 ans,Île-de-France,12507542,18.318,7.0
e946271fc47df77e35a2c27adf13a707400e1bb7bd0616d7ff2c8166b63d321c,6a7793b15a090f168c3c167ffd6556aafb1adaf7ad9b712b77ff7862b6abbe04,unknown,Data,2023,40-44 ans,Occitanie,6165869,9.03,8.8
d214a6430fb7763cb0ea1dd65f0974ee12adca9bd2f5a48c74de8773c72e4887,1ff7e03f2be7ae6dc8876d44dac04a5b087e9c543c507a33ce0e1a4a1089e0b8,F,Data,2025,45-49 ans,Bourgogne-Franche-Comté,2800180,4.101,6.6
0652ffac43dfe81619f9cb3024847bbadb41c6e1da3566eb9dd0917754976a38,0f0e8d36c6e4a6f10c0862fa008a07c5c01a2cc3f6a8d88df588a0266dacc297,M,Data,2022,30-34 ans,Île-de-France,12507542,18.318,7.0
a19bb96623a84e47641db2036c3aa42c2f3c14a589e22f80d6044122fed6a0fd,7323f0cc558f6d7ad1fbe9ad81103cc22384a88124a1fb74747fb82c05892db5,M,Data,2022,30-34 ans,Île-de-France,12507542,18.318,7.0
ba1249dc578ee66875f79d272322a9762c68fe035b56eac91eee4c8f63eddb3e,28e06a01219626d577dfd2f00272d9a548a5ce169392e0e85cbb858fedb67ec7,F,Data,2025,25-29 ans,Île-de-France,12507542,18.318,7.0
ef74795bd2a9e3056795af03839bf47fca1c45f104494b23971049d8d0979e96,25c82de946a8b442474be4a9e21bdf3134d119a2421f91c676ee712451a1727a,M,Data,2024,50-54 ans,Île-de-France,12507542,18.318,7.0
6bdbd69a17aa349cdab5a3c1c3e90973b69eb89e6c9cd8d50ff16f90acea0e01,df3d641ba47f832499902b2ab69f6bb3fc518100b8edde454e1c45a8bde719b5,F,Data,2025,40-44 ans,Île-de-France,12507542,18.318,7.0
3d3de5ae57d96ecdd3243a6cece3a97fdbc84ca07befa830ce0a64d34caf5e7a,c880248113b2478c99eee43601875ba8852c505aff2a1c081b94c0a46d50b458,F,Data,2023,45-49 ans,Bretagne,3469711,5.082,6.0
89b306ff3b7a7a08910084d8efc68ae7f9c4f31c83562c8f012b1741e67ee952,c63f52b80a3639978bd637021525921892a37498ba03f642a4629ab53d9a94d7,unknown,Data,2022,40-44 ans,Île-de-France,12507542,18.318,7.0
d4f7c79c5dcc9daf2e87dbadf01440e0926a3f80c864bd2e21bcf3c03fd617e6,68b8a41027f81adf7242245d3fb7bb5ec805bfbd970192ba1098482a3a3e619b,unknown,Data,2022,35-39 ans,Île-de-France,12507542,18.318,7.0
e0cd1da04fd94ca90864149c2a88a83c13f5bc73bf36bd7268d3233fd40b64a1,108ceb75b88f959ffde91c1f811240121883d12441a16200fa2539c1491321a5,M,Data,2022,35-39 ans,Hauts-de-France,5983840,8.764,9.0
3546d3f06c122de74dc3ca71382f123988b4839040decb318ce606e5dfa0ac51,552cfbf116ac6c50d7601fcca11bab7ee8d6e9480c44a09dab084fa8ef73998e,M,Data,2023,25-29 ans,Île-de-France,12507542,18.318,7.0
8a096abfecc5efe5f20b2be40ae46db0fab53892cb5f4a19539a439cb2f6d790,77dbde75d36fda3026b30d116974c5ef489c3ebb8b10f0735b381334eff1d19d,M,Data,2025,55-59 ans,Bourgogne-Franche-Comté,2800180,4.101,6.6
c2495b3920cc1af7c949f5dce150a66bf4ddf7c5356a61a9f3197c4645e3fffc,8d6c46d572fbc406d590935652faeea0f7ed49030306c1da87fceba1e1922912,unknown,Data,2023,25-29 ans,Île-de-France,12507542,18.318,7.0
9c0f5f1f1f44757657bf89dfbe4f3413f9b2a74dc9c1073c0842e64f2d40355e,e1710c53cc38c9da4effed875dc101927664d8c524758acb71a0d6edb21005bd,M,Data,2022,30-34 ans,Bourgogne-Franche-Comté,2800180,4.101,6.6
570851b56a75bb17131a04574ac6f1681fe17fb1a7d5bcb0973c112e8ea1795a,fd80c93f03e7854e7b8e5a21e2d1f9db816f4f91cbf12820ff1c8901a81540dc,F,Data,2022,40-44 ans,Occitanie,6165869,9.03,8.8
1231f974f6cb23b24ccbd6a4ebe97aecd222853b48df56dd66a491a9dfc5544c,fa7f247e44612867f895c7af3431abf00906a6a4438d0cc8256b8f98d88acdd8,unknown,Data,2023,30-34 ans,Nouvelle-Aquitaine,6181885,9.054,6.6
4a901d252bf15a298d3934027c25c9d3065f21267902f99d065bfb951ce6bca1,77a30ea16daea10f3eb6cc118b7f7dbb75ac391075071f90cd3b577c1635b939,unknown,Data,2022,20-24 ans,Nouvelle-Aquitaine,6181885,9.054,6.6
4c3597e64bec9daafdfb6eae9dc8282727d6be5b7369c0a72ed784787045d138,89b0ca58b7106c562e9dd0d4998f90843c1995d42ef5d6b1539c981c97bd9b1b,unknown,Data,2022,25-29 ans,Île-de-France,12507542,18.318,7.0
9635c32107afaa1c6975786f4fdfda7c2f87a3f351ef7988a9d7088947987b8d,2e0937d5d0746fb859ff2db360be1e762d8b4dcd9342dc72fecd49d51580da09,unknown,Data,2022,30-34 ans,Auvergne-Rhône-Alpes,8238335,12.066,6.4
78004c7e0e43eadf5cca1d4408053baf56ad7d28d7fa82c76d0a264ef5f008f2,3a5c757e40d3f02fb710a8229292f5187be5e7e2d8ce6e555c584bf97dea0f97,M,Data,2022,50-54 ans,Île-de-France,12507542,18.318,7.0
b07891858611828f29236c6ce74cc37366f1498dca06843b6c065c96695ad17e,be6dba215c17d94cb53704a5f9134b9ecabe802a7ae834eabbd4599bd0dac203,M,Data,2024,20-24 ans,Centre-Val de Loire,2588006,3.79,6.9
a762a78114677eb73d88d81941d133379290f848da6c9d9bb426c4ffb0417a14,e13eec62598903710a419e4443f47e10abc3679fbabc91fe5305bf30fe334291,M,Data,2025,40-44 ans,Provence-Alpes-Côte d'Azur,5252362,7.692,7.9
798718a0a2e82239b8343fd2bc04291e5f4e6add6847a1ca68fceb417df2d8ce,570f7fc287eaf61e154f6126a3a29e1dc770338a112276d2ca1c48968f4d7424,F,Data,2023,30-34 ans,Auvergne-Rhône-Alpes,8238335,12.066,6.4
7618427dcf06826c47a52d92905d073c8765efd6873b9e2ba5af5ec89216e442,6471efefbb5090a9a1cd2698ec7398e80bd0cf31b5e8f2ad99f4249384a97415,unknown,Data,2023,30-34 ans,Grand Est,5557457,8.139,7.3
e2ae7e9e6346e2890596c537097b67075aa3826a4c71850e9e2de7e3186a526f,51add69a26a4a5212d417c1f8b36d4ed50e1925517e638328d5ac66b08454753,F,Data,2022,40-44 ans,Nouvelle-Aquitaine,6181885,9.054,6.6
364dc8438858bac997d425f430ce8be248d825d007600b67819a1d5465c7a050,c30b075b3a474888a1b2ab67cc31ecdb29b442b327c51eee7095e13d87ffb4be,M,Data,2022,30-34 ans,Nouvelle-Aquitaine,6181885,9.054,6.6
35bdf6558cef6231e6b9d9a6f781f909943841952e10278cbfac2f21ec9339e7,cfe382523cb133b32713bac679e95aa63c55d6c3ffd13784f0324a9afdfc44a3,M,Data,2022,40-44 ans,Île-de-France,12507542,18.318,7.0
95ddb66078f1381dd10af6d4009fc601611c47f6bfafc126194c1c0a2fcb29fe,eec1d748488259f4585e852893189dca4707e54a6c4e3632c8a45227cdca780a,F,Data,2023,25-29 ans,Île-de-France,12507542,18.318,7.0
23637394fa398ad7993429fb43e8552e526512af8cb6fc26ada25302458c3894,ee41bffc75faf681871441d0816a6fb5e264178f8961b18e205b8a97868c2d47,M,Data,2025,50-54 ans,Provence-Alpes-Côte d'Azur,5252362,7.692,7.9
2d44f2b37d575f9a7b8b9bf36ecddf920d4948033ea7ffae990cce34abaf31c1,87a2c0984301b3ee0ce40d3e0b15950de9a3cb500df4a7ab4aa5c094a316c3c0,unknown,Data,2022,55-59 ans,Hauts-de-France,5983840,8.764,9.0
cbb1b10a7945a70dfa2952f15421a1f33eba787a231b0c81a67489358ec40ef3,b57016b0a9ddc394a4d6b10b354f4d92bc5bd204d913287415ce2cd61fd9fee8,unknown,Data,2022,45-49 ans,Nouvelle-Aquitaine,6181885,9.054,6.6
1d293614de12a2f3a793a35830a8167b456b03ba16763bdbd3d14b758d758317,56c4f85cd1907a32c341267cd740d88601237d0fe2a51e1f8623c00e947eafb0,M,Data,2025,20-24 ans,Occitanie,6165869,9.03,8.8
1178e10c40807c2a3f8944a6a7f69ba061792064740dc764ef1ac0abe4c6e749,3955a3498d41781286c4a829f46e7f590ae9a5d11a54c5cac243900b8ee84320,unknown,Data,2022,30-34 ans,Auvergne-Rhône-Alpes,8238335,12.066,6.4
04dc10d7e2f831a1d138089a38fd3639918fdbbe939d3a3a8b67569e2e839c98,e6168cd4012959a62441cdbaccbc5b573c86fcfc4d2b3f329110c7e1fd067598,M,Data,2024,20-24 ans,Hauts-de-France,5983840,8.764,9.0
2750525f1bd8982709d4dc3222b308b52c82170b788b0f0009d3074282124031,afa4238fe7ef21b9fe688da0017b42a2fe160422f3aa94f9261d51939e69f8b7,F,Data,2022,35-39 ans,Hauts-de-France,5983840,8.764,9.0
af7f5a6f38ee342f90a18005edc398343b3cd1a91db6f86dd69265c50ba4bbb0,9abe7ce9c112a6df3b9e2edc8d43710847d97b2f9a5ac656fd1df812580b5f98,M,Data,2025,45-49 ans,Île-de-France,12507542,18.318,7.0
f071d327bd7605aeaa5c2838d2f0d0fb8192b529de92c08e930a27a04ffcadfc,be2420a6d35823507d87f192c8c44f02af3bb99634bfb69e6012852eff8525d6,M,Data,2023,55-59 ans,Île-de-France,12507542,18.318,7.0
6fbe9084b25f18fb72f139485d72b8e8d61aa56369f184bb966c37cf621cc4a5,196244f44b2b35ae93adea3d338680b54779b70b1cfd988d641553c0eb6d0535,M,Data,2025,30-34 ans,Occitanie,6165869,9.03,8.8
17f7deaa3b0bd796a2b4089fcd2bc577c01fb2e96033e2b592046d2be81b71db,35a5ed07c5acbe2c7e70197fe6b4c7cd6914075c716f0a72695874c6462122ae,M,Data,2022,40-44 ans,Île-de-France,12507542,18.318,7.0
f11748005440e952f4d784ae8f3dfba7153a92bbd75fb457df4e857e3e1baa0f,32505effe362ac45b95e31b6d05f9ecb5c2fb0b8225cfc57c5a5e40534cb4d68,unknown,Data,2022,30-34 ans,Île-de-France,12507542,18.318,7.0
a6733f567c29fef1519aa23e08251cb8c498a86e9a7f4803ed94b8be389f4699,56fdafc6e2d4bfd33023ff72dacf704c4bc29c572eb92a1d1fbb1e41d26eea0f,M,Data,2022,30-34 ans,Pays de la Loire,3926871,5.751,5.9
c0b8ff33b817217b35244cf20d0412447b4e132873f117d0c4f895125d960502,69065ea6f7b3e3784fd19360c87ee656bb7369a980910f482169166e74eeb215,M,Data,2024,45-49 ans,Hauts-de-France,5983840,8.764,9.0
a39be4850987af49c029ff4476e100087e64478a6417479a1f6e251cfc864829,7312ecb381a7b39629e30bbf9c8557acaaf79cbc99405a3b9bdbd2f07e1ff236,M,Data,2024,30-34 ans,Grand Est,5557457,8.139,7.3
267cb4df3cc738e14f8e853a5122786eb36d249975b363246952ef9a3024a501,fb1ca2e4ff666d2accd3b0297a66df4947a95218ad129e3446a7c21899d7c065,unknown,Data,2022,35-39 ans,Occitanie,6165869,9.03,8.8
ceac19d9305cd63067725f582ab5d889ad42d14892c31edc106a3e5ad41c4aca,0d6f2003c152886150d96acceb9ccb39df503b3cb558b8d2e312bc811912e73b,M,Data,2023,30-34 ans,Grand Est,5557457,8.139,7.3
e757a3b2b1cae6459c86fe809ec07ce95de117fa75d469b39e898146349a3651,3bca0e70484c6c932cfebdee82505c3d8e5d23384596600ff2ab545d4bb6168c,unknown,Data,2023,25-29 ans,Île-de-France,12507542,18.318,7.0
768788016fb98fc802838a25d2280545ab8275d66fc94c2e60aca75487d2f5dd,453a79cc15f57718c0db510d7d02f9e2d2c4e3588c54369f6527def1563cb1ec,F,Data,2022,55-59 ans,Auvergne-Rhône-Alpes,8238335,12.066,6.4
5cc20a12cf16f932eef82482cd566cfb418ce8af9ce867da92331696bd95f4aa,f788a5a299b1d61fdf3316c85e3a06adcec9c98840721bad0a901ac758420b94,M,Data,2023,40-44 ans,Île-de-France,12507542,18.318,7.0
238075c146cade3113176a5b0435636fb91e2fcfb1514b560ea4e82edd613540,7c444968e85abe8c88f8d2305a6ba2cbfb0eca0e5051da564e8bc05379413a48,M,Data,2024,35-39 ans,Nouvelle-Aquitaine,6181885,9.054,6.6
9f432504fb24e276ca476e283cbc93346831f27b1d1000dbf5bf2131afff84ec,29f45d058c59b5bdefa31ab9f1e004809d56a2e6642050ca3255dfe5e97487d7,F,Data,2023,20-24 ans,Île-de-France,12507542,18.318,7.0
17b43790254270b524b44f5655e500624ac3490e473b3052e21c420d1553546a,af32e4cb88d5dfa57339ff0e1610f08799e7c946a22c2524652167f17fa2438f,M,Data,2024,20-24 ans,Nouvelle-Aquitaine,6181885,9.054,6.6
b0680836f315519a9984e8d5b1c69d04ce17a569e6b3fc3a6d96221936d05603,375e88a8649927cbf68889908fe70b5fc13171f5e8d25de8a023bb2ef5f63ec4,F,Data,2025,60 ans ou plus,Bretagne,3469711,5.082,6.0
f0c6049d9f44611a89be86a529eeea9c26ecde392a9540f193aa5d271d0720e8,618463dae6654e88b277e309941e21a321177ab8d018d49e6b2c85a5b32629ca,M,Data,2022,25-29 ans,Pays de la Loire,3926871,5.751,5.9
188e549bdb602792f09421045735a72d39c229d8079160010709741cc07fa590,43be41d5b5538ec53ae74b192b5a9007b1e70f66ef473774e341bd6a1438af60,unknown,Data,2023,45-49 ans,Auvergne-Rhône-Alpes,8238335,12.066,6.4
58349a54b52fb8c680fe215ca8b5a78655d78093efd088cca2984c9deea49cb7,bc0c6b95aedae3afd8c28a3350889cffc900b04656466790a320498cadaf9d00,unknown,Data,2025,40-44 ans,Île-de-France,12507542,18.318,7.0
2f4e991d5b26af89a9c0800b292edbeffa346ce25a332800d35e16eded162937,5a0a8ba9e7fe8d4abfbd072e875de8523498fa06cf9e1072c7a5b67344d5a819,M,Data,2024,30-34 ans,Normandie,3348960,4.905,7.0
c1eea4297f0c0f798d1efbbfd658a82f3a105607ec073bac2e0be55b2ba184c0,2abf80a870c8921806779e4804fd6964c4f30a4c3477b6aa28cf37dface7c982,M,Data,2022,30-34 ans,Pays de la Loire,3926871,5.751,5.9
2cb26420a1b6b39667de7a02d9b75b8f7e743622047b6b489c9cc11c787a704d,183a5748ce847f5a7de600e3ecc5bd5758085fec8aa3fca059bba3c9b6f9f22f,M,Data,2022,30-34 ans,Bourgogne-Franche-Comté,2800180,4.101,6.6
148c54f94e38f99bc0848a21ca014a1ab957aaba3412c94cc643b01cc9b9bcee,65a09ec07d36b8bb81235d965fb9024dff608568fefed3056a59de6c51714723,M,Data,2022,30-34 ans,Normandie,3348960,4.905,7.0
7fe2f2f17fcc0bf62f87eebcc400316a20d7ccc57d632f07400e62cfe86fe222,dce08cab8bdcac3007969a9a7ea1e6bf1a36c2dde14c0ceb8018679ea58aa1bc,unknown,Data,2023,30-34 ans,Île-de-France,12507542,18.318,7.0
058a8c5cb93ceae696697fdcbd242ee32a9083e2cd8bf6575b406138fdd33fa6,b48e46fae15fd7b05f96dad2a83503c8dc3618c0bed3f418c998769d05c1a025,M,Data,2023,25-29 ans,Provence-Alpes-Côte d'Azur,5252362,7.692,7.9
8f632d55df10ec944b7670bf1303e6acb55b0f1a55ced3877bd4513add2b89ec,d0d8fbc2baa3f053a1e438c857086ee0f5f066f8d236324b61db314d9e516a7a,F,Data,2023,25-29 ans,Hauts-de-France,5983840,8.764,9.0
a41101bea2ac63566561ba95cd5fef92e182ebbfe09256523e87c66f8f551285,00b38091f3ac40e0c44ef57dae16478a3e71ae0d3be3e558b9aaa12d6dadbcb8,F,Data,2025,35-39 ans,Bourgogne-Franche-Comté,2800180,4.101,6.6
fd28ce2150a2ce0ae9b207a95b94d337eb6515f1117241e0e24ec9497cdc166c,39ef0a93e975c1877ebfd47898f4592e046e2100373ae904e971af1f3029d8e6,unknown,Data,2022,40-44 ans,Île-de-France,12507542,18.318,7.0
72b152948442ad114b0a2464738c9ca16cbc5c42758c620cbc85fb5a17b10244,dad4d0e08bff83a23f067cab1c9361a1ddfd1305d2d03fb88112a5c84697ebf9,unknown,Data,2023,35-39 ans,Hauts-de-France,5983840,8.764,9.0
c5da72d5afe95c216d906056c33738678cb287c0ef8d1de3b53f682b13b4112a,cd1df9660b5aa192f046767ee67f231caedba1d1ded30eed0cedceb7e6de3037,F,Data,2024,30-34 ans,Occitanie,6165869,9.03,8.8
ab4bc24928bc197ace68c8166e995373a6dc2526c2a93f013c082b04cdc106d1,35441d926e1c484923f184284d66770f58967e63aa2f787a078f263355c2210e,M,Data,2023,25-29 ans,Occitanie,6165869,9.03,8.8
050589e65d81b8f038a41853be99265983e0cb9282a743cf359e22a44ee29835,a3dbae2840aef48cb0f4f21a7fb9f3776f2af0a38857d652214eb5601c6b7729,F,Data,2023,30-34 ans,Île-de-France,12507542,18.318,7.0
a2851b9f33dc898db439f54ab3caa2d4a222c79cfee223393f6e4e8075382d99,0b846934ed857a2163b82c7b288cefbb281ae947cfa4e6d985ed590d907255ed,M,Data,2025,35-39 ans,Grand Est,5557457,8.139,7.3
32713fe09f61142e9150e394661bfaa6078a790c6501a1f5f7191d7fad081177,87e709c1a935f405c7a1cd38b3b338c0a64b751f7bfdbe26cc870e39b13b1945,F,Data,2025,50-54 ans,Auvergne-Rhône-Alpes,8238335,12.066,6.4
63d01da0533423600568d61b81f736763f99a79a7a082ed6ed5f156584cc11eb,2fc372f5560ba8f203a28f2ab27bbe2f0717e19920ec99cc04377f2ee73687b6,M,Data,2025,50-54 ans,Centre-Val de Loire,2588006,3.79,6.9
b703d562e3264144e003c6ed2b1b040d57626f9f0459a3fc7ad3f4384fd84839,b89c3ed50c065bec0ee2659842d43f326c19d4b49c7b7ba0227cd5e1fec80360,M,Data,2024,40-44 ans,Occitanie,6165869,9.03,8.8
ad2dfcee16361f40585b63d2bee62fa060c0c15b41d971e7c54ca2f8c7c65868,8dd27729e6d6d41252564a51a78a995ed90cd30143c08deebd3660abc0d7b5e8,unknown,Data,2022,25-29 ans,Grand Est,5557457,8.139,7.3
37279b631d0cc5733cb3848fa76ea64ad24e9be9c017b7109ca4b09acee40e3f,47a2ada4c2c21a557623c7198da637d3e46f015802598bfba45af6384d3089f3,F,Data,2023,35-39 ans,Île-de-France,12507542,18.318,7.0
5c3c564f02215811fcc1d8e42a5ff96bcd12d13e69b5e199cbfe3a494c426415,0fd8250bfeef3fe141b93f4e053c650c3b3a539b4b2215be018df7693796f95e,F,Data,2022,30-34 ans,Île-de-France,12507542,18.318,7.0
7a6f0b920f21a6b034d6fd509d87775b43d327b09170b6743d1214cad02c74ed,4d2d976ec1daa9491864cfc5055a27d3afb2a424b911a5bc7d17942adaf8fa37,F,Data,2025,25-29 ans,Occitanie,6165869,9.03,8.8
720734b61e8291cd11453bc8d51eff6a0572e2fb46c0342e883ab41a97cdbbe5,39818e6dfd3467e8c7cdb4fd760e2f691ea902dee019eecf0653d7bc3b867261,M,Data,2022,45-49 ans,Île-de-France,12507542,18.318,7.0
7c90d2302347e0c8f770e2eeb40622a79fe66441c095285f3a05e186888a7696,03437f66b2046cda67a2eefbed9344dbafd9a578b44bea6e07523c57d5e384a2,F,Data,2023,35-39 ans,Auvergne-Rhône-Alpes,8238335,12.066,6.4
3a49cc0bda31efadd371da814657d2b504f0fb0404e35ce1fdadc937a8b112a4,e0969dcfbd1dadbe70aa1fa5a22c99dfa75da6e5e5f4d0740b81259414bc1a3f,M,Data,2024,45-49 ans,Île-de-France,12507542,18.318,7.0
0bca8846a263ae45b9ac6a48d6497cbd7f34b52273937631fac76c07ac3849a5,65ab65d73f69afaf5c573de666d58643eb69657de17a373553041ca883714ea6,M,Data,2025,30-34 ans,Bourgogne-Franche-Comté,2800180,4.101,6.6
a95dda83939feabd4a792a38e389d036664c3762c3fcaac967a4c7227c81bec8,9fc367544f03145c44b2149610ef38583a8bd75a8b04cae07a89be79a36b6e37,F,Data,2022,40-44 ans,Île-de-France,12507542,18.318,7.0
c984d2b9a02caa59ac67d95f1784f5ff7c3f9ec2c5d5aab75a67c99f8f4e10b1,b8b2e8e76edc20db2c6155a0d125f91b24f28694dd68d77714d4fd5d78081ef4,F,Data,2023,30-34 ans,Île-de-France,12507542,18.318,7.0
820d0ea71dbecd23d116250419e47de0942c78660198747d473d063d1f1c34a1,dd888cd4f5c37466fc8b0ed3ad157f87c759c4e741861f6949cc8987117fbaad,F,Data,2025,25-29 ans,Île-de-France,12507542,18.318,7.0
bc39bfd21330033e61e70261767971604235eda0a58d87f051e7585dc5ab9d46,59757ab6aa49545e753226b206091cc1b3e11b19ad9e6e84e9fbf55d0075ed4d,M,Data,2022,30-34 ans,Occitanie,6165869,9.03,8.8
0f1afbf473da19caf5a25f5cfd938cf6237792755f2b1179a89dfd4371386874,686acd79daec45c85e2390169fc467dc36059d41c5e7d04c2cdfe491befb0012,M,Data,2022,55-59 ans,Île-de-France,12507542,18.318,7.0
db7b00d8f1a5e4f7af33c720fe121ef7f3a591165ec0b90bf8fea33b2539ae2b,cbeadd5eeb96c221203b5f44bad2605eebc327bc46830d88565c1e7a914e7e21,F,Data,2024,25-29 ans,Île-de-France,12507542,18.318,7.0
e5da042fe263b55aa0aef0f937d53db13c61916d81b3169956cbfe50cf1afe12,61f475230ed3cae42723fa15fce83218ea0a780fc4a38c97717fcbb8d66baf85,F,Data,2023,30-34 ans,Île-de-France,12507542,18.318,7.0
fffaa8d3f0a70733422dc0a20263324050cb4dd9ec6d7238457c882b7cf80282,8fc15ebc8374b26aef0bd4c19ddaa37b6699c913a65c0dffdfa42afb30957522,F,Data,2024,30-34 ans,Île-de-France,12507542,18.318,7.0
8a1798950d640fb77cf2ec5565258098b28a526d9c5f0ea6c1c72131c8cb34b9,afd163973cfca896675e6a56dba8a2d54255d7d61ccd68c892d0f46abc618118,M,Data,2024,50-54 ans,Provence-Alpes-Côte d'Azur,5252362,7.692,7.9
06c1524abf69b9b20f9640a03375826e7b2a1b2a190751a227d0993b409a62f5,83f7e63faa332b600bb8eebb3ab3d0b2bdf67f592187cd74cdc4ea8035026b37,M,Data,2022,30-34 ans,Grand Est,5557457,8.139,7.3
aef6e76a0f3332408f3e6bac34466a4268986fd46d5ba7f3be42f79dbb365586,8ee6558a63255b600e59a93ac08b5ecdf17ce2a6b18bb6c714aaeff0753954dd,M,Data,2022,30-34 ans,Île-de-France,12507542,18.318,7.0
e75f6ad8f522852d537087f97b3c60e1c8ae8074085203d2629be833fd98c965,6f2fd45221790cd8dbd368c5414bb0a070b296683e235ca40c224e3f1230782b,M,Data,2022,40-44 ans,Île-de-France,12507542,18.318,7.0
0a686cfb60f6ce2e8d7f68f5a07143dcda1e6aa10f6ac6e643bb5a06b5a31006,e30f46119c939babb18370c8f54788822fc733bd9ac9b2bc029ea94a2a80892f,M,Data,2025,45-49 ans,Hauts-de-France,5983840,8.764,9.0
6068b4b22b5cb8bf37a634c33e6516a2d5d767cb36ba8e7197e5982bad285861,4d34656574ca358023c662c8395c759ffa2cf603b39066aec23d33ea2fecbf85,M,Data,2025,60 ans ou plus,Île-de-France,12507542,18.318,7.0
0ca0c93037fedabb3284f4ca1e937b50dc503667efe926706d469b02baeb3bea,f92cc273d08a7721192573a450a44857e2fca43e233ae88977dc902ae1fd59a5,M,Data,2022,25-29 ans,Île-de-France,12507542,18.318,7.0
6a14d5616dada2d7d2196c404199b51beae17b66eac7bcbe2c79faa673948830,ef3d54d54e5e5e7d932eb2f1830921282ce736addc41feceacbc425cf9c88c4f,M,Data,2025,35-39 ans,Auvergne-Rhône-Alpes,8238335,12.066,6.4
6e47b3c3e6dd47199d4e1f1ed7653b68880c18a3cb0af5b321ea5bb994c3c772,a2d24fba4b777a3d4e479016fefe0901df13654b7d0bf8da7d61abea7af8239b,F,Data,2023,30-34 ans,Île-de-France,12507542,18.318,7.0
b1f14a7e35bd85972979d4dda5395c991840d552476336655e164c0206071eab,02c9c22cc63ec3a01b1cc70c513d2d2935e7ba60da2abebbd0563b7bb8be41b7,M,Data,2025,40-44 ans,Bretagne,3469711,5.082,6.0
83ab4fa8c03758d6efd52242c678a12bf5578d7a7c8107300abbb36f3292e5fa,5562ee80ca9038db3472c308d2fa65746f2c1b9e86bf6657e1dfef7c2e24ca02,F,Data,2022,45-49 ans,Île-de-France,12507542,18.318,7.0
c86c7691d3864592320b1f51de57164fadf900d509a6bddcbbc13ce2b331124d,e8fad32f98a16cf51b219e8a928e1bb59dc49547da56206f7fc802867273466e,M,Data,2025,50-54 ans,Île-de-France,12507542,18.318,7.0
f6151f2303d9da7850d1e3548421cb1a69ead56c48992b0f6012c1bdebfc08cf,6a58b53883a7762cc12d9e3f76f6b40ce7f349fea946a8b1c9ac3fa400f0a395,unknown,Data,2022,40-44 ans,Île-de-France,12507542,18.318,7.0
d4856fc3f0155b42ad771721e364995ca7e15d3ed6dff0c78a091c82fd2d7704,a30a90c48e830d215a7a38be415470c02ef0886dba7421fa987c19fe8a64483d,unknown,Data,2023,35-39 ans,Île-de-France,12507542,18.318,7.0
04cda093708d462df2254e6aa0d41ed16655329bac89b558528fd4c648b86797,f56fdc94446f44a8ac293839524e330c32db365af357e3ecfcb2e085882abe7b,M,Data,2025,40-44 ans,Occitanie,6165869,9.03,8.8
16945923442860feb74ed2df77efa67a0963b5c0887e4fd0c8fd75b5272ea7fe,e21d1f4683a54f3b39e41fcbf4a4968649b14fd71ac66de5e117618c51b49394,F,Data,2022,25-29 ans,Île-de-France,12507542,18.318,7.0
2ae257673a65e475d6341fdd959c8d3df0c1ec901e58460da41e3c89b87e2950,059d71097a82a5b1185a188ac164d47ed73cc4a3e74fc62a68a924c39a42c152,unknown,Data,2023,55-59 ans,Île-de-France,12507542,18.318,7.0
115bafbfd9b6bb83e35a9e60eac23c47d9b8051f3156b1c59c4e204ce1a43191,1e0b4f3bf291e5e993ee30705d1a2f7fb349a3bb4cfd2b363fba4396da8df4cf,M,Data,2023,50-54 ans,Bretagne,3469711,5.082,6.0
3a31391eb096de414c9d25213721ebbf9e6aff452182b73fc941906c6df98692,0ffb01f2cfce4eca16b04016d23ea841b9f063509b0c7070fdfc2510cc56873a,M,Data,2025,20-24 ans,Île-de-France,12507542,18.318,7.0
2e0279bcda3c09db45d548e8c9b259436b9703b160bc25efe67f6ede6df6e5e7,b9b84eb29f379062f42194d95d938fd1ef8b44ad8a2b4222dfdd2a0769220aee,F,Data,2023,25-29 ans,Provence-Alpes-Côte d'Azur,5252362,7.692,7.9
e52b281fc14cffc5be256bb9e10cae49eac2fd4d06a075dad78e178dcfd7b3dc,72e532e72255e3ad72e6a3fa97cbf3eb428f8dfafda50475c94148944ce9cb0e,unknown,Data,2023,50-54 ans,Île-de-France,12507542,18.318,7.0
a25ca637f5809a393a47c3f66a9b92a598f1bc1765d686208c2fd81e3abc492f,b502ef59792dee4a8b994b2289dfcfd361796c59cb454fa22f6e9b3fdbf491fc,M,Data,2024,30-34 ans,Nouvelle-Aquitaine,6181885,9.054,6.6
4a66e77f24160a6f9346bb1d9221bfa2199ee874e401e28c2606014672f7a771,432c31020a8a161a5d4efc080ed510441986730377dcbb1b10dac41232301bec,M,Data,2025,30-34 ans,Île-de-France,12507542,18.318,7.0
eb09ddf6862004cc33c67d1452819ca673b597d0769848418c796166a584ecfe,93ba5947e955391ad864b5edf7750ab3518b497c75a71a6c1e279091e2479be4,M,Data,2024,25-29 ans,Auvergne-Rhône-Alpes,8238335,12.066,6.4
313843960f4f119aa017127c8aa484f7f58ee5228e3c62762e2a20403ce095e1,e46649dfbae052028b1d3361bc30fdc3b896ee6b19ab7d823b3df494a5935dd3,F,Data,2025,30-34 ans,Provence-Alpes-Côte d'Azur,5252362,7.692,7.9
fc97cdfc71bf2b7165375332a7c67196aa21404e16f4c323a8c4c9a68655e85f,af37d2a8e1ecabdd4ac7610175ef4a429a158479f81943a94a6904890cc47191,unknown,Data,2022,50-54 ans,Île-de-France,12507542,18.318,7.0
702b8c8136d669df6888a021c3f7a47c51e089949637e7bff01539071d03d64e,12fea5e38d64dc1c697a4ba3c9a273b8ef8b916d9bae09cfb269af149fc3d566,unknown,Data,2022,25-29 ans,Île-de-France,12507542,18.318,7.0
123c2af3a57d96a4a14176d4f0024c99290da5a6449c42c903ff1949ad486b23,9a2924c9a5fc616ee94e6b5fbd0e6bfad5cbc2694d0f26ec60c8087f41135c91,M,Data,2025,25-29 ans,Île-de-France,12507542,18.318,7.0
b9813a5bb88b01bbc364594a4206b7bd192ebb617fa50313a0371eacab8824de,18ee3b533fc7a90b7115addac8f74bfce8fdc6c64929a25fee64bf6e194e8eb5,M,Data,2025,25-29 ans,Bourgogne-Franche-Comté,2800180,4.101,6.6
7d5005d5752ca7ad20ab9f4e46763071364addd4bae399faab0760c6413973b1,01b7a52d69b235db87334c9231f63865879d8380b438b8adcb95f3472a07cd7f,F,Data,2025,40-44 ans,Auvergne-Rhône-Alpes,8238335,12.066,6.4
24d3e96d0a62527ebf765cba9508806e1d625b64fdbda8a8180f0d9fe3aa8909,4f10ca10f692f61565ba4ed51f7358b3ad3db6ea25d87b8f7f341dc868769de5,M,Data,2022,50-54 ans,Hauts-de-France,5983840,8.764,9.0
433f3c338d2df852e7106d03a9555edaa3ef32384e07e19a204e19321c8eca48,3731952062f8dbc50ef782692c92bc3a8f822b62810a9f30ce391a59481b79dd,M,Data,2023,30-34 ans,Nouvelle-Aquitaine,6181885,9.054,6.6
d94cf3270bb67d0cb13be1033f841721685a89e56660074575d26929f9ed0284,8530392cba5e463930ec2410ae7ccd0e9efe9e3db6baad1c74e4abb1323bf1b6,F,Data,2023,40-44 ans,Nouvelle-Aquitaine,6181885,9.054,6.6
5ad9759a89a7fbaba235a203acbd4b447b113603a2953ca6ce347e506e065cd8,55a2a13d28e2d50d6939891aa5b93cd698bb34c54cb485221bc85d18789a7424,M,Data,2024,30-34 ans,Nouvelle-Aquitaine,6181885,9.054,6.6
c91d060db568f3bafdbca2c187ed4106bb4ad5a72988c26fdb84431a7c7a7ff7,2ba7af55f9d05172e326c496462bae69609975394bd278a0faf02ea4e7fd1c35,M,Data,2023,30-34 ans,Auvergne-Rhône-Alpes,8238335,12.066,6.4
79ff65f9f18ced9bb66a341119f27361fbb0554258171aee97a10d18e2b1c8aa,2f697912d653dc39a951801e7b676cbb05cc60eadf73dfb89c284951c040f4c5,F,Data,2024,55-59 ans,Provence-Alpes-Côte d'Azur,5252362,7.692,7.9
0696b704cd6594ab7ac8a90ffc7011f3965701767db9c1650c970ca0df1c048c,487137b218254641562c14e0788fc80a84756681fad6349a2e2020530bad47a0,unknown,Data,2022,40-44 ans,Île-de-France,12507542,18.318,7.0
608d6fbd60c545483eeb7980866fd27eb728f25d08cda37782b1e4e3d6b16b8e,1a7862d89c0939b488aeaf0f34ff304376f92bdc93cfce1193ea70d7486bf954,M,Data,2025,45-49 ans,Île-de-France,12507542,18.318,7.0
c5a167fdb0eaf231d65333154b370fdd9f0fc35bb709126f103af3b9618f71fd,5499e15740a854192299583b60d74176b22a958031bb9cd452afd3aee047f9c3,unknown,Data,2023,30-34 ans,Île-de-France,12507542,18.318,7.0
42ec97b9704e464d3cd7b9b3d56fa7d6a6a46d1b0d6ebc5672262032022fef9c,f8e1ec7ba104f8a115d9ce540088e8de120ebc4334b58b85f8ca34b06a85f6c1,M,Data,2025,45-49 ans,Île-de-France,12507542,18.318,7.0
105944d081fe351a523454a7c7d48e697f448e96f15181f1d60117a7ac78bbe4,f7639ebfcf04ccb55c9090db10ff1966a08cbd2b023fe26b4531cb89932bf16c,M,Data,2023,30-34 ans,Île-de-France,12507542,18.318,7.0
03dfca58fe77c2236a585d28d7111837cab01a9034231543bf14074240bbe75f,971b37c9a93dda36271e62eaa842f80e217886c1f937e104f00224f6ab509a11,unknown,Data,2022,30-34 ans,Pays de la Loire,3926871,5.751,5.9
5e0a168b26c3434ae181fcd24a36b246cd334d5ba86f8012e85739403b1ac706,c51e10bcfa3c546f3cc46918380d5ea9409e81b21f2ae856321e7ba0de29c05e,unknown,Data,2022,40-44 ans,Occitanie,6165869,9.03,8.8
8d6ec341c8983a46deab8e9eda0b2273543ad515f7b91a53059598dd7271c63b,8198519cebb468d9900b14f102f64d1392ca15cd66a60e0986adcf3960f119ca,unknown,Data,2022,35-39 ans,Île-de-France,12507542,18.318,7.0
0a80d3e31a88f486227860e3ac2a126fc006945ffe7a5b9214cfb2bd25d6a8c8,390919c988c07383d4c9b74cc8a01010d2396972ed0efda35e265592f48ebe80,unknown,Data,2024,40-44 ans,Auvergne-Rhône-Alpes,8238335,12.066,6.4
ee19988cbaf6774ba77bdcf564433093fb828cf17d4590192b2f26366a37eec8,0fa62776ebae2a8fa2baceb8df20061380d93af36cc080f47f4d14b7e43d2181,unknown,Data,2022,35-39 ans,Île-de-France,12507542,18.318,7.0
d0f6f1ccd728302b002699f60e61943be5a338133856a7097d8f9c0baf1ae6c9,cde3d22ab135192f3fd4611bc98e3d64f62eb42014a833deafe8aa7551f5bbb1,M,Data,2025,20-24 ans,Provence-Alpes-Côte d'Azur,5252362,7.692,7.9
19de6a51477a8d50a601e9bd8d36f9f1b85a20dba3f87de94328f04d2871993d,0ffb6088645284f7b2dd81074ac847de2698b5cf226ad37f0c3aa8c69ef2d919,M,Data,2022,50-54 ans,Nouvelle-Aquitaine,6181885,9.054,6.6
d1f117711153cfe5322ee8b29f75ae03006c40dea8c69304d0fbc2aaf8e4508f,903cc2b2ae55fc799897df6ebfeaf9ec3661c7739b7edd71b6ae4319b6618a6b,M,Data,2023,30-34 ans,Île-de-France,12507542,18.318,7.0
66efeb185c37c6ee3e4dc89e80ac1d209941372acf43bb122d98419b10fc2271,a336c49d92505314016e700a05014909507dcb5aa6eb353d9805d912318c7f2b,M,Data,2025,35-39 ans,Auvergne-Rhône-Alpes,8238335,12.066,6.4
18c1785640e101be2bdbd4525339a756031e3481cd2a7862a467a159f94a35e0,b2da74ba378949b0895ed5cf6b052bcc9db90f1d440268116e64860b579beee7,M,Data,2022,30-34 ans,Provence-Alpes-Côte d'Azur,5252362,7.692,7.9
a24b5f16d24e9bbe0f881fc40ee93d1e0ee58754f79f69dfbcb390c6fc0669c6,f95fd587a2ed4dcc7b398be0edfe736ccbdea29a6337bbbd65c4505641d97bb6,F,Data,2025,45-49 ans,Île-de-France,12507542,18.318,7.0
e39cdda3c83e355225261f8ed7bad288f23b292aec119633fbe264587fdc47b4,00d2c13e04bff2fcda18fa9121e85fb6716aa96c131e96cb15cd34ff10a9beb3,M,Data,2023,25-29 ans,Hauts-de-France,5983840,8.764,9.0
1117b7a4c9e6d840a929202c2ea5cb7951cd69fb8ed0bd0b92c5ba75c49077ae,bb4dbc6f1e908f76338d3f0e4a66f8275d867d164659ee67064d9d3722c4e0a9,unknown,Data,2022,40-44 ans,Auvergne-Rhône-Alpes,8238335,12.066,6.4
085b42abfccd766db861e9c0f6c61f2082bc06ec7c001079fd0b26acfa950856,4418a4910186a055fc938bb70667fa05db690689689aea1fa0ec590a03cd24a9,unknown,Data,2022,35-39 ans,Île-de-France,12507542,18.318,7.0
037db0d187c5abd4948e7e604fd9df9ba49bd43402ff740325a156a77aa8896b,78d9ea0f0f837663c824b667d49eb29358c81a613070853997ad358f93ec79a3,F,Data,2022,50-54 ans,Auvergne-Rhône-Alpes,8238335,12.066,6.4
08dbb4528b27650148800b6aff721d92679ffd2d4d4091b059ecaeda3682025f,50dd508596e49a81891e09d70ca48eb55612b2fa7c0cdb49e432ccd72fd6208d,unknown,Data,2023,25-29 ans,Île-de-France,12507542,18.318,7.0
33fa2684f930bbcf8e886c7d912a70d8065e0a707af6df2704e6e02c7c407b58,0878406708bf02a723730d734e36992dae3e63d13c00d7af7b727c4b12ed4aa5,unknown,Data,2022,25-29 ans,Pays de la Loire,3926871,5.751,5.9
50bed4b468a1d5989e3651c1e3f28d54dc0cff4a3f43b656fb7a507a016ef1fc,155c7cca8fa7546d430df029b1ccda15de9208f5e3c6b7fdb80df04381e767d7,M,Data,2024,30-34 ans,Bretagne,3469711,5.082,6.0
ecfc198985d0d3a070e357550d4a80d34607b68ca97e2bd6e70d7638c13956b0,2a2d0c185b27a468b4a577ff0df56679ca189accc2cc91305e874db2b7ece1b9,M,Data,2024,25-29 ans,Île-de-France,12507542,18.318,7.0
8c1cda4d192c5afe868f2630810b0133cbf515e4410c6ecf5fe934a11298e3ee,383c40205775e621ee588f6f6d0be0a85a76fbf6218996341c1932b4734234c1,M,Data,2022,35-39 ans,Auvergne-Rhône-Alpes,8238335,12.066,6.4
00f4a7d58a665de88a6db67ea100938e610de2cf9cdd0901ebb4877fb3b3c570,eeef2da751c0fe077943e264866d36a7edf9b7f4cbc1620ae2fcddf902aae8c3,M,Data,2024,35-39 ans,Bourgogne-Franche-Comté,2800180,4.101,6.6
b1617503b6a08d90769c66f0c771af82c3ffda2d706ef031b21ae8afb29145c9,2dc2d7b1aca9bd7f6ebc6910a8c7d066555fcedafb95ab1cc95b15d61e277b63,F,Data,2022,40-44 ans,Île-de-France,12507542,18.318,7.0
5690e07d5a6a5e42d5755fc8c200cc2f9cdfe648cb11113d53b769b177058dfe,9b7a887385378e487c5640748e98e652e624318a56b26df3a9eff60d123cdcf0,M,Data,2024,25-29 ans,Hauts-de-France,5983840,8.764,9.0
c3fae009bfd957091bf183b10bc271ffce6527bafd03842921464a116eadf9f1,3456adc714e6640d8d38d64fe6c25a4e73e1560d12496be15947e73574fc1ea8,F,Data,2022,30-34 ans,Île-de-France,12507542,18.318,7.0
3020804e51357be3c8d5d6052fcaee06336a04867f92f27ecf342588797ca9f5,4340904c8093eb75b4491e388aa0932f395f0c7deac70f08b31ddc3c97797708,unknown,Data,2023,50-54 ans,Auvergne-Rhône-Alpes,8238335,12.066,6.4
1cd420ebd42be842bdf642d90f9520eb352b1fd78cc251c3bd0a57a75991c5c1,66b881730f26cce965d6086be2277f70f1c0d6d89320802867ff44e8214758df,M,Data,2023,60 ans ou plus,Provence-Alpes-Côte d'Azur,5252362,7.692,7.9
30305321f88cf28367e6500f9e4c6b8a4823d87d00e3181d515394b5b873b8bb,fc253b84d41bbbe9080cb03c203f6b5eaae775c98c590e3f892fe0f5c3c691ea,M,Data,2024,40-44 ans,Île-de-France,12507542,18.318,7.0
08331f49d8eb5c8fcdb180c126d81d7c4e3cbcccf15331650a30a35469d8f246,4c080936a39195ad32c0395986944b2be8f74e64083fcc808fe8f9a37e830c6f,F,Data,2022,25-29 ans,Auvergne-Rhône-Alpes,8238335,12.066,6.4
6dae9006df526621ee52d8eb1dceeed3d15f586c169fec61c3238b9d426cdd2c,bdf955ede26e2a5eec0eede4bf58e3be28311127db8cf8cdffc029cca6fe4cd9,M,Data,2025,40-44 ans,Île-de-France,12507542,18.318,7.0
a6489e94efb058c670a6264b393a3f1fcc63ea93d8ba996e28448348a9240bae,f6b34b70dcda73ad17f23cfe280d01b4fc47a61158374fe54b80ba70c85d3aab,unknown,Data,2023,50-54 ans,Île-de-France,12507542,18.318,7.0
907bb44520a0b9d52e9a8d808f73c09d2bdd8cf45e0718b4d3dcfac27f6429f3,59a7ef20768a6a7b1573c242220e7f438c1876818618910fc177b10641d4075a,unknown,Data,2022,40-44 ans,Île-de-France,12507542,18.318,7.0
5d7327fc9a0c6ebbd3a15555859eeeb308fd2163a7a2edc166534747fafe70ba,a712820488a4f03eb27bac3cd1394c990811be1ebb921d197c57ed91f76b512c,F,Data,2025,30-34 ans,Île-de-France,12507542,18.318,7.0
ce422580be633aadd0b94bb2cc549ad0216382b171042ab93700a4b0f1ca6469,f1d4588399a0f28fb53661c6e0e5884293fbc0d332e4e76880e3bf60938964ef,unknown,Data,2022,30-34 ans,Centre-Val de Loire,2588006,3.79,6.9
3ef33f01f964ec2cbd12fef12c3326c61863e54839ac5fd91642a3b43d5ff0ca,0496baab1343bcfdfff1927133c5c2c17d3fedf8c532dcb275dc5cdf8e203335,M,Data,2023,25-29 ans,Normandie,3348960,4.905,7.0
07b88a94614a03a93a9c3b815705a96cfc9ca4598f3c190f3b63d0550750e5b7,24aac7666ffb0c0611db01c6bf40860f93b0047e663c5ac23bfc9429a19fc418,F,Data,2025,30-34 ans,Nouvelle-Aquitaine,6181885,9.054,6.6
31077aea0227611402a2be72dbb080475ec8114853c398278f83ee71abd8f198,1374e03fc076765b6ac92835cc1c45ad9ec59e807d3b952e61f9a30b4828d2b4,M,Data,2025,30-34 ans,Île-de-France,12507542,18.318,7.0
60a1575d141bd86d5696795b1a7ed36556ea0507cc7778ae72bf93e1deb44b38,b53abbed68b385352523728714837f4f116ec1fe63df7a59f88ecfede79b148a,M,Data,2024,20-24 ans,Île-de-France,12507542,18.318,7.0
6eeb1725b3212b4f64691aa03001615044277402e5d3566787e70206523764be,4293617a0612639eb54c8c9648cb95dc2b13293ac48f03ec516aec1c30dc6391,F,Data,2022,45-49 ans,Pays de la Loire,3926871,5.751,5.9
dcfdd856197835d6ed8b753fa69cfec6b7177e504e419df110e59d7de9633942,8df149e0df15c00c356b8ec06a508c1ee74a309bb1fc4c5f7321e9c8031c4f57,M,Data,2023,55-59 ans,Île-de-France,12507542,18.318,7.0
fe8f980b82900001ecab61e0d846fd57bf2196a9eadbf860f8c93f75df9eb3ed,551d59b6ff9cc75f5f7fc3cae69bd8b586c57b1a5857590bf08f8265dc5bb83b,M,Data,2024,45-49 ans,Île-de-France,12507542,18.318,7.0
3484684e4231792e43a3cd5c31b4c43960d52be512302f570bf0c915b8a634c2,70e08406233d799c489c9e03672dd92f89a21e419e6d57bdce2ec80cba071e0e,F,Data,2023,20-24 ans,Auvergne-Rhône-Alpes,8238335,12.066,6.4
e0c86fbdf88df29bfbf2d471e4c1a041809aad1a73fcb34bc1de3f4de6e43efd,b5fca731919dcd560b9c7b8983a2643e482e130ed7543ad5e739459b6bc1e580,F,Data,2023,45-49 ans,Île-de-France,12507542,18.318,7.0
24222c45cdf2ac66b0300c170f8c4f366187be3b6312591e3422900bbd0b3740,e685a84040b83e8c71a6b52a3627c649d742c7a90a1e8de085f49450cee40b9a,unknown,Data,2024,35-39 ans,Île-de-France,12507542,18.318,7.0
b3e04f4e864caebcae90749aa1b245679f4b98c26498a17ba844c6aa0f632836,251a50177543e9f2eeacd4cb37c0ef10de55b70aacd25bbd40722b5abf498eec,M,Data,2024,40-44 ans,Pays de la Loire,3926871,5.751,5.9
9f792337ea3a8ed8d86d041049927724e6bccb0f81b435f6159ab261320535d5,f48f41a2f4d148b8390bb4bf61ee45f62fcf28d07cf2d4a50eeb09c46eba2994,M,Data,2022,25-29 ans,Île-de-France,12507542,18.318,7.0
130ec49c82c7a3e8e8164b80fb4736e55de97d255fffdf59c50cfbc97deeed4d,6c60530a821967cc700db86391e6996f18d805a8b2cd212fbfd981f16959f9c7,M,Data,2024,55-59 ans,Grand Est,5557457,8.139,7.3
f200b5ac5e9f7cea5fcfc8e51ff13496292afeeb16e7c59d08d40ef995a3d90e,b6d614173091db6f9b54f5238b7ad2cb0decb38992671e821ab5161897d8f14b,M,Data,2025,25-29 ans,Auvergne-Rhône-Alpes,8238335,12.066,6.4
05fc52119f83271d72eb22b36627bb0bcb1b3713bd8277a6f10c1ff729e765d3,537c6e073cf66366d6c81a02302ca708eccfa652e8e0ba89621dd0a79d2c4e33,unknown,Data,2023,35-39 ans,Hauts-de-France,5983840,8.764,9.0
c615f4cb71bd7b5986680fdc01db87aa48609c8f630161956162dd5652ed26be,f7ccacf3a716a7d556a216cb743f6c8d137459ffd20fc92f7829bf6d8eecf3fd,M,Data,2025,40-44 ans,Île-de-France,12507542,18.318,7.0
e0f4c2cf2d40cc984ef6d56c990724473eb8a0cc03b6735d6267ae50771390b1,ffc0c31737e58c89697ffce2697c15ffab551a29df3fef5d645cd43cf7e6dec9,unknown,Data,2025,60 ans ou plus,Bretagne,3469711,5.082,6.0
1546e0873b451d4fe430a0ce210905f14d74830ea5071ec9a45fbbabcb7e8794,faeace42b184cd1bad9d46f6da954ea2256fd54a22099fbefc582b030d0d5816,M,Data,2023,35-39 ans,Provence-Alpes-Côte d'Azur,5252362,7.692,7.9
9e157c98afd0447f006a73fcf4ecc5da53b35d4a833c1b3a2e98ed1fd59c6a84,c4894420c38f846e853f448efadb29527a135b74c2e18027a56bb0754c0f034f,M,Data,2025,25-29 ans,Île-de-France,12507542,18.318,7.0
0f687f5e46ad2a0ad5209cfc8903c812570285c61f8a00988c6c8e4fe0ef289b,72c138d4bb9bbe26e9ad03e3d1b751f64ebf35b7bc6bde83ca8787aa378cb9f6,M,Data,2025,35-39 ans,Hauts-de-France,5983840,8.764,9.0
cd11d5809fefc02df749373825ddffe814f46d287fb10e8d1fa3fd7a4fdcbfb8,3843118ba9f055e0b0f08777d30aab360fa282584dca8858cd21aa2123945f7c,M,Data,2023,30-34 ans,Île-de-France,12507542,18.318,7.0
673840e5303072a907696aeb4d3f002b8d8346ca044850a309ad4600bf602160,5d2807a69bb198878854c19e79e95ac3bf9d22612135cf6e97c6585f89b7857a,unknown,Data,2022,25-29 ans,Hauts-de-France,5983840,8.764,9.0
5ee59e42064092c743e93c8f0860adc2520cbb60ea46a499f092f4b587385a80,936370e9f35866924e6969d3172aa20b6786801a125abb45103b401c81ae110a,M,Data,2024,25-29 ans,Occitanie,6165869,9.03,8.8
c9abc765434997372c138a11ff56bd71289cb0741ce0a14af4fa5f35acdca978,ed5fb0435b980cb306cddd11ac32dbcc75bb9b605a15ad082b0316d8fd67a2fd,F,Data,2025,35-39 ans,Île-de-France,12507542,18.318,7.0
4bdcff01d73d6a1cc0a2123e08e8e9c33efca4a8a3ee735fadc33331d87ac801,b5bdbdc88c80c2640e525508bc4c48b2688e792e61dad4f5b8b0959daec61b61,unknown,Data,2022,30-34 ans,Nouvelle-Aquitaine,6181885,9.054,6.6
7447b9751d21fa9a132e486288a0723683f367afef5441598a5fbfae916e6b99,affad1c8236417ed08921d6d4fec8eec7894a315edb83f8fe01a8c0b5bb71282,M,Data,2025,30-34 ans,Auvergne-Rhône-Alpes,8238335,12.066,6.4
bd6f9f94bf4f6ed5f05bc248d55cb19d4c3545d963ce66d80c4f2b9787e145b7,3f5e1d23c256b3ce3849ba4e5efe8eaeb93852373ad125eb75fe0bcceb7baa7b,M,Data,2025,30-34 ans,Bourgogne-Franche-Comté,2800180,4.101,6.6
3ed779b1ba80ebe87f84848b4220e721d5caab15ae049f9b8b4788efcefb7b33,510c4d5fcb278a5642512af2eaf688439f57f3f58b858e37ddf72bccabd0f5a2,F,Data,2022,40-44 ans,Auvergne-Rhône-Alpes,8238335,12.066,6.4
ce5c3e7cdbb0c8ec726872bf33cc65b767fd27b5cc84fe59dfdf72aea121f0b0,ed161c70fc55d53fb52755bd6282582f89d65c116b31c85743ed2e004f955ad5,F,Data,2024,25-29 ans,Île-de-France,12507542,18.318,7.0
0f757c29113d54617610d16651c26fbedbe7d8fde586533c1bd163ab787ae61b,5c8214fc4c18981e35997efa522312d5d011e35aacfa8edc8348d18058225cdf,M,Data,2025,35-39 ans,Île-de-France,12507542,18.318,7.0
d43a610fbe8622d06fd51c3543868ca09bdc391e8509351b3b50070efd4937bc,e0cbf346692d4248a374efb12ff02a6a63d3eac9bcf3761160ca584809115a15,M,Data,2023,20-24 ans,Auvergne-Rhône-Alpes,8238335,12.066,6.4
6dbd7cda45ac0a754bace831766e693ac20dc620d03d891054bb2c65f44e237c,334c8b7d9aa9ed8eebbd943f2026756aa0000130f9bc575da97570f1b7a7d3c7,unknown,Data,2022,30-34 ans,Provence-Alpes-Côte d'Azur,5252362,7.692,7.9
0f757c29113d54617610d16651c26fbedbe7d8fde586533c1bd163ab787ae61b,e10e441cda00b1c71df4d997ee924604d7711b989063dd5abfd6bba70371833a,M,Data,2023,35-39 ans,Île-de-France,12507542,18.318,7.0
c78edd1e153224b3df833ee9eabd6b8d3c8436f7d7db7ea9888e5861b5118f5f,88c041474ef191076cf4d2eb4ea98e07fe49ef33cd8267602665793ffa32d674,M,Data,2023,35-39 ans,Grand Est,5557457,8.139,7.3
1f21463af9f0b7a415b045e775bea34aba7694eaf1ee1e54055d98038c5e4126,e9d83a562604bb97bb50deaaa58abf9fc36ff08d10b395434672a0d90cfbe58a,F,Data,2024,40-44 ans,Nouvelle-Aquitaine,6181885,9.054,6.6
58084b316aba3e952d4ac41d52ca3721858943c53d5d3e4be803f601abafbd45,4652174f9b004bb4189aadeb14d81feb88490b5d4377e71b7cf1c4ee2b90a8a9,F,Data,2024,35-39 ans,Nouvelle-Aquitaine,6181885,9.054,6.6
1eb1a16de45d7185476e40f16d79ce5219a56094595ca39acaa5867c065a8db5,df9463454b96923f1def879001b5c2b51dc154c664474a70ec031003bcf75185,M,Data,2024,30-34 ans,Hauts-de-France,5983840,8.764,9.0
6d255f9a2fcabe3a03ee4e718c42081dc47b645aa6d7586196a02cbcc5068c42,3f10941c90c0fd0864ceab7d1f22e6d7e453fdac1505453d96cdc2f75f09d37c,F,Data,2025,40-44 ans,Île-de-France,12507542,18.318,7.0
c710058cf98bfe3918eb210673572f8e81a4a57daf76094ae6a39627bda7bccb,ac0cadd47e3078ef93aa620d16748c42c736c287ef124d0e9d8b0f69ee9f8276,M,Data,2022,35-39 ans,Grand Est,5557457,8.139,7.3
0d0a0a154480a575c948d97f49df3acc77640e62613c71e6b3d090d1c37fc786,5e3f87d4ea1566ab6d3a772a5ed290de51a1cf733c5f1463861f833bf5768390,F,Data,2023,30-34 ans,Île-de-France,12507542,18.318,7.0
dfbb990520213d499c1aa371ec923e75cdb3ec864e75007f3ff502ed31a69a51,6bb372a26f55f7be8d8b6c765f4440028eca2cc056fbed07fc98eb2e5a27dc8b,M,Data,2024,25-29 ans,Nouvelle-Aquitaine,6181885,9.054,6.6
960ccb9f0ddc3b3f0f5c5b404f9cf08073d7b4a01b55d59501dcf3d6752364c1,e7df648da6530fafa6eb1c90c37180c77c91345b64a542b03c53f53a1d4fb8d9,M,Data,2025,30-34 ans,Île-de-France,12507542,18.318,7.0
e59e19a07fa20da081f54662aab48e467bdf0453d705fba3cd918a3f18a469c3,fbf4745da899b8e2011eeffdeb4141b561c1d4f1d0641a9121e6c314b19d51ac,unknown,Data,2022,35-39 ans,Pays de la Loire,3926871,5.751,5.9
e29c678e12f70d0141f38811730a94a4d57baade65aefb53b56bffa851c4ef05,7ab6ac8add0bdd9aa75c42a3a50ba510053761b7824a6f0e6b4180d09d6e6a10,M,Data,2023,45-49 ans,Provence-Alpes-Côte d'Azur,5252362,7.692,7.9
0def8393f0cd2978adb312b8d78150e7b9aa99b66e7c3854f1711d0d6985fc1a,8f630f785040b1b335baf51a8d5389d0979d291f92a9c77ec89e3c5a22953ae5,M,Data,2024,30-34 ans,Île-de-France,12507542,18.318,7.0
50eabc704123fb2e8e4fd312d6e0318b8af324f4c800bcd251fb97f4b7362297,1310b66ab329817b56b2a310eb12f799dfa806ea5c4c5f4f81e11a8c1f5a2341,M,Data,2024,20-24 ans,Bourgogne-Franche-Comté,2800180,4.101,6.6
a466bfad8a65f69c00644fdd7293965cb1807999af5a45858581c2b9fc3ad310,40b1cac15d3e4baa0e0dadc92a65e24ce08746612aec741670012d5594be1122,M,Data,2024,25-29 ans,Grand Est,5557457,8.139,7.3
809d9c9c9ebc1aedf02b17aed17b08de472a6a5812b1be05a6c6badc84fd80b6,591310890a8dab95e319c029a922d53ab4587e6d653693f34944100b294166ee,M,Data,2022,45-49 ans,Auvergne-Rhône-Alpes,8238335,12.066,6.4
a9a86bad82490aae7256660277e708ea0196dff1eec45c32c09988fef31b5ef9,5f030586be636a0ce7f0e1a05bc22314103d1f4432ef0582ead021b2234ce51a,M,Data,2022,30-34 ans,Hauts-de-France,5983840,8.764,9.0
bca4d4080eab576acba952fb899c850f50fd472e21d717e67967a1d5bd33a2a6,4f242d2e45a33b7ca55c6f2fab00553c56ef12e49a0e1d4dd1016d1901402c46,F,Data,2023,50-54 ans,Pays de la Loire,3926871,5.751,5.9
b68328b6ce356aab275b4571d9dd4f26c1fa7c4cbf49fc82c2cbdacf75c17c2d,0b423b5d859f666e6f3ca0a75add7a128dad0172f26e72cd4257d40f5f773f9a,F,Data,2023,40-44 ans,Auvergne-Rhône-Alpes,8238335,12.066,6.4
3420902bbababafe0090883fe71974526b8a864b7d34334481d1a4bb250b992a,81b0b12a6f2f5fa16a7091ac7800450b007dbe0978d7595cd97e62899a6589e0,unknown,Data,2022,35-39 ans,Bretagne,3469711,5.082,6.0
0dee72566fa892cc054cdb6f5b0252b8292ffe6714a57f0f6066cd10dd8e24b5,6f60d4b204476b2893b2750c8f4002f32e03f99096cfbb50678c1fdd8e44ffb7,unknown,Data,2022,25-29 ans,Nouvelle-Aquitaine,6181885,9.054,6.6
12d2f70ca4410c2ee90c78417bea9c5af38f7b022068a8919374a55aeda27f49,db0e45aea03ac1a47266e53e3f159f3196d06d2007662c9186bce00ecf366066,unknown,Data,2023,30-34 ans,Hauts-de-France,5983840,8.764,9.0
3e8173977a01dcc2550c434102dab6c0bd419bb6f83d30470f1482f742469276,6d5c1f06682ee2eda16c2e0a64df907b1ad6bb98b783f7a92f0412d41af018d1,unknown,Data,2022,35-39 ans,Île-de-France,12507542,18.318,7.0
b9814acecabf9ace808aca8c77cf18be8727e9d77fff37b3ae54f417670503a5,a6181bcfcd1ae5ccdee20b214d822c374d192500153e447a4d610c1533a215d7,F,Data,2024,40-44 ans,Île-de-France,12507542,18.318,7.0
32c32e5556208331c00eea516bb9a98e4317b564b24dc81e7d480f1103f6cfd4,c4ef278e11207c9e3918f8097b49a36f7f48bb1bd4d54b4d08bae41da912cdfa,F,Data,2025,25-29 ans,Occitanie,6165869,9.03,8.8
5cade7c6cbc5e699c800259b25a9333e5eca5727f4cb581a9f13117aa2bccc3b,088a2c879887db0e4ac121b1052b6be4c5576e95b1be59822a42aaabb5d46c28,F,Data,2025,45-49 ans,Île-de-France,12507542,18.318,7.0
cc4b84d97fa8f630088e4977547720553e9e262ebd782655db44059e690ff71e,c8a7511d274e0e16dc9c20bed64b3b2ec07c10872c85dd7f22ea0f27f80e7216,F,Data,2024,25-29 ans,Provence-Alpes-Côte d'Azur,5252362,7.692,7.9
c02221079d3902e58244d14a98ab3e10d79d86e0be4f0816a09b7ef20cf51165,ec41a243cdcea4869622fb8f4b01a0b5ee3e8bf116559ddc4fc09df4a382e212,F,Data,2023,45-49 ans,Île-de-France,12507542,18.318,7.0
feea745a0b1e7fd0e2c07a189e69aff22bc147e7a3cfe366dcda4f4b753c41b7,a8e39782e052e5e95eface41d6c5e1db1f97c7d61852120cf8a341d8b1e30ef3,F,Data,2022,25-29 ans,Provence-Alpes-Côte d'Azur,5252362,7.692,7.9
efb3533498f037ec4e04e5a0b39fba90144e330b8e065f321f75a39bae2be0b6,557ec276c231ea373df063fdbd5e1f4de74bbad65fa478986f7468338ac506d8,M,Data,2024,35-39 ans,Île-de-France,12507542,18.318,7.0
b2075e4cfdb5e06c3b1469f8ba1051a433487e5146655073a412064103e54472,619868b0871d558443623fa4250e28a9779693a3d4d84540acbac2dae79cb21b,M,Data,2025,25-29 ans,Grand Est,5557457,8.139,7.3
386892dcacaf509397a3dbf4a342f3908d9b929ecf67c24b5dd4d3ea453ac533,34644344d49b3872a6f37a0079182b4c7a0c9d518b014068540f5b6562499a5b,unknown,Data,2024,35-39 ans,Grand Est,5557457,8.139,7.3
1ef9244f4b7c5c0146974ee5c0e3fd7c51f3e137d8e38812664611a477bcb8df,f5ba76f5036a01ec6a3877063378c188615cd0ff7f2333809477a6c423f1dc2b,M,Data,2025,45-49 ans,Hauts-de-France,5983840,8.764,9.0
2c3c549806803b720fb38ae59492d358f2c87520860c6aad51ed7c69ebeb2ece,5d3af787309d5b4e116ec47cfb3f4f4b93751ed2781b50f5425b5248fc9fc78e,M,Data,2025,30-34 ans,Provence-Alpes-Côte d'Azur,5252362,7.692,7.9
9c42ea31a61d9db082735c7b7cdabec377831e7c0f94379eaedf62a965b4c35e,2e450557e6c912feb699b5d451c2c457b673589ff65674f36836d117d2c79799,unknown,Data,2022,45-49 ans,Occitanie,6165869,9.03,8.8
7902930bd6eafb5d272177d6bad40df4032d0118b8970ab98f586e8830f884a2,f15c07400c8702940a0e6231d08e1f9c118de4bf3557a867b68c03faaf321dad,F,Data,2022,35-39 ans,Île-de-France,12507542,18.318,7.0
e41f9fb088429548ef46076efc4973b1fbf2704362ca6cacbc77863b5b868b6c,123ba7da7e0228f1d3f7332e2e91bf6a057afd8a340cc7dfdaa86c5135d859eb,M,Data,2023,50-54 ans,Île-de-France,12507542,18.318,7.0
c3586e1bdb6dd1b3a80008d7249bf7c3719bf143ce50540e56c373487129f431,8b091f2ae244b5251dee1d05b279ed1e85ea651abe580bd30430d9d46aa22f13,unknown,Data,2022,40-44 ans,Auvergne-Rhône-Alpes,8238335,12.066,6.4
ba5f6cab22dbd48aea5f70a1c2cbf97034f5932ecbb0b420fe891ee88cfe436d,cfecb6a82ca2dfae1cddeda9fcf70d616eafe6b830811a9abb6cfca7b3940499,M,Data,2024,25-29 ans,Île-de-France,12507542,18.318,7.0
9950c13b2c13b0d5dc62dc98f96af80923a63b8861814ededd60fd9dd728cdea,52450636221018ae963ebab8f930bd4eb253edf2e4b54edd22cd4dadfbcfccfd,unknown,Data,2023,45-49 ans,Île-de-France,12507542,18.318,7.0
45d598e8fdf31ab5b6c6129e6108407e8b727281bcf9eebf8e6584fa6905c91b,30b9a3ce23086f9f5173c3951396a65b9d536025a95fb55fa8720d472aeaf4a4,F,Data,2024,30-34 ans,Île-de-France,12507542,18.318,7.0
d17a137c131c7d5e4c807f73d474de91505b674f3b6463976f0df32be7434b94,862857125430e09cdd599761cb2081ef26199d5baec1528404685fd0bd5f0abf,M,Data,2023,45-49 ans,Occitanie,6165869,9.03,8.8
ab4e9ecdf31f90c28c9b2e0986f468e3b066756dfaf70b13d6b39aa5d5987c35,3e015489aef171b447861d1dbacabaaf1a81dfdf8aeb267ebbf1c0870bacbcdc,M,Data,2024,25-29 ans,Hauts-de-France,5983840,8.764,9.0
13c302ad7a8d38bf7681fb44dc3631a669e48934328325a9188cd9eba63c9a01,a3eb72e0362596e260165f207841d1749c339db4ad1cedae6868ee67905d424e,F,Data,2022,35-39 ans,Grand Est,5557457,8.139,7.3
f4e623ab5b5b09af394ad920a961688277747b5f71500ed4a90d2ea4db6a42da,5038bd52d83df8eca5193751b6304fd679b2a7cf76fdde0892a69b16244d4d2c,M,Data,2023,60 ans ou plus,Hauts-de-France,5983840,8.764,9.0
9afd01d974b5d56fabdc13fe4096074dfbb69d0a37ff8e19f1a1ef2e9630a780,388b94f0c31bf9b9afd82d55bc18ef35ee903916f6b2b58e3cd0455b384c2496,M,Data,2023,25-29 ans,Auvergne-Rhône-Alpes,8238335,12.066,6.4
c98fd9638389fc454925f5fa4f8fb4c0686215b6669885f047acf3d947350bc6,eff6c821069ac92577f2747b2c739908871d75620f285b6d9c5179452d5b5bd4,unknown,Data,2025,45-49 ans,Normandie,3348960,4.905,7.0
9beebcbddd9e66afeecfc0245df103fa8a98e1e0988866d4038946748d6ae221,40deaf562b09ae3309bc0e22d1fc233cbcfeaeb0240e023c765060653fd61b62,F,Data,2025,30-34 ans,Île-de-France,12507542,18.318,7.0
261b5b1c640d31c95c5a0d267726e147051e3cb37d9669b77490da56252bf15e,f5c57e2d55bd5516fa02429cb9354644294dfc540e04345508d71a3677234b01,M,Data,2022,30-34 ans,Centre-Val de Loire,2588006,3.79,6.9
f1bca799b8c52657b378879020a9a092532bdd62e1f21e55ba37bdd9f5af9d91,f57df5a476290e75fa083d1f3d8d798bc8513bae4d360133cd34cbb7218fc74d,M,Data,2022,55-59 ans,Île-de-France,12507542,18.318,7.0
bdf4299ca56dc2a825ff462d5e1fa5e5c4fcf97ef59675fb5caf8e976926c688,15d7492bb4616f759def60511b47840309ba0077a9d14e39c38abebcb48b367f,M,Data,2024,30-34 ans,Occitanie,6165869,9.03,8.8
13156788c1f7f98e4eb71ca2094e8fad30d805e5903aaded0f39447d796ee365,39662d043a520cd0141569de18e450335c926fa78d2da536bf99a041dfb14f77,F,Data,2022,30-34 ans,Île-de-France,12507542,18.318,7.0
caa7b59e7e9b7b3cb0e9a36f0670b708c10034cc134ead0187b150122871f8d5,e6c9cd9c2f5839bfab729a7cb38419495066fd75ae6081dfa450611189481a4d,unknown,Data,2022,25-29 ans,Grand Est,5557457,8.139,7.3
e47dabeea69906254f7c00c09c424f69c063a590a1ae9fe4988c2d5af239835a,338be1f942d0ce6161c500bdb4305de2d6817550f5eac9e44fb7787d81c11525,F,Data,2025,35-39 ans,Île-de-France,12507542,18.318,7.0
d5a85c71f0aa798a860bf21887a4c032eeed4670f8660c9d05b5a5509ce78ec9,3c48c8be697641af70ac4d97f79e9576a863493e6e50be5e6e80d3f6be2c15b8,F,Data,2025,25-29 ans,Île-de-France,12507542,18.318,7.0
5e71eb04f5ce05aa8a9bf28a0d547a23afad9b7ee7e256a58a8798a03dd0f427,3b628780c7e515a7c9742309c73120e1ff99cff96b9fbdc08fb714549554a0f3,M,Data,2022,35-39 ans,Île-de-France,12507542,18.318,7.0
cfc41b2a04095b864e999a51d8c5fa3aa35e964c98f35b186160863fbcb13f38,e28e09879b9b9b1a493399a149bff97d57cc1b4ac31a50ff7590ec2b9d2798e8,M,Data,2024,55-59 ans,Occitanie,6165869,9.03,8.8
01d7a27c4b856339cdbeb35701e617dec68e02502aa6af39ff8d47f5a367a33d,09a0f43795978c82a465431432aea63de04ca0df6b1691fc79634976fc42d281,M,Data,2023,20-24 ans,Nouvelle-Aquitaine,6181885,9.054,6.6
cba0d7c311280eb72e45bf0689b86e5147365bc8213c3a7b414982f825ab9f89,f85000139ecdc82bf4440edb9e135c5c3fca1d4be3a7739beb3dbf088b9b4a6d,M,Data,2023,45-49 ans,Nouvelle-Aquitaine,6181885,9.054,6.6
1a99f25c15899fa06f36ebc43c43fbdeb66a5a8e968d38d47f2f8cfd2f80c7e1,024a79cd08768554bd279ec5890f3bed1f1f18cfed54a0204bf3676e27a7a843,F,Data,2025,25-29 ans,Île-de-France,12507542,18.318,7.0
ce04c94c7fad31ac202d2289f94c6e4642ef65420cd0a819973c53d7b88b7cec,9991e69294b8c8620c22a35c238947b43d3bcb8b3d47a8bca4df162b42365e01,unknown,Data,2022,30-34 ans,Centre-Val de Loire,2588006,3.79,6.9
d4775d3c1c5af0d662ca8ef61fd88146adc8b1d734f0dbee09895a031da1b75f,cd166a262a4319e8d1d93ff932b578a9bef5bd7d84b415a6af7e7e536c19a099,M,Data,2022,25-29 ans,Île-de-France,12507542,18.318,7.0
17bcf652745e79beee7226b11a6be3c5f6ba0ef349d0dbfd8369a0cf3f61fcc8,23ca7e313c2cd5b63ff15d859c4e4669907a0805e076d03623fcdfada7fdf5dd,unknown,Data,2022,60 ans ou plus,Occitanie,6165869,9.03,8.8
1b41a50c006907d6a3bdaa4723569ca0cbe3535e46dfc82b615390b6c6220732,bda5379265dba34d101681190ca960adbda40d3cdfdf18b1eca1b76f6e2fced0,unknown,Data,2022,35-39 ans,Île-de-France,12507542,18.318,7.0
28599f0276dc3c64a873903cd316e6f9bc188e8828e455ef1cf6bdf0ba596eaa,ea80c5c1b564eba10c5f13353225e2455cb12fb547a35943c663db12eab34ea3,M,Data,2024,50-54 ans,Nouvelle-Aquitaine,6181885,9.054,6.6
ae1f67ecd6a19d8a90da5b4dc09d7cefff35931943ae9ed0ec5f3f29d20d6f2d,de219e49b21849df576a823e469321c84dd025794668dcf009698b932526ac88,M,Data,2024,45-49 ans,Île-de-France,12507542,18.318,7.0
e8c2415636b75af4567bb2000e2a70c81794d71643337a3cc6dfbeda2b22190a,ce34cb477a33489e4512b21786659ec7542b289662ae1df7fe90c48c3812af5f,M,Data,2022,55-59 ans,Île-de-France,12507542,18.318,7.0
e05c311b8d4e0f68fa470385f9ee0398de659a9dc4c0ac8bc535cdf5938559da,9cd41c8061cd19c3c1f54c00103cb3571b724b60c86eaa76dd58a3a27851fd90,F,Data,2023,25-29 ans,Centre-Val de Loire,2588006,3.79,6.9
f4f6db609b6d19c994e91b4f5de88678835ddcd4054d8318a6706d981250a903,6fc077e0c086ffd5a88985f5c0fca5b124e155c7015512201de33d6417618405,unknown,Data,2022,45-49 ans,Bretagne,3469711,5.082,6.0
fd979d4a4e29d16478ba9163110bee4b53e0a4d62f96c3caaaa2e1b4c55c6101,317146e78d7625551fb69e5581d9544fc52e54a1e236276eff01dcc678a6b4ae,F,Data,2025,35-39 ans,Île-de-France,12507542,18.318,7.0
4f81d8632fe2c600a5c67c0449f91f8c6688d88e66735e0e741cdcf80c5af297,03e7388d840229b3067f25066a5eff546f22eeccd33096f5d5231768041e332e,M,Data,2023,45-49 ans,Île-de-France,12507542,18.318,7.0
e33297d9d02ab56c07687c6566befb050d1305df9515ab77574154539aaa6666,c2e98d3a479ec810866cd606dc6a602af48f2c01bbca143e7a59663b09c27435,F,Data,2024,20-24 ans,Île-de-France,12507542,18.318,7.0
10cfc53f5fb19af47f996a69e62a9a2cc94918ba7169cc39011f4e08247f6a31,2b7112e8666a3029feb8d48a9e83a65277ad11020250f44baf8b3ed0ba2ac8f2,unknown,Data,2022,30-34 ans,Île-de-France,12507542,18.318,7.0
391663eda606bb456db0554c0596a531356750fb37b600f7558f44b4571bf9b7,5e76e3786ef0aad299d1033b53fe382eb3dfd764968cc3f7613601309af9c4fd,M,Data,2022,30-34 ans,Auvergne-Rhône-Alpes,8238335,12.066,6.4
ad37e8cb21f9021c2597003aa5ee6cf4b52dff9ef030919f5fed7fc2215cbef9,e80d2b90f02dd9bbecac8539f05a5cd7afafa3706931faa67d005bef795ef163,M,Data,2024,45-49 ans,Île-de-France,12507542,18.318,7.0
aca15c884f0862430999926b54d53bd7f05431485e857f2e1a31dda80ba4dc25,2b070271d8a137864392935f19207f6afb1998a631503c443ea32c6e4819e45f,M,Data,2023,30-34 ans,Île-de-France,12507542,18.318,7.0
bf8a71652088b370b0a039cad92fa786a55bf7b8620d97c12e8cadb9525e8fca,1ae0a837c2a1e4920b941347963e0ff7d6ffff9e1f0f08756a9d5ededdb857cb,M,Data,2024,35-39 ans,Provence-Alpes-Côte d'Azur,5252362,7.692,7.9
c88931d6a9bcc6de0d8b13b432da678172cce1cadcace35b2fc87e5e4fba79e0,631b901f83bc2051f73743d27ae00e7a0e2a7713140f2b6d1585a4a9cbf1efeb,M,Data,2025,25-29 ans,Nouvelle-Aquitaine,6181885,9.054,6.6
be71c1de32ca97ca5235c68204b8f6c7c05c6ba318431d59c875ff7e09f096a9,8297af1d13fbf52cf88631d9417c1ac4129fcc7f5ee21d86dcdefe7de33d0b63,F,Data,2022,25-29 ans,Auvergne-Rhône-Alpes,8238335,12.066,6.4
de5cea804ea1526fa83db17da5c6c9c4d534af7000f4df3d170eea757743090c,cdf900604145412e1d32e82e450c8bd8f366550eacbb72698c9c931ccf8411d8,M,Data,2025,35-39 ans,Grand Est,5557457,8.139,7.3
ffca064918c48e85abf0912dd26577a83c62fd227f55948504d0daf2781918a3,4bf2517039331422576802807d2500fc9ea8039e0dce33d006d14206f5404ec4,F,Data,2022,35-39 ans,Auvergne-Rhône-Alpes,8238335,12.066,6.4
a04be309a4698f657e7c1cf3f75ecfa29aed17e92c78437eeefd9dcb2895b520,fda97f65c9042e9d06eca66fceb31c02b217d444f17ec61924447bde95ab29ff,unknown,Data,2023,40-44 ans,Île-de-France,12507542,18.318,7.0
9535d2608f78d2de2ececbf767e95f20ef9c0ec352e772b95455adc5d4f2d0fc,b15f1a49c0424d3f0c238074703c6b16a22fc1d85fd3db4e7d2d339181cdd8bb,unknown,Data,2023,40-44 ans,Île-de-France,12507542,18.318,7.0
7b0eb131de1adade5d0b7c7229cb2b93312e68b33bfc61d041a62f7380753863,ced737d4859d6fb0d32154db1eb84466b5607735c5e65b66313b07e5c059cb48,M,Data,2022,35-39 ans,Occitanie,6165869,9.03,8.8
af246b642da83a50fa9a459081cb22b6249ab6964a0ebe30643771c5e1aec5de,7e6d07c010c6e3e403e4c2814aae5c25c21c002f20ba98c5e552e8626877efb2,M,Data,2023,30-34 ans,Île-de-France,12507542,18.318,7.0
d0ae1b82a46d5df5fd5b7438ed541ef6bd9c1d231f1317edec0f4a9cd58b5186,f21f7b1f5ba716c0177d4b4b956e351feddeab55c1b7aa144a7f0ed114007fdc,M,Data,2022,35-39 ans,Nouvelle-Aquitaine,6181885,9.054,6.6
fc8ad07bb995317c1fdc7656fdfbd434ee7706cb1938de9dc311c210ed9db865,8a3ac95526958a31d2e7f34c16fac875ee8ff3cb32dd18d9dc30842a9f4b590b,unknown,Data,2022,30-34 ans,Île-de-France,12507542,18.318,7.0
feae8a7de20d4951bba5c81c78126abc764c0e10a6aa27e101e7640aacf2d6dc,b8ffd14fb93a4ffca3edc46a3223708f27a2be2bb038a35f6400c5c7100c4455,M,Data,2025,45-49 ans,Pays de la Loire,3926871,5.751,5.9
a74c53a57dbbc2b9d14414af527adac04fa6dd0ad6adb68b50275f4f80adf460,100890af0f13f2fc5f9bc14efc30605e08e28cdc954bdcf3b66106fcd39cb983,M,Data,2024,30-34 ans,Nouvelle-Aquitaine,6181885,9.054,6.6
614e749bc5113c6f52b46f9d9502927e1873ca93a0feac1d8688c3cfe7bf1a14,8b7ce8d2d91905c711d456ac9d4462df43be1c4fc7df06a39e4fb4102ab30baf,M,Data,2022,35-39 ans,Île-de-France,12507542,18.318,7.0
3fce116ffaae5d1d51b92bd87ce6378baccf6830de80abd4a689fe02e667d279,d4e10751279845d1530730d7980a01a108b31d8c14feec13935b26333e6ff276,M,Data,2025,30-34 ans,Île-de-France,12507542,18.318,7.0
0a0f7dbf87f57ed8c6b91c4a4c1a3829fec3d996e4aa016ff0ff4c905a0fce32,600baf139cbcbf8cd9525ebd8796e15952cf3b428f4f38eba4efd1297a4c4b16,M,Data,2022,35-39 ans,Bretagne,3469711,5.082,6.0
908e6424253e5e70d8a032922f343ea313b7c16ca28fdfe8044920f326501850,7674f426bca52276ad1211e5dd14b22d2858d3206fc8371da6d733a3fe2ddc3e,M,Data,2023,40-44 ans,Auvergne-Rhône-Alpes,8238335,12.066,6.4
9fbaabc8cae3ffc66d0f3f1c79242adc918c008d8f235f993f81833d85b28dbb,e8e275a793ce0dee7788f29bf1589141cd19cf80beb6ae9f5eab233210b676bc,F,Data,2023,30-34 ans,Île-de-France,12507542,18.318,7.0
8e66526b1bef43f695b13958177c8a9d52fb5e76ba4ccf39fdd2f2716d5ad9a6,1dacfbd3a6fb0d3b570640d9d8ca4eeee5be47b6c786dd360ff543eab98e2bc6,unknown,Data,2022,55-59 ans,Île-de-France,12507542,18.318,7.0
15e77fd56fd3e75018c71cdebaf5e3c243aa5f2de306dcd8e29782f9c695e36e,51a9021df2917aef8adfb95c47de36e8c9bfff34041360bb870854340c4b7e16,M,Data,2022,35-39 ans,Île-de-France,12507542,18.318,7.0
49d482c251f18b44c18faaa4c0ea05bf3f8c10dd007ca486678cf61fd2fcd51d,f187d90a4b0c1383b23016b77ee06a5659ff51d0599e30b3030f02e357d24ffa,M,Data,2023,25-29 ans,Île-de-France,12507542,18.318,7.0
527ec835661b649c8eb2480e5dd31f71f48380a0ad3620eef7739fb84cacbdd2,0a4782cece2c97c6fd732dfd43394b0f7d1b90e7d34f4e36596772dcdf860d8f,M,Data,2022,50-54 ans,Île-de-France,12507542,18.318,7.0
a2f4e8e285aca51e78cc6b9af94958a230d67d94f5d78aba917d22d8f36c424f,e2e62b18e73db45a8b53a5184598f11276997ea22dd0d383aeebad50c740adb1,M,Data,2024,35-39 ans,Île-de-France,12507542,18.318,7.0
9d8a493d1b9c1e21216174e796a2a111c985652c85c2f870411f12812fdfc96c,53ac4097995e8515d2e73d52b6c9e217ed17816830784ebb7a059edc5ec75ee0,M,Data,2023,25-29 ans,Auvergne-Rhône-Alpes,8238335,12.066,6.4
10a09dd236e6cdefb08cc64de0be627c9b152ca7c2341a42ede1e6713c7ebda2,75e10a2c8c9259d5a2e768ee36854cbdbc61c7232e73abde9ed57d6689729ac9,F,Data,2025,35-39 ans,Île-de-France,12507542,18.318,7.0
b1a186879383f473a644f20974629757e67371cb28bceb46cfcc044f826554c9,4cb953eb4a0992996fed6b80824cb7d30f7a500e0b3e07a9f95f12a521cb76b1,M,Data,2024,40-44 ans,Île-de-France,12507542,18.318,7.0
9759eeb6c19cebf1afef8d1bb392ad09a6bda799c4cbd98a93058ea141e2fe4d,14e4add73ffc07dac7da57e39fd00215165b318575263426b16bcb15efda35f1,F,Data,2023,35-39 ans,Île-de-France,12507542,18.318,7.0
c11047a6170cbf2558615b44fd13aecd06ade585a162e49864f135afae73002c,544960f4180ce43d359ae642818d0a9daed6304425dcb03a4a43d4415f668294,unknown,Data,2024,30-34 ans,Normandie,3348960,4.905,7.0
625e812186b8658aa9a89242828772844c8d245f73f1b35996fb01c7c91e6bd3,2eb2f9abb348ef5076f75847f04c424119688928d375f9ce48e632eb31685c8b,M,Data,2025,35-39 ans,Île-de-France,12507542,18.318,7.0
523e550a0b8b308051b65f710fa1e545e5ddc43252e82330e9cb3b369581ff21,5b8c9ae882f2d73c8f409e07191f2fcc0af863b3e1b6a3df7c8f09ce2a89d487,M,Data,2024,45-49 ans,Occitanie,6165869,9.03,8.8
4a1d0ed9394dbc5ba7d1dc7926619803fdc9991e5e7274a0eff8b083f6c1a712,10197f9b1836c164d4c2c35093f1103a45f86148a439132aedcfe5572dc32800,F,Data,2023,35-39 ans,Hauts-de-France,5983840,8.764,9.0
848d8ddf866b5b3d47db3637ce46af71209d214ccbd83d854737bf81a743a767,cd4fb22f6a8db961812d55014f5d9de58e98900d90e8b731ac28a8ef4c26cb6c,M,Data,2024,40-44 ans,Île-de-France,12507542,18.318,7.0
08b21be72924f8c919d4da34d93be98d6fd5f7868657bb470a350542cfb43b1c,6f8a8867e23d028137b809c4b7cbb253c78b473c1b0ef756d6d4efa180fb30bc,M,Data,2023,50-54 ans,Île-de-France,12507542,18.318,7.0
5bee06f535c0fbd9c857748cabd4fea36c0e9e0675806d8f8bd7c7ac587dfcca,be688b3e34f0d45691137728352a026c866199aedf434b786b00a87380c07831,unknown,Data,2023,60 ans ou plus,Île-de-France,12507542,18.318,7.0
6ba7aa152ecf71c18c66c423ec4a580a5b1f7bdac0f28ff8b0f422375091cc07,b04182ec14a69c94b88b01f74b71a84ea47b02b35fe1cf4d072682391278295e,F,Data,2022,30-34 ans,Auvergne-Rhône-Alpes,8238335,12.066,6.4
c7a6ef42488cd2c623a1fd01d6fc957f5564a5ec1e7ad8d9facbd148fcf49ae8,64db23e75c88df106edb5af32c92de989972a73854df34833b7a8de91a4f15a5,M,Data,2023,40-44 ans,Auvergne-Rhône-Alpes,8238335,12.066,6.4
927f508ca907c9726fbf78b80d529c2e2320d1dbcf821b9725be49acdaf59801,d96874dd0fbf84e2bea1ac9d0d8ce708212a59f681f0213c78710fd56d0525e4,M,Data,2024,40-44 ans,Bretagne,3469711,5.082,6.0
2c22e75e389f819e228b831749292c59ed9b69ed14c1107ebf8a5dd0dc29f5ad,4a7f3a616cf72e03a95a5f716afe5cb9510619908161dd410078c3f7aca69169,M,Data,2022,30-34 ans,Provence-Alpes-Côte d'Azur,5252362,7.692,7.9
f643528742dff9069a935963d7dd82fbb35435e05b94f7f372d70cf27af495a4,85f288f6e7defc60391cec79688c49ae1b04bf17f46102168cdebbf2e3fab793,M,Data,2025,25-29 ans,Pays de la Loire,3926871,5.751,5.9
6983b69ed3c834255d4fb5aa0301fdcc0c2ab77a60444ec8c6fae2032713a76f,88be77cd8ae169f5778e254a8c4525f3b70d6bc47526060055504d56c1f52af7,M,Data,2024,25-29 ans,Auvergne-Rhône-Alpes,8238335,12.066,6.4
d935aabdc1fac73126e576d79a18e6d0082d2bec81bc35aa16724f703576c70f,03230aef498f49838f8f20a996c8a73f46091d85aca1aed48ff3988ff477060e,F,Data,2024,25-29 ans,Île-de-France,12507542,18.318,7.0
a8f1a8037e3278ed7e93179bb85731e3ad42017dfc5e58d13aa72887618aadbd,40f2782baba06c857aad96453efbdf8c508d50f6d82161cff87f5ab72263b42a,M,Data,2024,45-49 ans,Île-de-France,12507542,18.318,7.0
7c6109ab272f498669df8da354aa5044d0b6b7f686efefe3f6cea5b41c62e2ea,6ea509d4c391a988a3d7894c1332c16a6d130b6922943b5eeba6ef3e34da84bd,F,Data,2025,30-34 ans,Île-de-France,12507542,18.318,7.0
a501e0a0224c9fa35e1d6c6296ff405c57ca7b19ef2d5ade0416c56c53a9a0f8,007eb5262f01d4aa84dc0d85932ae4d395541b5fb0aaf38cdbe4f6a2e9015584,unknown,Data,2022,40-44 ans,Île-de-France,12507542,18.318,7.0
0103145ae26c67a9dc266b8420c06aedb55d8dcb4d4aba3816b2f59d459a55ef,b565e1f4ada721ea13adff05297c40c66fcf4277546c6c53644917f452e68df3,F,Data,2022,35-39 ans,Île-de-France,12507542,18.318,7.0
aa202f965d24ecbd21e202c0d38d47431d1287087b5185b490cb7d553a270256,96176d6337d158ac4585ad42fcc368eae5b60f4b6e680403cdefa1855578c7bd,unknown,Data,2023,30-34 ans,Pays de la Loire,3926871,5.751,5.9
5fec0428e275378bc98e47da830c59a957d8527fd382329345c9989b67a40b44,0778d34c07019456f24658428b7f220df71d93e6f40dbadceec8b282514b3340,M,Data,2023,45-49 ans,Auvergne-Rhône-Alpes,8238335,12.066,6.4
4093e14d7e7d7d68918f4f9c24f001ef1e566eda9692c42b18b484b8338f4bae,0cf78e78bf4a81fc677b88ae8f3583383394936db812ef79597fadf7ae64e1c6,M,Data,2025,30-34 ans,Grand Est,5557457,8.139,7.3
88f1989f27e6819bc1aabdc281d63c220b5f2dfc8edb71b1e9cad7511d3b5242,29f07922935532a9fe4efb4882a1e3e2f9fc06f2fbd061177d6bfd8ee333226b,M,Data,2025,40-44 ans,Île-de-France,12507542,18.318,7.0
f0b7175687c8692c9ce1221090816f8170079caa93faa3a7d74e6e5eac20928a,26f6b7370a385234218fe2ffa2311316329ec0c1d056be1d6eb6750d9fa5f87f,F,Data,2025,25-29 ans,Île-de-France,12507542,18.318,7.0
db3b47c7db9331a7a8c3d744c951e33a9d0bcd9bc11e40b2d03b6d84394855c7,24f0ce3ebd296304e082564e5bef4d6cce6d7ae2bcf1509a8c45e0e5808cf5dc,M,Data,2025,25-29 ans,Île-de-France,12507542,18.318,7.0
01a52df2ea8ef722171e9ed084b5b1a875557a2a441d05fd0761bc551e81736a,f50dbf5bee9029f79408fa6478b04f4e9752a54513803f941c1a55c3488ab4f9,M,Data,2023,25-29 ans,Île-de-France,12507542,18.318,7.0
0d9d200fd1652cfde4ff2760dfaba227f08cb785ca129b4930abd36d2dfec8e5,2bf99eb145ef74e7ab669384f23f58de81611dd685d30f302e858750518887a4,M,Data,2022,45-49 ans,Occitanie,6165869,9.03,8.8
179354443e310290d02be125592f2d272830623978e44bf94abab2b2c6ed07d6,642b739b942ae1ac240daeb1ab3c6399b0abac482d487ceb16c793779df0590d,M,Data,2024,25-29 ans,Auvergne-Rhône-Alpes,8238335,12.066,6.4
0d5a93f44e7ea86375397b8bad720bdd038865e2fae75d2f79ac56e4f4b84c2b,eaeef2a942a05449e5124d6fc9a5579eacf33a5341f49a0202dfc1ec6ffdccfa,M,Data,2023,40-44 ans,Auvergne-Rhône-Alpes,8238335,12.066,6.4
c8b45a50867de830c8212c46f48a3bc5d7e2489f225b4168dbdcfb4877a04fac,b038a94c2a39bf16cfc025b6e1120e12b30d6b9ba32f71d1c0afa5689e59a6c9,M,Data,2022,60 ans ou plus,Île-de-France,12507542,18.318,7.0
828017ec4ce66884192ca86718875933a19482461a2355f97c5485d87a6453ef,cef5402c01f7944166de83f49cfed7ba97e2b6b992c4b8a7fc465a05c93f55b1,M,Data,2025,25-29 ans,Auvergne-Rhône-Alpes,8238335,12.066,6.4
b0a381c5bae433df9d2520c22ce98108d8aa2aa82722ca8a09a82859504387c8,ca011aeb0dbdf97b3f5822d44dbcebc9ee34c8caad59a4f0bbde926a91fce103,F,Data,2023,30-34 ans,Île-de-France,12507542,18.318,7.0
b3c3fd9a3f662fc67e1114b178062edda64de2a37effe4cbd21d962911402fe0,cfd6fd666941d2755cfdeac39744712c00de97c97d7608e6bf84bb7d51baacc1,M,Data,2023,20-24 ans,Île-de-France,12507542,18.318,7.0
d46a0b615a646c9c5bafa715e762ddddc95991a2e609224a1813b5a7b0e72493,835b937239f8d44823b2ae907d0151b4a1806037ce7cea44da2b675864cd96f4,M,Data,2022,50-54 ans,Bourgogne-Franche-Comté,2800180,4.101,6.6
9eff354faf5a918d078a1de1b5f8261f0e226476fd933dc25b329344198796ad,9f5a09d3f221a3e492eb9c6aaa1c2972a5d68ead988116e6093fd6c70c8cf3d9,F,Data,2022,25-29 ans,Hauts-de-France,5983840,8.764,9.0
f7ac0f51f331ed165d5f786c6be667dc2d8560884224fb36a26947fc862dfca7,a95387f50141079340e2eb6f9aeb155beed8c4bb5ded365e6f10d6b929ff72a5,M,Data,2025,25-29 ans,Auvergne-Rhône-Alpes,8238335,12.066,6.4
421bc1b7959057109eff1355e6ac2b9b866a9d3d441bd98690048e1d7b98ee1e,b393915c4874bd921bc2c0c5522d5c87d61a3a9f25bbd778de7fd8e2238f7437,M,Data,2025,30-34 ans,Île-de-France,12507542,18.318,7.0
d9fffa0abc2b14b1ec6d35402c3a36c7e0092aa78c4c2b2f55a348fd3f49eb73,b68bda7462ef63d93b027a477f9da5f7253d43351bd35a4cf8255207b3515283,M,Data,2023,35-39 ans,Île-de-France,12507542,18.318,7.0
2a8f3dfee7baeda815deeacefdda068a2db02f8051d0c873a87da2a2dddf123e,d1ba015aaa8490a89b1f4673478ba2d1851b27cc353ae6379ee23628677dfb08,F,Data,2025,30-34 ans,Auvergne-Rhône-Alpes,8238335,12.066,6.4
63bebcd10a56968e8944321e4533ec782c125aa2578af3306c721ff24aa17833,6315a8625ab8ba1399bb2c2ad2ebf1a75ca0ed4d38ecd9128ac7f753c2fbff99,F,Data,2025,40-44 ans,Île-de-France,12507542,18.318,7.0
34a7ac28cf7fcde2a8c088b9014b35ea44925eb6e7e7accba8f75c7c8f5b58c1,c0a6d972c90b12435e401931704dfe96dcb8e1b37daa3475066daf4dde4dfec3,unknown,Data,2022,25-29 ans,Île-de-France,12507542,18.318,7.0
5e038c309dbc34723e4d51ea2078eb007e1d338f21fd138871ceb989d49e9731,ea20e6f43fd18db019168aff137e26174449786827755fe434591910846af6e8,unknown,Data,2022,25-29 ans,Île-de-France,12507542,18.318,7.0
2af628761e93f7a3db23ab30b4f8a8c16f6e14e7dfd20d31dca8b68f200c7b0e,7e457e2378f6bb26569b901d8b79312b6a6d88605a5bc56d34460874102356a0,F,Data,2023,55-59 ans,Île-de-France,12507542,18.318,7.0
dca19b2ee77700f0d298280db2af70d4c94298d35e7441677b45dfeeb7c06454,b21778233c714ba5785ae71e0eb79aca56fc57effab0cef92b6ea4c909c75451,F,Data,2025,35-39 ans,Île-de-France,12507542,18.318,7.0
efb2115d1649e98fd5772bb36556ffdf75c7ea65fc35cee1a4044bc23f84c54a,fb5b25f9a971844ddc2c7e7fdd9b2e94241f68e1d72f3d10ab839c1d7de9165d,unknown,Data,2022,25-29 ans,Île-de-France,12507542,18.318,7.0
4bd30b693d5613b800a59aa593e65d09d02b42f5dd074051e1810f8efeb1d901,f74dc4e9803ed4a8c9c125b04fdd67fd5c5e767d196a1120d811734e628350b7,M,Data,2025,25-29 ans,Occitanie,6165869,9.03,8.8
214123a5c124f6214e7078a0546171d527dc534a68593b837753ce6a0498228e,a363823b651811ef9be1251f7ae06680973a10d724d04f306406cad262ed0216,M,Data,2025,45-49 ans,Occitanie,6165869,9.03,8.8
66429d9cb99fcb9325c522206e4b1bb72e8aa523c1b537749f4c86b8d7bd8b4f,116d7bec832b7441d7970021d146f58363834453bec973cc519514ba2ff6f9da,F,Data,2022,30-34 ans,Île-de-France,12507542,18.318,7.0
3b7e57da792d032d38b479f2acd68ada9215f5c8770aaf2532d867034269fd2b,2f98ea7d24515f409a584acf3eebf5e0868c5a829cd991ea71b07c96802813c3,M,Data,2022,50-54 ans,Auvergne-Rhône-Alpes,8238335,12.066,6.4
7cf379d7584e5663aee500c88d27cb28d04695e743880fd133b1356f3ae0c232,d8d93fec59e73e88b59df91202ada863007a2062f1b10e5052e06d8f8467805e,unknown,Data,2022,45-49 ans,Île-de-France,12507542,18.318,7.0
413eba64e2cc802469b0240491fceb888dd6e034e3f1d883397850a925c45f11,d3c8e1161dccd1ef7cd4ee1d48182c61524dd744be235d37728f3d0c7398c6f4,unknown,Data,2023,30-34 ans,Auvergne-Rhône-Alpes,8238335,12.066,6.4
c301b6c1cc33c610673d0ab0426398f8eedfac657424f73512d8988c711f2a6f,9cce697e9df449ca2fafa384a4e539ffa06674288a8a9c0548394e5f912bc47e,unknown,Data,2024,30-34 ans,Île-de-France,12507542,18.318,7.0
63d27c40e88550d778cdb66b6e7b744ab0427d1435fd2ade65b29e44bc480964,626e80740cbc52c276a177fc53570caa7f5be6580c562343ff8834e21de93aac,M,Data,2022,35-39 ans,Normandie,3348960,4.905,7.0
f58e75e324b2004d0a7f355aefc3b1a4a3a4e57617eb1ecf0cb7e7204efe7195,9495f444d7affd37c5736087011ac3b1e815a2be9ef798a6ea73a5af801c5449,M,Data,2023,55-59 ans,Île-de-France,12507542,18.318,7.0
fb247d7fb876862039a90c5af4c72c90113d012091c3e0ac80b66989eefe19b9,a31f96e0d9a23b58bd2f49cfc974bc8083ed24bd1b41b1343f3c8e0903cc6838,M,Data,2023,20-24 ans,Centre-Val de Loire,2588006,3.79,6.9
7cb478a2442b7fcee5ed1d4693f244a559e14a3ffb2fbec2922abcdf76840788,91743651b3138d77dc64c72eb6df16d349caa7080c62d32e382fb04cb487368f,F,Data,2022,25-29 ans,Pays de la Loire,3926871,5.751,5.9
bb9ef1780797f81652534ad52328c7d715303e773f54218917397b1b4bc88247,2c2c06ccfe0126c6d0dd9f020e4729fdb1372e05e43564bdff93ce3d1f57e813,unknown,Data,2023,25-29 ans,Île-de-France,12507542,18.318,7.0
94ba780fad4227a265a536e9d032f604c449bf8663168ef8cc5109b69d574fa1,5fa3793477338666fa2cb3a0f02bcfe021f4909d8845bd33e50e686c9950c223,F,Data,2023,45-49 ans,Nouvelle-Aquitaine,6181885,9.054,6.6
bec28467cf6452afc96e8d80b752e85c0490dc529081860ddf3c7c7baebdc56b,f6b325b29d3e1fcf332ee479b6864b04dbe3ec604191cdd36278fa3853ae6cb5,unknown,Data,2024,35-39 ans,Provence-Alpes-Côte d'Azur,5252362,7.692,7.9
647ede8f30511f5ec1ecb84f263bf343890ea9490b1d3a47adda63247e4b3e9f,42b0e386ce58160ceeb81f3b2fba62edf5303ccda96f67b1c45d40ef13590126,F,Data,2022,35-39 ans,Île-de-France,12507542,18.318,7.0
9f251c9cf8eb7e6c11426bb43ec2d1a33143843fdb0358ee950fcc40584ca767,03ac9562f0f1a4b79c023eee99671b41fc266d461c3c7cb2ae147eceeceb5754,M,Data,2025,20-24 ans,Île-de-France,12507542,18.318,7.0
f53decb6ce2aec57c23f52b855f5f3a763a49cdef983a49783ddb5bf88f079b5,495f8794f1df66a325ac19a7fa588ce0d1677578664491f72890637f5ed41625,unknown,Data,2022,45-49 ans,Occitanie,6165869,9.03,8.8
5e3654a53584dc17fb8bc137564262c1bf1676e560437a95cbb8e482cf535550,6758d8a4cc1c1288be49e8e172f26cb94b28d6e5d65be1ccff8c22ba5e664136,unknown,Data,2023,50-54 ans,Île-de-France,12507542,18.318,7.0
5e3afb16763db7dbda17651f8cfda1df5c63c56c34efd06384fe77cbaa24a741,9e8b6ce1a8ccd3b0316368a1fdf4578705d1bdf08acac08ed87b300f7144f4fa,unknown,Data,2022,50-54 ans,Île-de-France,12507542,18.318,7.0
7904655f7657c683db3ab95de56c607cbfcd4ba4905032c8e61bd61960c29389,7ca03c9b589b20c976eec3fa6b73f5e84b9dd3d08325557d0289b6c3f1e69f29,unknown,Data,2022,30-34 ans,Auvergne-Rhône-Alpes,8238335,12.066,6.4
fa8c142663eab293030c36c240875b84d8e605048bcbc82389c64cdae5d5020a,ed0788cf2c4eb37b69aaf7795befaca6960f552b8dae5e9752d4027af408fd3f,M,Data,2022,40-44 ans,Provence-Alpes-Côte d'Azur,5252362,7.692,7.9
9393a89d601f1e68e34f361836c916a456eb68f00db567d72041b6aca1ea7a1d,a521264f9d2b7730d8159a8f5f702c7242cf366b2bb83b00dc4487dba956049c,M,Data,2024,30-34 ans,Occitanie,6165869,9.03,8.8
62d7e7d4be9ad87623535fbc04d3637cb5f28a0bbb8d84c7f9e464ac757dee24,c15f66cb0ca407f80e4c25aeb58dcd62eac38ecbc3aded37240be39ca65f34ee,M,Data,2022,45-49 ans,Grand Est,5557457,8.139,7.3
0c715a23de21bc5443edf8c4a23631584b5b90e24a297c1d31126226d2ef4e19,4661af4d521e10467df4590e0e9dd386e4cb2c72035f3392b1d2dfc3d4c3c21e,F,Data,2024,25-29 ans,Bretagne,3469711,5.082,6.0
c3cc01541595c704aea3742f585ed8d7085e9973a22414b63c3c21b9b3216312,89ff6740659d424e6baa02d5297bb42419be1c7339e14d6e50569b29f7dfba32,unknown,Data,2022,30-34 ans,Hauts-de-France,5983840,8.764,9.0
8ce2fb315c3c75fb02257dbf8736fda6775353bdae37468d712c94a65c94ec4d,6e4baa617fa0f996a23f4ba657744e1c304615e6079bcae4361f0d00c9c14496,M,Data,2022,55-59 ans,Nouvelle-Aquitaine,6181885,9.054,6.6
72ba5c1927e29e43d234524726ac2580b91232cd868abb0129835d8ef7a10344,c33a4c1589629d47e6ceb910b13d568dc868d158d565b97828ff72f2517c3871,unknown,Data,2022,25-29 ans,Île-de-France,12507542,18.318,7.0
43be88fd3e127ab53f4cebc3a8a2890b9af7092f8bfe67072dc48a2c3e351621,3d8d8f5c1e1d69341dc06a33d9ce52d1f9a8baa61d8e4200ea71ac4dfd5eda6a,unknown,Data,2023,50-54 ans,Hauts-de-France,5983840,8.764,9.0
9325f8dbce2c40de2294daf5c3662bf7105e3b744ce428902c4f2930915da37b,8c9e8dcb72bba5bc6ba20b8868fff36670bd0a100001bd9bc8899efb2a4a5d9a,M,Data,2023,30-34 ans,Grand Est,5557457,8.139,7.3
05df95f97b40ae0be0e4407fe0f01be0d9d8aafaa42adbffb5f2e2327e8a2b86,bc3a99016a077fa937e0b5b6e447bebe4dcd83cfb1f664c5ca3f9dc01478e54b,F,Data,2022,35-39 ans,Île-de-France,12507542,18.318,7.0
67135aa35c9ca71368ccbc18107a5837429e9b0ecbb7d92b6d7971bfc10804df,f0fe123cb8d794df256b9bb3c5adc733c62510ff235346442a950aba89b08858,F,Data,2025,25-29 ans,Auvergne-Rhône-Alpes,8238335,12.066,6.4
f3e15fba97407951ec2ed3f51d91f2f42cad223ccda0079cae4dfb9f8f2dfe27,dcc61e1f2be333ced8a142c2d20e4ec05474ae38e46c89368084dcd854a8ff90,unknown,Data,2022,30-34 ans,Grand Est,5557457,8.139,7.3
5c9ad7dde30df3880eee3a179923fd851d04599e2c139d87ceacc6c2ec5dfb23,cf7f819084fcc7e45c62fd5dc38579244805f759bc99b0770cddaacaabbbd4f1,F,Data,2025,35-39 ans,Île-de-France,12507542,18.318,7.0
e18c34e201f604de51140cc49193d3693bfd6d925caf75e449727962f7c713c1,f3ef95ce4220bddfeb94d9ac11b8dca4900bff72806b8280015f4a3b72c9432b,M,Data,2024,45-49 ans,Provence-Alpes-Côte d'Azur,5252362,7.692,7.9
3951f5f7da959316040bd5166c00e64a717bfdb7b4063984690d685f5c257f98,3c48ad1fd8aac4134e7f120bc799435265c5011010da2ce63e94781eec70c39f,M,Data,2022,60 ans ou plus,Provence-Alpes-Côte d'Azur,5252362,7.692,7.9
02e8b92e74b8b81d68b83bd0afa46ada401aa7152869726b8c3bfcffb0db2b2c,cd63b4bf4d488bf1bdcfc2e550f87ff1007709d87d592dd24ae279c0e670c48f,F,Data,2023,40-44 ans,Île-de-France,12507542,18.318,7.0
32425e35d096923a1f4fa12b426292bf29e92e64d86992dcd69608f816af7796,b3b0556909f0ca23a6134a39a19307af00f6151158266b8590860cc7052b569c,M,Data,2023,25-29 ans,Île-de-France,12507542,18.318,7.0
694ef791de2da2b1108cb2e813646b073c7bca90e8853abb88ef96b406c0ba55,35caa1dd3fe015db50dcd790506e92e5f2768801cea150406f6829a3a61d38aa,M,Data,2022,40-44 ans,Île-de-France,12507542,18.318,7.0
a6906bb393df7a49dc8e042cfb9fc32b0615985c5c1eb3b8234bf6a8ac7a8d36,0b1fa3907f3e3ff41e82e0103fa5fe4ba2d8f498f14b24beff0aa08517da7e72,M,Data,2024,30-34 ans,Nouvelle-Aquitaine,6181885,9.054,6.6
f34921507c994b69a09c0ee6be3669ecff7fecf53661ebc8f3dfbfe4be6cb276,b3e61c4dffb14395fa281b159c73b7be06cd6926fd8ff494e713adcbc6130b50,M,Data,2023,30-34 ans,Île-de-France,12507542,18.318,7.0
3ff78bb576b5f92c6cb2ae73a8025db09b8d5c77b227fe0a76ec1f69845783f2,3fa8cac3a474ed71a71f37caa1b7b73ace60703b5e3fff6b9f0c21dea7af083f,M,Data,2022,30-34 ans,Île-de-France,12507542,18.318,7.0
df1962a1d5509ad1f6428994fa6b58e883a566cf6d021e2e62ea27eac1366da5,9f0e3f04d9123b1b4977ca29fa269ca0af1ed3b42a7f5a85779bbd7668ccc701,F,Data,2023,40-44 ans,Île-de-France,12507542,18.318,7.0
edf71431602b510a74de63a2b1a8684b80f8077d2ce16c1600c1e4d798bafabf,4b502deff9f8a578761a59936f4affa7a33646a2da122b8c4d6d88f3580bf306,F,Data,2024,40-44 ans,Nouvelle-Aquitaine,6181885,9.054,6.6
c29e9e2a3ef360ce7c668c957d37f43a1dd2f285f86fc2d48460eafe51e3d684,8166e2146bff5c71b34587b643ed085b373fc6ae80859475b0c5cf1469d88290,M,Data,2025,35-39 ans,Provence-Alpes-Côte d'Azur,5252362,7.692,7.9
462439f6d5a600f34bad13a1c13c1de9f04f981b93d6f66e4b8da10e683b2387,d2777aa4ee224c8b0a4441125a1482e771755392895af43a14b88777bed5dc31,unknown,Data,2022,40-44 ans,Auvergne-Rhône-Alpes,8238335,12.066,6.4
534265a06348d0c75192df5b17d0989300e4b88970608dadc3177f51427cc23a,a6767b45f593f918b63833c024de80d74b9797f5ca0945bcf609d0d10c842f09,F,Data,2022,55-59 ans,Pays de la Loire,3926871,5.751,5.9
db4569adc9168bacabc168cfc72e8492c5137a2d61f476ed9aa2eb84fed1c344,142add0244984d33da86e4ca0fa402c6f2f08dbdfa5f303018e86936f0fbef70,M,Data,2022,35-39 ans,Grand Est,5557457,8.139,7.3
405d446bc8c8126469cf29b3362ac7afe4a89c107237497b9919771ea8a8156c,f8ea7c2da2e605bf0c0bcf25583633a1bbeb0187743756736a0aa63ba4f8742f,F,Data,2024,25-29 ans,Île-de-France,12507542,18.318,7.0
7ca7b2d93fb7acea4fd3fe197af72204653faaf7d68621df7b2ea0ed3eaafb04,4ee779999033d2dbdb9be73f40d5c6fc8399fb8ecc10c69af2bac0a772bb121c,M,Data,2024,40-44 ans,Nouvelle-Aquitaine,6181885,9.054,6.6
3b31d18e3954a77ed86f4c2659f3d3458da21481d9876e54f8ba0014645b62f8,55493e135e1813240886d99a87b6d5182914b3e8d30fcd627c60499dddb48045,M,Data,2024,35-39 ans,Grand Est,5557457,8.139,7.3
96d53261e338ce6282ff43577b8d4f44df5e092b2a57ecb37ce260f815dcefe3,19d30ac7ff95c905f800d99f92d0f6115bfa01b0ca20cf60bd29c3c65da8cfe3,unknown,Data,2023,45-49 ans,Provence-Alpes-Côte d'Azur,5252362,7.692,7.9
0a46d1ecb7e18407504c6a0e3147c31e3c3072b20a90c36dd7c0d2a9db5bea6c,60d4dd7e9636d2f8c655e3a47b311742604f94a0619f4989afc62e50b2682ceb,F,Data,2023,35-39 ans,Île-de-France,12507542,18.318,7.0
4132360ec70714f64a949072ab78ee193b8f84f5afca4362677c97b647b945c0,000511eadfc3f1924b909f0a53a05d7e77771cae7e0e76d99036b2df3b59fee4,M,Data,2024,25-29 ans,Île-de-France,12507542,18.318,7.0
60dc36d2973874da804ddb3e600dcdc1805b1043509002d711ef3462dd83b657,5b394ecb1b60fc1b8809a3b5ed88a85af492befc390ddd0243fc9aff7df97078,M,Data,2025,35-39 ans,Île-de-France,12507542,18.318,7.0
0dacb45c88db080763003cc087e8c609d5b25b56a96da7d8e58bcf59146fb096,94ef887f091cb1612bee36931a0e3b4e4b7892eb7dbeba243ae0ba2fba172044,M,Data,2023,35-39 ans,Île-de-France,12507542,18.318,7.0
1d63dc7009610e41141012e6ba8b563451483ba614daed097286930643b43399,2f7b48a8c6977cf9f1afc080522a7385db4e5e638d0696d913c45626e0f2293e,M,Data,2025,25-29 ans,Occitanie,6165869,9.03,8.8
c54ec30814054d85853d023f0ab4c43daaea40b10e450ee40efa7aa6061126de,7365285a3f2f3852bc03244f647df2ceb11c650bdc2be386cbae5021d8008724,unknown,Data,2022,30-34 ans,Occitanie,6165869,9.03,8.8
e5cf031e5bbeb372f6e5ea0e71fdfb4736095f117c9eb13838b928a93059644d,dd0c7dfedc54befba6bc1644fa337290f3acc02052aea338ffbaaa28b3c1ed4a,M,Data,2024,30-34 ans,Île-de-France,12507542,18.318,7.0
e675f38007832e8eb3de8338f44e4fe5c435c2e0ec4f0011b691fe4c9b66a7e8,cb809a4f1f0e4aa5722bbff63dcbf53e151c8d244528acffbb8771eff13a1610,unknown,Data,2022,30-34 ans,Île-de-France,12507542,18.318,7.0
d67eb3a6a6b0c8e297c306f336182d8ebafc849a1410b6ab2afa536cc002b6d9,98c4c7cd0e81585f0c4688ed0926d680d928d4fb97bdd0ac400c707845208081,F,Data,2025,55-59 ans,Normandie,3348960,4.905,7.0
4a244c8f1b2cc51618ba605c2020a2a52c36c76137f4eab1f7b4ab86900456db,b2ca5b2e333abcae8af60f1ca7bd55fc2045202a843ba62cddca2557c1e15631,F,Data,2024,35-39 ans,Île-de-France,12507542,18.318,7.0
0f2eb1ca5e6b0d7c1ff1dabd5de40227afd5920f74d320e97441a11358026e33,71a2e86372831cbab600572287e8ea572cb79f6b2969827ba9d5aa751fa080aa,M,Data,2024,25-29 ans,Grand Est,5557457,8.139,7.3
72b247091881fae4c39b0dc5b891e07d944fbd72c3ece10b1e4ee4a2f0cbbc8d,8591af2e47d65eb5de1459b1129a652360cbc5392f535e1ae320715e66c39635,M,Data,2025,55-59 ans,Occitanie,6165869,9.03,8.8
48e077e0f4fff368d5a185e0fb0370074404571f49e0d1db4227188d667c70c9,654c9010f49c342dcc3ee69a6781201c387a402b4c339319bb0806a347cb0b03,M,Data,2025,25-29 ans,Nouvelle-Aquitaine,6181885,9.054,6.6
e1de7f9d4fb3bdab64ea36a3a231efde2939685eebca809f41451db520e9ee5f,4e9c439b03169d66266c1a3476e7aa9ca80d3606ded669e8a0462b71da8330f9,unknown,Data,2024,35-39 ans,Normandie,3348960,4.905,7.0
976e888eb8a767f49c464ae21d281958864ec655d4ecda72b8dd8f5ae0540bc4,1be9102093de6df6c2ce7fa76575ddf7f88a5191c2ce0dbc8f46dc30231a8866,M,Data,2023,25-29 ans,Hauts-de-France,5983840,8.764,9.0
e5c39fbfac7af048b0055c07e9d8032a153d38e2e677bd1d890104bd6871ef60,21ef20d15a5e5578543d46be3a163747b6ea114498f42e6aa44e93c57713c5b8,unknown,Data,2022,25-29 ans,Île-de-France,12507542,18.318,7.0
5ee166ff17d96d271caed821c3d27357b85dee0f37dc29ebf4cb1d93f28bb3fe,796758bb263d6504a34bf5313d4456e64e22d0406cede77a792305d63d21a308,M,Data,2025,35-39 ans,Normandie,3348960,4.905,7.0
097372509bd791f1b3f36d7132659453ae9188e8443bbd7ec34ea0475402750a,97f9856aa7968d7172fe25a6c22989ceaf8f1ac17437cf3edeba5c2ee23502fd,unknown,Data,2022,30-34 ans,Île-de-France,12507542,18.318,7.0
a2e6d65c5f2e57b4e1ba3c0213611e4f9fed8a06d24936be68c9e87b1ccf9446,2ffdf4f8331a3dca2f85dd64dd1b26e14a3a1fe7dd1c3d7d6cb82ccfaa1968ca,unknown,Data,2022,35-39 ans,Île-de-France,12507542,18.318,7.0
f4f6db609b6d19c994e91b4f5de88678835ddcd4054d8318a6706d981250a903,71d480d5695c76b6d53c0529fc6989fdc6bbe88ae0ff4de3774f5b3b5807c4e5,unknown,Data,2023,45-49 ans,Bretagne,3469711,5.082,6.0
1977b44f679f7ba3c4f9635ca5d7d519a77e8c23877f8dc504055cbbb65c4ef3,ecf5485fac6accaf7098c73f67310b06869a78e727902352f3bac23579e07dec,M,Data,2022,45-49 ans,Île-de-France,12507542,18.318,7.0
7820c13b73813a76628492f84bd694bf8a7d114339280b5914b3bde5ed02fd41,047316322aa3337062a405a26fccdf5b1cdd49a7ab7d6305987a15da7fe7be2d,unknown,Data,2022,35-39 ans,Île-de-France,12507542,18.318,7.0
bf03c7dfed749c978d939477665a7a596fb823b929a90ce3bb262ab2e58e86f7,33609f66353fe6e0be76d57f02d387e1a7530da81e46d64c2488b9d098ac06a1,M,Data,2025,35-39 ans,Île-de-France,12507542,18.318,7.0
b9bd9caf9e6056d9ba3c6beb475e64b6d9d74f2ffc52d1d28fc840ca484d4076,06219ced9f3db170d1a43a7dcd0e7e99ca41cebc068092683eba684429d10f15,unknown,Data,2023,25-29 ans,Nouvelle-Aquitaine,6181885,9.054,6.6
e5f8536e28dd5434913232cb30bf1ee72cf1e5339821c6ce54c41b7a2055c265,1af22f29849a9c25f989f78ed1fea7db544a9a9877a61c3c7ee4edd19f7c3cc0,unknown,Data,2022,40-44 ans,Île-de-France,12507542,18.318,7.0
69dbc5c4cc8277d7cc985446566f221727741c138fcd1d0b30d6b094d945745c,81f0f3ff5943c1f89d2930e2f63d42e011653146bda6a0513fc07024d063aadf,F,Data,2023,50-54 ans,Nouvelle-Aquitaine,6181885,9.054,6.6
328bae568f7586464e57673a4abb3e8ad2e11ffdf5a80fa35698ead6cb2f22fd,3bd3b507ac620f84f3b303e01fb4a28c21c47deddbb4ee3031cba5d88dcae63b,M,Data,2025,25-29 ans,Hauts-de-France,5983840,8.764,9.0
caea28b42a86224b01dae7aa22ca19fae678b6f9245ea62b1ecbd396fc9c56a2,220d19e7017ff56eb264520272fc3bad25d2038b12ba6a1b09d88d4468e38e97,M,Data,2023,30-34 ans,Île-de-France,12507542,18.318,7.0
e6433bd3af6b6b125839f1eabcff0cb7da74f24f3d0605c2e47311618fc03f3d,f15654509d237e6789ea5979fdf57fef974396a60d897644c1e9dbeb22669562,M,Data,2023,45-49 ans,Hauts-de-France,5983840,8.764,9.0
d73290ee7937ef084012aa497d7a25dbeda51ad8b679db2581d6dc226c654fbc,5b93bea3a88427741c1932b7ce7bba8d3aac9fd42e9e14515ff55200d7f08b08,M,Data,2024,20-24 ans,Auvergne-Rhône-Alpes,8238335,12.066,6.4
9b7a3e00b18b0dbfbdf742d3878314270e1823af76a0b02fbec44a0d4dcde162,d31f99aeb4fc74cfa733ebaf52b4d2e05dda3f1ce7a0fb1acdc9366533b8a8f2,M,Data,2023,35-39 ans,Île-de-France,12507542,18.318,7.0
20cea879230ecbcc6ee1927464f5162ea8fbd531103e35fc1856555255aaaa90,70616d5ef305087c6ab8f5fcc3872c95fb267d25d93a9c2847cf04000e6939c9,F,Data,2025,30-34 ans,Île-de-France,12507542,18.318,7.0
4e21f559499a91cdb66823aeb9f15d80193e09091c638eb1d5ff65bfad5e1577,8557f416c9713bc39febc9ad17edd133aeb3886bfac1ff6bd0fbf86e6ced9e11,M,Data,2022,45-49 ans,Provence-Alpes-Côte d'Azur,5252362,7.692,7.9
44fb5333a241b3a3bc866c17f86a1a2dfdabb151b45a52b09b7acb27ec236957,acd8f8fc63f29fff11979dad9b91923d017d48042a3387c33d101835837412e9,F,Data,2025,55-59 ans,Grand Est,5557457,8.139,7.3
2b5d95d7fc263b4197855969f205d0836bad74f99fe5db70952d91be725bf777,6db97173a30325f504c4396436a0596ec4ebac4224b36fd6d70c5fbdb7e6ebe5,unknown,Data,2023,25-29 ans,Occitanie,6165869,9.03,8.8
3b46a7ba10153210af9426b24deb093af7100dcb1e9165fa3fa6d0346e497a92,987a36af3a8a67e0458e242ebdf8c221be1e23189a355182129abb97223d6ab3,M,Data,2025,25-29 ans,Île-de-France,12507542,18.318,7.0
dbe5d573132a625a4b6d81963c25508c8d4d73e85dbcbf29da365e8228bfb553,fb332c399bc2a87f6c54e6f6a785efde4228e99abdfef87f57b8e4afdd2e1ed2,M,Data,2022,40-44 ans,Nouvelle-Aquitaine,6181885,9.054,6.6
658d6572a7e8f9d2cf1e9ff01c2665cf925f25b1aeea51a9a5dbeeb5cc74772c,32c0f2070e5c025fecd1099e169ca35d715a25c0a863725e745e7b3c2e14864f,M,Data,2023,45-49 ans,Hauts-de-France,5983840,8.764,9.0
410daddfc5e15dc0a8aa832b0d7175d040401968e4d0f62322a839064359c9ca,6b6eeb1ea4849ae215ba6da7b3ed010e4af9d0a70d4efa95ea4708c2ac935d02,unknown,Data,2022,30-34 ans,Occitanie,6165869,9.03,8.8
30fe298674c03eb2059bc6b758344e1411324c5a804311f313aff4b4a6676906,7d161d866355b87ff076cff73c86eba99e28168824f349a3f6a76a1b76706ae2,F,Data,2024,25-29 ans,Île-de-France,12507542,18.318,7.0
e27b928e86e302166168f273d68fb1480e6e9751078ed3b61ab54c33f2cc2ae7,27eeb929730bd3704b9d6ad34206e8ab3787d08ff0eb9f04f7d1c4f6a934b0d8,unknown,Data,2022,35-39 ans,Île-de-France,12507542,18.318,7.0
0da6dc9fa05adb52c339a00e51671dcc93c2efa682a4fd27a9d0436935736822,6005f4f9838cd1b9ca7b0a462fdc6c18874173850833f9f64d71b86bd10cf068,M,Data,2024,20-24 ans,Île-de-France,12507542,18.318,7.0
bf61dedf3061f72d9b895aa7d749a4711e53d539be43acf4f2dc42a6cb271152,8a866694ef4740fcebd9e46f9701e6280c26bd72fb7486a2a8d90bbe786198c1,F,Data,2024,25-29 ans,Auvergne-Rhône-Alpes,8238335,12.066,6.4
20d85ddd4c2bb9b403457a1aee8554bee34cd754cea3e2a8bb758b3d53318000,c91c7911b30f59de7efdf6266f7162b5656ea97f21cb5f1b6901418cfdca412a,M,Data,2022,30-34 ans,Normandie,3348960,4.905,7.0
45815774dc8675ec37a6f38a1b855f5fd27c94cb5d723f47c8f212bfb47ccaf1,2ff1c54e26dc14b86d8607f81a3680e032f508167083d79e26c7240dd9901b54,F,Data,2023,25-29 ans,Grand Est,5557457,8.139,7.3
847a376ed1a30906fdf73299741ab9cd5568c9a43e73031439c5af49b3323270,bb8be8dcb0ded4f95c71df28f8782dd7fc4cea37be7e067c8b49ce6620c252b1,M,Data,2022,30-34 ans,Provence-Alpes-Côte d'Azur,5252362,7.692,7.9
703b257a7b4ab3bf12affdf6a3e7b783b49386abfe668feaef6c4b79b3f149eb,6e9d26d35bc738af4275568c6588d3c1f37415d7f89060b8171d74f4e6192022,unknown,Data,2023,35-39 ans,Île-de-France,12507542,18.318,7.0
819990e9ab6b3fe787abad55550cd5a7bca7cf37478c65e1dfc79d7a0a62251c,84d3fbe7cc27aade057cf39fef93b4a7322d4aee5689f4e12c74b82c08d81ddd,M,Data,2024,50-54 ans,Île-de-France,12507542,18.318,7.0
ffb9d7cd32dc3827845f4ae06728b0c3ebced8046245f23010b812965950157c,c49f2dd3c05eb56173526449f01e9246f9f6e551272f9971850b286e4ba590e1,unknown,Data,2025,45-49 ans,Île-de-France,12507542,18.318,7.0
fb5bc7f27b2ffbe327bad0493d2e4a905782ba4401e50d9947f65ea5d5f70691,d367edbf328983c2b6c131cdefd5098d245e79b95e589da4c804d31de0ecf4c8,unknown,Data,2022,45-49 ans,Auvergne-Rhône-Alpes,8238335,12.066,6.4
1ffdda6af31db24ad970ad2e8fb09efe9c49459d0c08899a8953e30f25efca51,ea608c1a12a7277e9cc623736dae0042a577c5a9e6a7a1520a64d6a2835e15a8,F,Data,2022,40-44 ans,Île-de-France,12507542,18.318,7.0
2aace42e705fb01ef91080ada67ca70d202fe7870f10869be7302bf10a87e10c,7e13c49575cdb92ea897abddb89a3f57eecc3c4305cd80d72bd3460a83e0aea0,unknown,Data,2022,35-39 ans,Occitanie,6165869,9.03,8.8
1365c696b8fbfd775808d645412d6872de8ce96e179f787fb299960c8b247467,d8a9ba562c2c81b11b61530a25362f5522e6084037af7232622c324fc35cc21c,unknown,Data,2022,30-34 ans,Auvergne-Rhône-Alpes,8238335,12.066,6.4
75de633d9fa2a2b2ed2c6f78fa8ef5fc7c434315a47db1294efc68ea3389c7a7,8cece1e3b000b02a7e90a6d5965221d1c41e618979fe84540536933b4eea61ea,M,Data,2023,30-34 ans,Hauts-de-France,5983840,8.764,9.0
10a32be217a7dddf208a3f9e3c68b94596e556396b3ba9ab77307ec0db284c60,d7db38fe1f68f0998681866a0e042550b84632a7f819a0134245fbb0a9473356,F,Data,2023,30-34 ans,Hauts-de-France,5983840,8.764,9.0
4476f76c4665302dc6c0ca413480aa1027a456846863c6d8f4f69327540820c0,bab666df4e2cda6a27de6671e7805877ea5dab8fd5f51bdf6f2495a4dc42eeb9,M,Data,2023,55-59 ans,Île-de-France,12507542,18.318,7.0
c51507af27271a61c9db6a355d4de45c5bf94fb7fd663a0cd5c738739e1c3177,0bafdf2da1a5d5cf11e5da540d887aee1d52021c5658ae6702028c8f74c5fe86,unknown,Data,2023,45-49 ans,Île-de-France,12507542,18.318,7.0
a3d3f6624811bb7312ca17f678b86d8a9e9a4693cba8a3839254e1275505789f,d2f6345e9b94d6c1f8b188e4c5d1052ecb4bedc9979f4db03c45fb2880adc9fd,unknown,Data,2023,30-34 ans,Auvergne-Rhône-Alpes,8238335,12.066,6.4
f708bf2b42bccecbbd5f1710f74bf622e42508a63ce746952cd61165aae4f94b,80c18b32003572d50dea708c5aafd17a07ca8d8d5328aca08f18708d91d4c4b0,F,Data,2025,25-29 ans,Occitanie,6165869,9.03,8.8
929d542e48cae4d7595392adceb1ef29477e2f586cf32ebba47ae274683b0c78,a517ef836ef0a45c33e860a173a3d135e8b533e9ea3fb4668861e5f18a8ff60f,F,Data,2025,35-39 ans,Île-de-France,12507542,18.318,7.0
ec048e0642672bd7f535b22b2ca49d16aa488b289a98e0f9e242f1a3ced25e54,aa193f63388aba8828e16189fb20effe28b609e40cf44010485b8972fae6905d,M,Data,2024,25-29 ans,Grand Est,5557457,8.139,7.3
ad58d07bb22acff2856a046639f8c4ab585b5671ee2c5bd06680420e7392e477,f5eb24de79ae543a4df96c89d64bd1eee51a41c4a9fe71bb7b1bf5264674582c,F,Data,2025,40-44 ans,Centre-Val de Loire,2588006,3.79,6.9
ceb5f9d12e4e99fb11cb7f5e1fc85d253e46698a6a0d5c7700e7b8a6d35f2488,6d1907e3adac8fb91ac39342c38b77a9de279785fe6d0aaebf63d790a3b1c7b6,F,Data,2024,35-39 ans,Île-de-France,12507542,18.318,7.0
57a76913584c7c041bc8539a5ca644e51c19a77be03093a725f5e908e8f2d2f6,9ff09bae29ed4b014fd758428b7ee5ef8fddbba1f5278b721356c6373dd61f4d,M,Data,2022,40-44 ans,Île-de-France,12507542,18.318,7.0
b609d4c13ec6924d9cb112fc34c1a7eefba11bc0b74b5755f44f73e39ad87634,ef24f23fc3345c21ec523bb399dd1ac67efbb78d83d1062f402af264f3a600d7,M,Data,2022,35-39 ans,Île-de-France,12507542,18.318,7.0
1cc6db9210b0ae239b09f57356e9d27df21a17feb7960cafef60151e30359f77,3bf51d0a8c7acd500ab12fdffdf23fe66c374649ac1c2333f6d4d0cd47a8e808,M,Data,2023,40-44 ans,Île-de-France,12507542,18.318,7.0
2fd6475335542c30ff84a89152dc527344f0f5c4444fd25c47646a8dc8d3b572,b7c8f644ba39f92a9505d7d263f910ea593101606e80e293e10269fbb70ca6d1,unknown,Data,2022,40-44 ans,Île-de-France,12507542,18.318,7.0
0056672cf9cf5fb9ab9a9a17f8009872ccfc5173e5d773da2d1ecfbcebf1033f,341af1b474ee055923590cb4e1efc14bc9cdc923de25f6689981ad30abb9a8f3,unknown,Data,2023,25-29 ans,Île-de-France,12507542,18.318,7.0
e534a02b9ca3bc257132144e321a7e0b64590ad84c4c8e1d63dfd69f01a06803,54b9583e788f57e1721de7bf814cb4a8f6d15476714241cecfb5b489c7391926,unknown,Data,2022,25-29 ans,Île-de-France,12507542,18.318,7.0
425635eba880fcf775ca1051de9cd27e0932356655030895bebb2357acf3f9a0,1c8f3f93f3220ef6bce778fab942c1c96745e8d7b0db46ee18a67d16dca28ea7,M,Data,2024,25-29 ans,Île-de-France,12507542,18.318,7.0
c187a7e99f4602d5c3ae13d1374f00a8f07f8aec3b8df1cb5c1d337c6b516042,5f8bf06395000ea860738b371af7aa4f64f3742fd02afc7365e525d8ee11c2db,unknown,Data,2022,35-39 ans,Île-de-France,12507542,18.318,7.0
24a72d221fd59a1dfcea2c046f88f5ca18e79792deab48bb57ed3bb0a73d0fb1,f928a73c7a36834bcebf3c501ba3f62df4ce7e81dbd2f0a73268a044423e2374,unknown,Data,2023,50-54 ans,Île-de-France,12507542,18.318,7.0
0dccc47ff70ec1594086dccf748e3ef17eaaee13e418448875d42b172d808f3c,272be4a907092d8bcf55d66111f8f8741d3ab97bcc7657b0b19b4fc53d186c28,F,Data,2025,30-34 ans,Provence-Alpes-Côte d'Azur,5252362,7.692,7.9
f5fdda470c313b7101970a685ef43d981fa1de655424b5f9f44488114cff34bb,1caffd802ac9acfc6dc96bd73298af4c4aadd33555c13dc2edd430cea027a084,unknown,Data,2022,35-39 ans,Île-de-France,12507542,18.318,7.0
ef0e14a2bb9dd3ffa3a00fb7ad2e440729df51c9b090c75ab621d436bba48cfc,6033de7f6c4e9e20278d52643029e466797fdd04f54f3643fc69dda715f2941b,F,Data,2023,30-34 ans,Occitanie,6165869,9.03,8.8
eb8310b5e97d20a56471c08f8a7891987ff06d983d3ba7edad4eb6398d1ca407,9971a7cd8a8e6505bc68e44f080e5ef7c819d0d74785d95b99a2cf3fd9e51d75,F,Data,2024,30-34 ans,Nouvelle-Aquitaine,6181885,9.054,6.6
dc55510246c5de37bdc3264dda31117e7393eb5b50207fe310f5901ee7429538,eab31a7a6a2c2e862fb7d09040fd51a218730606393d60175ffc3bbab4410746,F,Data,2022,45-49 ans,Nouvelle-Aquitaine,6181885,9.054,6.6
5d26ba1820e146c4dbcb819acfc6230dc7a1f8d621909185452b629034fe66b1,16463b2faf207356e14fe33b893c757073d89c2ccec6d469233e2e2de4d97f9a,unknown,Data,2022,30-34 ans,Île-de-France,12507542,18.318,7.0
f9f9b6ef4e89d9fea3c73da7d3ab8499bff62cb4b16e22ac20644e69dc25172d,fbe0da3ef0ada91d47d6021bda5e04f6610fcb9bf764112539f0411ef6ad9021,M,Data,2022,40-44 ans,Centre-Val de Loire,2588006,3.79,6.9
50c57281cd619fa514674a1bae67013ad86a3092a4c304f5f52c552433235837,b19eb19302fac135b2592b0a1793e2506d4292ba248131debf1e6c6d93fe6017,M,Data,2022,35-39 ans,Île-de-France,12507542,18.318,7.0
fd60cbf9ecc3ab295c31d0fb6499a9227fa8e8bac13b3d979646baba8e157fff,b23796f35f5ea42874b18f5ffdb0a0a14c4b5ba975a8e8d3c3d7b599e5314e3f,M,Data,2025,50-54 ans,Grand Est,5557457,8.139,7.3
55c43680955506dbb5f73bc56251ae46ff1a78b7a8d76318a1e785f3652cdd09,ad579c04e2d37f71ce65cd1e6c97cb4b87b690b58b0193f757dca761e2f96588,M,Data,2023,30-34 ans,Île-de-France,12507542,18.318,7.0
417b7f4c1b58dd42f920f19853596f58e5dc6d6a42ebc5901d824eca544f5d09,1d70c76814ed31b1b428f94e5f3912ec83068deaa0d99ea4ebd1539089ce27cf,M,Data,2022,30-34 ans,Île-de-France,12507542,18.318,7.0
f1c19278a589572cc03e0b74b2d5c8ae0e214b0026bae2564ba83012dfbd58a6,2f1c32f770ad677b8c0ed2031171c60994507097a138387d9214989a5d49570f,M,Data,2025,35-39 ans,Île-de-France,12507542,18.318,7.0
61dccfb1c406dea8aca3933e8cfa11c07c9d05640c0f8dbd2fbee577f6ca9e07,5e7ef23a6ac3866bec45e44602c7abd3030856996a6c8103c938483f7ca8fc37,F,Data,2023,30-34 ans,Île-de-France,12507542,18.318,7.0
2294fcf06aab81094962fa709c1afffee9c100dee1a1f667776427e815e88533,72b8b50f27df6b26531764c9c26f4efe10928c2f6c326423ea0573b5f40a0378,unknown,Data,2023,30-34 ans,Île-de-France,12507542,18.318,7.0
014c1cc89e2698159068c4668747dca83ad3d7afa9547ed2298e1522071172cc,8304dba4ff3dff2ada8f944783d24586b3ff6b1681c550517a18bb920e412a55,M,Data,2025,30-34 ans,Nouvelle-Aquitaine,6181885,9.054,6.6
8bebfc7f0da61b6a848fafd95b1f74dd1c048af0ab162778af40619e34b5be91,19e71101f88b035478cc1c0dcbd0477bc2b65ca50a06470314832ab3a4c4eefe,F,Data,2025,20-24 ans,Provence-Alpes-Côte d'Azur,5252362,7.692,7.9
b8e19e08ba49086737422e830039f06d2bf083603e3844228a5638c6b42b15e5,66c4a600e0773ab53c36fc71180f1e6dfee0b452b8ea8ab2f0589d6ac046d747,unknown,Data,2022,25-29 ans,Île-de-France,12507542,18.318,7.0
79e5e32e3d9186a454331df1e78c55046a8b8e04fb75ab688c7e6dc107caf09d,fc3b690706277b826ce76ba9f7fc0f47c2c31357c7f3ee62cc437347392265bd,unknown,Data,2023,55-59 ans,Provence-Alpes-Côte d'Azur,5252362,7.692,7.9
32786aa39f20aee7aa3f3cae5642f8fbd3504a750877554ad9d348398d6b7fba,f17dd3181f11d6f43158cb402561a60daa614aa4b3227230140a1a15953a1e81,unknown,Data,2022,25-29 ans,Île-de-France,12507542,18.318,7.0
17fa88653b12b323f1e8763db10b7931d08472deea0fb6ef132ba3943d823550,326928f788ab4a5dde5aea961774ecb4845d1fe74b57d73b9f374fcc4509bec2,M,Data,2025,35-39 ans,Île-de-France,12507542,18.318,7.0
66924b6dc9fa52fe78a41f4704b342a1cb5acc292a65791df5f7466a9e479762,ea4a15c20141eb0981a8fe518d89ef62b7bccb7865025a2154948b88e78f041e,M,Data,2024,45-49 ans,Centre-Val de Loire,2588006,3.79,6.9
c560e528c4a6514d69ac5ce9b1a34e95c4c195c844aa621ba529ce22886b968f,0b1d4d084e9c0dd559248852aefacaa87867a1d751c54089d26f0ea4e34c141e,M,Data,2023,40-44 ans,Île-de-France,12507542,18.318,7.0
7870fecc2c2590595a6ee5ce98df4424ebf1b64807757e5a136da0a104a58c05,764509b293366f3b2f3a93766d364dc2d6ecc3a113d60906ed0c2009fd819f03,unknown,Data,2022,50-54 ans,Nouvelle-Aquitaine,6181885,9.054,6.6
891934fdcead6aaee96234e6dfe178b6bfa4adeae7b7c11337d2fc056f28a49c,45e919f4050ea620a74713a61e18e6a16794f850b7e33012549544b0944aa572,M,Data,2023,35-39 ans,Île-de-France,12507542,18.318,7.0
c7987e78887123f4282d38655c583a7af7bb3c33879c14d93b1aadeabed82716,b63fa506f022804f4f7cef6efaa57fe3c67ea6c788688121482283581f3f22b4,F,Data,2022,35-39 ans,Hauts-de-France,5983840,8.764,9.0
86ec1489b20949c3b9d0145d6c223330dc8540bfc7a90183a7f30a36a834007b,3141da786190b86aa9b86398bf192146db369f32f93da4774c5299a24b65cdd0,M,Data,2025,40-44 ans,Île-de-France,12507542,18.318,7.0
01cb0f05d92dfd16c081bd82d718decb2f0b8ffcbb1cfd8451768c959d7136e5,aaf7ee5add6dbc575a383ad3b606b5e50f1ba0abb5e7371f524cf0d45bd084de,F,Data,2025,35-39 ans,Île-de-France,12507542,18.318,7.0
129ba07740512d35b8a56aeee02db035173daf7666401f0a514811db162ecf23,6868f361ab96f40f5c4ec364606ed71b4e950220cf06546d289411a7b4a4ea9d,F,Data,2022,50-54 ans,Occitanie,6165869,9.03,8.8
ca235935e024f3a4dbed045349c7858dabf4b418ee6ae14556e739e750f7ad6c,4f44fb5ebd2742cdf365d4f584aa0e4222a8227a7389dedffe9e31c861f00921,F,Data,2022,30-34 ans,Grand Est,5557457,8.139,7.3
fc5b8217a1f63df887aa221304f2934dbfcd210b14ecc716fce37564bc96d0a4,1cf3354b705b0d2ce8264857f49dd13f9166521b813bd33a8847a80b59d2846d,M,Data,2025,20-24 ans,Île-de-France,12507542,18.318,7.0
4cd2b2890239231cf114dba6b5bb7c5447c9f4dc957d4f6496e9ee5a9b8fb56f,e20934493566ef3da8c66e9d5ce0f34527b7e2313f9d3e4ff1a79c5ca90f7c22,unknown,Data,2022,30-34 ans,Île-de-France,12507542,18.318,7.0
c99ce042d604e4a10567c8068a4ccfc306bc751c5abea6b73f623491a9b333b7,0673b2da40f07f899f3dae303f41b29e047fbb8faae54ab7054eec3db9daa72a,unknown,Data,2022,30-34 ans,Île-de-France,12507542,18.318,7.0
9cfa91c87f56adcef6ae60acaa49bebf1e863c0e2df69aca1670d149a14cfcb0,c107eeec25ef8779e9b2e1e7611f9de296fd841fbbb0f12eef867346422109e3,M,Data,2022,35-39 ans,Île-de-France,12507542,18.318,7.0
50a933e8b3a2b88ec55a5043c6c60a39e198f466911e4e57820ed13f6e7909f5,9219a9820029e0fb3750876becdefee81f799f5b4189b5dfa684177c10b5abb2,M,Data,2022,30-34 ans,Nouvelle-Aquitaine,6181885,9.054,6.6
120ce2f4c19613cde48b9abb1a5e80ba00d58fbcb33f3b39b871082542edb5a6,e7f31ee34a73749e38e300e5cc2536aed0cf354e7be5363b6a985b1d7dfa6f05,unknown,Data,2023,30-34 ans,Île-de-France,12507542,18.318,7.0
e0058c3aa31151243e25792c1852bf306dbfcb02b67c289ccfe73186f6ef7bbb,c149c125c9ccabe605356fb95305cf23f4f63da050ac6182323f3c1846f4238e,unknown,Data,2022,30-34 ans,Grand Est,5557457,8.139,7.3
00907f995f96f2405a38402a308b1ddececc3c20ae0fd080196a404e2746001e,5dec076aaba31cdc641501358e148e216b3220c160f52c30d6ce932d9a4cd048,F,Data,2022,35-39 ans,Hauts-de-France,5983840,8.764,9.0
12dc42fc6a5ba6d22b7fa75a19c1da435aef222a454a30159780621da1489238,92ad390c925bad31cb035b296c3711e1fc8a80f611b6794ef8cb006359213dc4,unknown,Data,2022,25-29 ans,Bretagne,3469711,5.082,6.0
e50440fc790b0919c12d4e79aea3f569b2ab96f8d3a79c27aac3d7d6a438f662,6e273e928787fc4f08d5ad0dfe3c59e80817a7c66063ecd8a63ba535ac821f54,F,Data,2024,25-29 ans,Auvergne-Rhône-Alpes,8238335,12.066,6.4
7a92a1375538235c34b99c2f1c0387529b4f5f2049e00dc2c84742d5af882bfe,8a66a401571fe172594a240313d68448e8a8b5ed1e7850b5e0909239e2943b05,F,Data,2023,30-34 ans,Île-de-France,12507542,18.318,7.0
a7982dc17585af4da853aa49cb0f16660c3e3b0373eb5bb97c7ca92ed83e5f33,94c579f0a28e8a0b73dcb0dd9993279245b84a7765325d24535dd71067a08292,M,Data,2024,35-39 ans,Île-de-France,12507542,18.318,7.0
76ece23c3e8965e53140ba43eb56116f1fe430946be371beec469a188b558083,9b263cf27ace0f16e8702ca90bcbb29b6b0c03cd90e806811930b041bacdca0e,M,Data,2024,45-49 ans,Île-de-France,12507542,18.318,7.0
8167f1246aa549261baab80d8b04fdf645823ae6c35c48941b3d47ae8fd35e7e,16649388905272b2bc768043882414904fb97114335b5cce28cb8d0e1de95ff4,unknown,Data,2023,35-39 ans,Île-de-France,12507542,18.318,7.0
e1eef3bd1152d81536fbea9fea444d02ddc349236902a723fd62eba0a607bd88,a470f7865add6a571b1dc07257dddb0048053bacf023aaa17c8276fbb2ebeb6d,unknown,Data,2022,45-49 ans,Île-de-France,12507542,18.318,7.0
433c8044fc0fe53388711f29c60b6e680717e5c4a610c3ab244c037de936d204,b08ec12d01de09ee92d03516374ff629887fd2cef7754119a56bafb878c6c541,M,Data,2023,25-29 ans,Bretagne,3469711,5.082,6.0
26f799fb0f8a84dd905828109d33dab880efbef9d09a5b24ac8950146461014a,23ccc81dd1c6bb5ba25522f65dc67ce30a7db600b3353218ca7e94be2269bffc,M,Data,2022,40-44 ans,Normandie,3348960,4.905,7.0
0ba769e29200019a6b02ff30cf85e4109304da805d18fa93ec598c78f4bc8534,5854cd22cd25e092fdf896f0d34dc49c9e0bff34884195519dd0a8a0008274d6,M,Data,2024,45-49 ans,Hauts-de-France,5983840,8.764,9.0
00950ee78b12ebfafc80bfeff68de97b06c1d425984a4fc3c5e4f2e583d15ef0,9348f38f634357c45082507e21e8147d0a97e9b153942d332fe2c0ba495f446f,F,Data,2025,30-34 ans,Auvergne-Rhône-Alpes,8238335,12.066,6.4
c8c28b000d074574238487959cb2d630ecae7e08d6dd6bee81322227099dbd18,7fe5c853ce0cc6161a0453b9bbcd5dde7ff9ed96f796135d356de1ca57e46d6e,F,Data,2023,40-44 ans,Nouvelle-Aquitaine,6181885,9.054,6.6
6c36bd5771924f71b1aa3c7ef07c755957f496398d51983f9e14567487a4f862,220f6fff2ce7cf260027f3f382e7fddaed7769230bbfb042463820108b126918,M,Data,2025,20-24 ans,Île-de-France,12507542,18.318,7.0
e9e42a3245a3dbe1393b63bfd97900d7e91ebff9d1f2e8ab553065909abfabca,e41b42b040109f5becbd877c9cca0863b52f5e77ed85cd1f54860f1ffdcbe0f4,M,Data,2025,30-34 ans,Occitanie,6165869,9.03,8.8
0ee6e782b8eb08d79f36561f42dc2103c582b67098ec6f863c59e3ae650e270f,5a7a6b3f060ca08163122a9c79c9c2ba885a7dfebf3a90fcf4bc0d79a4a3a0a1,F,Data,2022,50-54 ans,Île-de-France,12507542,18.318,7.0
d50b6dd9bd5bb691b9557873ce54ff60d0bcee04c6ca3c1568d6a562b889315b,93f54e4a977aaabea75d0e277c0aa479677b0a0623f631c9b76529594a4160d6,unknown,Data,2022,50-54 ans,Provence-Alpes-Côte d'Azur,5252362,7.692,7.9
4f6230c321a76331a2e3664a97cfccaaaa51843cf179890566f23dabb34fc0bc,f5e2d31cbe284b04df5e495f89ce65a44ba11a354e74a2feb108330c063ddcc5,M,Data,2024,30-34 ans,Île-de-France,12507542,18.318,7.0
8bc67f781d51f898aa8787ee6c8fea9e613d4ba8ff2b5ecc282224729cb2c390,7b593d22f2151296e8a017e8d0db13c6cd388472dde79efbeeb8ca5ed6e56158,M,Data,2025,30-34 ans,Île-de-France,12507542,18.318,7.0
ca17d6b48cd9f77bd1895ab11f5f097b529bc1672a11944e139d43c033a01357,7d34785eceac43720d0b34f200e603ef2dde4721d7a9e213fd1ce8ed2cdc51c9,M,Data,2024,40-44 ans,Centre-Val de Loire,2588006,3.79,6.9
dbaef88a9d637f53e180d4a1067104b6a24d50bd6af0aace913014cf19885280,5cc23fc74181dc4ca05c33c3a557fe6dd0ad0d41894a2a1394cbaf7b639177ea,unknown,Data,2024,35-39 ans,Hauts-de-France,5983840,8.764,9.0
115d269cdb658ebe8b708d1df7512dc28c142e6e95cf4a6c06c00ecba82ec044,f8ae836f1bffee2b8d8a600059170ab90acadfdf6642f023b722b98b4caea531,M,Data,2023,40-44 ans,Bourgogne-Franche-Comté,2800180,4.101,6.6
0e8262756f7d07d410b4fc98f1871712bd47397b03adb6c7da00d0dccc7ad699,3af9ded4915ccc1953e563034230af7ac2c5f117d5f7eb6c512dac571d2db796,M,Data,2024,25-29 ans,Île-de-France,12507542,18.318,7.0
438889c970e89210fc9a0a99b321a44deb8e0658afcef215ffd4343c54a57fc6,1be5801b73e8c4064f2e2e0fde75de24de9a905b0d5f861757f9d036d02c0b59,M,Data,2023,30-34 ans,Pays de la Loire,3926871,5.751,5.9
25d54411b933f585692715f4dab0f8d45a20a60a2c6166e49ab598eda114de3e,456c4ca51f0da338c5dc1efb6f08b86a0beeb1337560532236bbd7bce59a3e48,M,Data,2022,35-39 ans,Centre-Val de Loire,2588006,3.79,6.9
76bd75d017604cd0da3f6c5d509a06c9a0f42e28f192fd5699c147c273255745,730418c5cc73380557d2bc03419ff2569abb193535e2d3b4284bee898378a100,M,Data,2023,40-44 ans,Île-de-France,12507542,18.318,7.0
930a67b8203cff558fcafca7829b34b8b4b9944104e866d048a8f42de95e2b73,5b406bae10a52d87046ecc782649e926f87fb2d9c15bae3407f418485aa8ef6b,M,Data,2024,20-24 ans,Hauts-de-France,5983840,8.764,9.0
e7d513db850cf8d6110636c63e29e3ce88ccceafe75eef5831502e2e07048faf,147c24c39fdf3a2fc5c241fc8d5ef99ea668dd84e89ff79d7357eda57f45bd1f,unknown,Data,2023,35-39 ans,Hauts-de-France,5983840,8.764,9.0
5bc58a9cf2764b229b24b87b8e9ea05af3d958da4c1b749b9115d0c4ba7cb0d7,7619880757dda02c32e1b75e422476b3135b25bdb2366a29afcff3d5b446c476,unknown,Data,2022,30-34 ans,Île-de-France,12507542,18.318,7.0
81618899dd61505277b1283171584b1005d4ce98ecd518deda07c8b6e0eb7027,1703af15564f87938c0a81204467b062ad36dc5828a658a66e032da04c29b6b4,unknown,Data,2023,35-39 ans,Occitanie,6165869,9.03,8.8
09ab02e17c1edf6d1d7cfcd86389a4e686f064c289426ac947fd737f1069469f,099427731e783654c434495e35d48ba0da67de48162efdbc9a6a86bc1ac318bd,unknown,Data,2025,50-54 ans,Grand Est,5557457,8.139,7.3
814d19b27a29f41ffc41006f9f2434a2f3ae625a117f5b6cc7ed8ad0eedbf5d9,d7d8a6c4cc6ad2065f03ec2cb14cd258c42cc1227a6965824db0e96d592c6693,F,Data,2022,30-34 ans,Île-de-France,12507542,18.318,7.0
92cd45c7c985594f1726836dfd917082b888ada8413e429aff7f2aa904a6f002,fb4fdfce379950c41756047d369210ff84f3a1ea15d5534889012468f3e94741,unknown,Data,2022,25-29 ans,Hauts-de-France,5983840,8.764,9.0
7e73a5d1eca1767a87ec89e7ed2dc25e4cb28829fe745a89fcf7ed99bab092a5,061fe3145f7837400c8d999b8ce8b988badfc3dee42abb01bd11afcc63d23c68,unknown,Data,2023,25-29 ans,Bretagne,3469711,5.082,6.0
252303d9727f0ba465725a3a2226ae43092c8bf6e8a966e53e092e3aa3e3024d,c693bcc788f1311e1fbeeec06ee0604ec2ed346a6235843928458fabd81db119,M,Data,2024,25-29 ans,Île-de-France,12507542,18.318,7.0
51d93b129b246f9a391dd0c8f45db330ccf829f4c9582c11166426bfa2fc9b66,7d4494dcc3bfc9b1a4078d1c6822f767cf2255e3153b6577800837276e5953c6,F,Data,2023,30-34 ans,Hauts-de-France,5983840,8.764,9.0
cd12d2d28e79d7d59ac72c125f009c86dc734d19ccf8463f68ab37f77e2b2dff,cd83a150883868ed1ea7e3143a020248f5461b5cf28d2d9b64b0c3e8c29a36c5,M,Data,2023,30-34 ans,Normandie,3348960,4.905,7.0
88004b7fa762b168b816793a19849c2d5e6dbd658754b8f6d88a45604402ba48,036762ec22455756554bd867cbbd71bdd54f9e3569cb0641e9a079183029257b,M,Data,2022,25-29 ans,Île-de-France,12507542,18.318,7.0
5538873ed65eba6d76b86e5b8ef791d83f8e552f31ec0fad94f4bfbc14e829ee,80fa43e21372a87234f9e474e359312b36a525724e5128811bfa4e58fd38ce2c,unknown,Data,2023,35-39 ans,Île-de-France,12507542,18.318,7.0
00362d671b7bda2c53f712adf83b33d8dbee3ce26c1e4c83e181c97a3d693462,71ee980f13ee2ba09b110c45eaa14a4a32f30230ac5ac62d2a480ad4c8e11365,M,Data,2023,30-34 ans,Île-de-France,12507542,18.318,7.0
24d50c7d167f93ef99237471998bdf65f4ad1bd75fb09d9847c549feacf8d89f,653b61c06482c0877a78faa607d9e2df11eb23269c0c2f73b04bb9528f8423e3,M,Data,2025,25-29 ans,Île-de-France,12507542,18.318,7.0
a2de82ed70342efe70beb8f33e3efd0123466dc972b1e5d264b52072193f1a35,2ac2e404b4f846a2f6a1c573d5fb8b9e0af0da037397cb8485b18564b67ed755,M,Data,2022,45-49 ans,Île-de-France,12507542,18.318,7.0
707729454cff3a6207e7daa0fd1fd4a8483c1bb8fea26a2e839f604bc4709b93,c392646f927324171c254ca22c29b225c65740d5c322551dbd96f4c24caf7d6e,F,Data,2025,50-54 ans,Île-de-France,12507542,18.318,7.0
ae1f67ecd6a19d8a90da5b4dc09d7cefff35931943ae9ed0ec5f3f29d20d6f2d,388470ad1e86db869f8c764d52f19816c3336c763cdd4b1c02413ffdcf94e374,M,Data,2023,45-49 ans,Île-de-France,12507542,18.318,7.0
0599cc1e0f18604496bdf10e09b7d46ee5f825acfb7af9ab502eb84cfe9b4221,02cc5824a40efc861ddb3449d6d52e39876d762e871405df79266ea02cd0c2c5,unknown,Data,2024,25-29 ans,Pays de la Loire,3926871,5.751,5.9
2601ba789b7af72792ae9e49f8ab6b3432b5a6da0aa5f795d27efb79c734d417,0e6fbe5428246dafc0482aeb2cb954e94c3947fff927946cd1c71686a06e3a19,M,Data,2025,55-59 ans,Île-de-France,12507542,18.318,7.0
dfbb990520213d499c1aa371ec923e75cdb3ec864e75007f3ff502ed31a69a51,22e9b12bd778aec9f1c78ccfea6a6b2e4997576a9d58bc42458e7fcb27774979,M,Data,2023,25-29 ans,Nouvelle-Aquitaine,6181885,9.054,6.6
06e51ac20c50b4208491732028cce9a3502c751f1155fca593fb832244756a76,a44f25d149f71e9f9ab88f97606d95437dbfcee8fe7245e987be78ac0491b573,unknown,Data,2022,35-39 ans,Île-de-France,12507542,18.318,7.0
db38f78b6ab4cfe721309eddc5c2e95597dd6748bcc010ee88fad5e32c2b36d0,6047ad026a17703b53fab4b80da999ac531dfe580d027c20a53d03fdedc8e81c,M,Data,2024,25-29 ans,Centre-Val de Loire,2588006,3.79,6.9
4c23aa673c8d26760fa47f0db1a7c375799b032a6ca1169494ebd4a2aabda8af,172f37774a6b898c691178cd23e170f47f082466a6828562db06a726a6768794,M,Data,2023,30-34 ans,Auvergne-Rhône-Alpes,8238335,12.066,6.4
b191bd9cdaea9ef2ab5834fe0dc04284084936db5d81793038678647eaa89088,e41335323e36526d2c0cda8b81c45e701c9021479e236e840dd5903f1fd31ad0,M,Data,2025,25-29 ans,Centre-Val de Loire,2588006,3.79,6.9
9e72159b7e03b429db2e736e901a49ab35e3d4b3405ff985963de36a2b8f648c,46fa4abcabbca6e8afae1fb760978b2175a0935b75a1bcaafc439c7dee31e9b0,unknown,Data,2024,30-34 ans,Île-de-France,12507542,18.318,7.0
5076f964de67c59d9acea1a8957a925c9a990092172b80c9a7da536a4a4e1a9d,1890713ea1656b746fe3e116ef754217f55f00b7723d8b40cc831cbfad162be4,M,Data,2024,20-24 ans,Nouvelle-Aquitaine,6181885,9.054,6.6
6414b248e3009fb3fc1cdf721299759f197bf510b36219a646c11b39b9996f7e,3fcb833cfdc2e2946e8b9284e33e03edec4a4d0316241907bed09d5cb3562560,unknown,Data,2022,25-29 ans,Île-de-France,12507542,18.318,7.0
cfe76cff788c7a63c3017135bbdee0f091b397a8e7c78d0f24ed08ca6e260eb5,ff3752822173c7b809fc26cd4c2e134d47201053b235e357359a39585a9a482d,M,Data,2025,30-34 ans,Île-de-France,12507542,18.318,7.0
f779689fb44437a6c122b7b14f30168c8fb564688d274b85f1e14235e4729ac2,76cf68520dd1c85f4de982645b8ea993d3a11b21453aeb1e4f729ac5c78dc830,unknown,Data,2022,60 ans ou plus,Île-de-France,12507542,18.318,7.0
10bb5cba37585ebad607389dc22e547a90428897ab943acb105a2f805213765c,8c78e9f87a377f5621763960cfe0884954946df88d3a5ff65a75c225b4532bfa,F,Data,2025,40-44 ans,Provence-Alpes-Côte d'Azur,5252362,7.692,7.9
c1cbb15788a9f3a3823fea02e436cf91b4b788c7dc63ff3766d236f8ab70511c,ef359507c305c561af0e34e2618800bef0e9f9fddd05bdf0f4ef437ea98f2f36,M,Data,2024,30-34 ans,Grand Est,5557457,8.139,7.3
b48118b9877ed14c37d5a17d25fc95c4defbdc88f304bd52ae76c3c6a0e2636c,179131c945e9b7ac3a164a742717de565af6e8763d3dfe6f48cc165c0985b178,F,Data,2022,40-44 ans,Île-de-France,12507542,18.318,7.0
129ba07740512d35b8a56aeee02db035173daf7666401f0a514811db162ecf23,73aeb2d603e5253f7eeac445c5edce12c486a29dbcf2e7a26bec29f5e8c97be8,F,Data,2023,50-54 ans,Occitanie,6165869,9.03,8.8
eae26ef77929010acb531d337e6fa80294ae48766a38daf596ebb2da38d1495a,ee59f80e4b0ee6b9dca232118a08811215f4832c6ab077843f15a559ecbf589d,F,Data,2024,30-34 ans,Grand Est,5557457,8.139,7.3
b0138b3b2a8fb42f02ee2876e5f29109fe34d7113bdff33a88f4dc202f6a674c,aef9f03508a5294bbced2041146587ff5a531f4969278a07dde0c8dd4c89a44e,F,Data,2023,25-29 ans,Île-de-France,12507542,18.318,7.0
7c21d79d67d71843ef6424052c66cf5f8532a64bfc1796c0495c4c689de87060,35a4eb9a751c9cf5b325ac1ef49f6644ff8dd6be60e3b6da22405999ff11b844,F,Data,2025,30-34 ans,Grand Est,5557457,8.139,7.3
cef27801dc46fc00c2cb90eadd6950586a7dec4bec1d0faedf3658379a16c171,78d81a70d1aa85106dccfd35ada379004923e304e86ca727bc2899887ccc152b,unknown,Data,2023,25-29 ans,Île-de-France,12507542,18.318,7.0
9a81438e580ad46d4ff388a49411efec0329f2bea6c69af2caa6b54d6f2206f5,d284b9d9e37fb777c17c38f215a0a2503e29d94ae066cba4ba534de7a702f0d4,unknown,Data,2023,35-39 ans,Île-de-France,12507542,18.318,7.0
2c359f2245456743aa8e34d9f62642b5e3f2d921ad4b8aa07f7fad7d370b79ab,1501e888ca2290ce417fa5cf5687dcd060fa0af2829b1625c5382ee9481e3ac0,F,Data,2024,35-39 ans,Île-de-France,12507542,18.318,7.0
be3d8e07ca6e8e2dc66559a1f4be4a5f52f6d7b2d42b4e99e87bb25cb3a3d595,46d2d8807b887c2cae310fc9593ea3e1c2f9b6319796d7b1a854b3386d3c7a01,M,Data,2025,25-29 ans,Centre-Val de Loire,2588006,3.79,6.9
0d5424dc18c308f228f96a3a90ecbf9325bf218e2e0260bff33342522e7ffb4f,3c7b692034c8a2ca185d44ae62939de3387baeba46cb3900b6112a8d447dc9d8,M,Data,2022,40-44 ans,Île-de-France,12507542,18.318,7.0
16c1e2abd0372380598416e1baee0c957ed5d469832cb2097b2159c994aa2b47,a8f2c707f365fc84c4ce714ab50c824d075486731c1ebb446190c5ef73607f7b,F,Data,2025,30-34 ans,Bretagne,3469711,5.082,6.0
2320ea1cb38d47107c14ac4a13df0964d70561305ba5b1021f3b7bc48b9ed3f2,c71b6273d61068bee668634bd88df12b3f29d34c1b1da3bc0b31d3fdd47067f3,unknown,Data,2024,45-49 ans,Nouvelle-Aquitaine,6181885,9.054,6.6
74d7885045fa5627349e93c7f97bd21ac84908dc8516db24267e4d3b7e62e28b,43dd005f44d7daa0ec62f634d0bec6d3aa42a952c20563a9a2e114391f4b4cf5,F,Data,2022,35-39 ans,Hauts-de-France,5983840,8.764,9.0
c87522318a458b26fbf7660bad36d3b823e7c578d8222577cb8c4b2fc1a2a3bd,d4946cc834de5a097e5e99c1fe610da725ff8022a7450778bf3d98119d14fdfe,unknown,Data,2022,40-44 ans,Occitanie,6165869,9.03,8.8
93c03e19864fb3eaac4bce2515c605646cd76f3ffd799dcab37afd0f01e13dc5,964d202c102884b777841e355d20ac10dd95fb4ebe3471e40bfade773fdbef5a,M,Data,2024,25-29 ans,Auvergne-Rhône-Alpes,8238335,12.066,6.4
9ba98d9becf45014d5480a4b773d11b206c8c931543aac4b9c9f10f0e73ad54e,105d327a76ed3176238a05578f940a9953a277f2969ab83efa7c0d6c93a46994,M,Data,2023,25-29 ans,Île-de-France,12507542,18.318,7.0
dbda7964c4afc28f26e42e88809e61c730a5b1f258815f08ebab44717c2acd08,879ea2a4d539f1eac3cb26a8c3590755829a676be60eb900c3d55b0fb4fbc163,unknown,Data,2022,30-34 ans,Occitanie,6165869,9.03,8.8
9ceb2b508c8d6e4be0b6e513e792f573ceecd7b6dce5fcb9b03fa035595cee32,bcf779f525325bb0b0a614e41814e884c7051cff18d803eb075ec523cc44cc82,M,Data,2023,30-34 ans,Île-de-France,12507542,18.318,7.0
50666a7cdd17b7d39c201ad286d22bce6f23c5d7afc063362dac04e1d57c93a8,fe27621af533111050be16a19ad8e50d66d204e34eb4480896017e098cb7ecce,F,Data,2024,30-34 ans,Île-de-France,12507542,18.318,7.0
9315dbb38c98c9264a1dad87d1431d5a71cb6db321abc05deddd57ba761f721d,2e00bd8f5f44168224e07331e6a646ce6c1658a76629d754c5fb84a6ccad19d2,M,Data,2025,40-44 ans,Auvergne-Rhône-Alpes,8238335,12.066,6.4
2cc255d86047b968edef7934711c7c284dc193df5b885b509a228eddaa236d0d,f1800eacae24e647029135ca21eeb769cb6ff69eac18a2c6d34440dcaff9569d,M,Data,2023,35-39 ans,Auvergne-Rhône-Alpes,8238335,12.066,6.4
ee8581c832d1863c43ddba03b707d5ef37cd5d40e9602e968f2b69a6faaa3204,2571f040ad5e60c902ec50fd6e331d4ee8bc4ab80da6eb006927a34b9bd973cc,F,Data,2025,35-39 ans,Île-de-France,12507542,18.318,7.0
55baf221933d93341e1b309bafae97bc3d171c0b975f33b38c0d7790d96c799f,37df9215bf2c250cf23a320d653c8b9ed78cb766d9e58fd626b53fbbd408977c,unknown,Data,2022,35-39 ans,Provence-Alpes-Côte d'Azur,5252362,7.692,7.9
c552542068397659aed3c03d3f4f3e0bd1402c96e61bb3e8c537c9a82a0b2a26,0b14be0cf7698098496349191ff5bf48b558f0dfd32ba0587b4e51c231e624b2,unknown,Data,2022,20-24 ans,Île-de-France,12507542,18.318,7.0
bdb0023f3d30a933da77ae0ce26159002d1a0f5b32f833d79a7670b80cf991f4,b33db09669f0ebc4ac4ecdd2318b49229bc07f55e99d4eb0d41b4947114f2299,F,Data,2025,30-34 ans,Provence-Alpes-Côte d'Azur,5252362,7.692,7.9
4a1d0ed9394dbc5ba7d1dc7926619803fdc9991e5e7274a0eff8b083f6c1a712,3218e17ad93ddc2e37ad50b3f17c2f407362a9f4e60b5db2ab906f76d65ebc21,F,Data,2022,35-39 ans,Hauts-de-France,5983840,8.764,9.0
c186e7dcda6c06fb2303101841184a516d9f84c3dbc50527ed6d2b250c0fc8bd,44ba3e65c000d55f67778dda40fd6c74084cc34823a9097fbc7703a98808acbf,F,Data,2025,25-29 ans,Auvergne-Rhône-Alpes,8238335,12.066,6.4
ea37c10d0a13585cc0dc2ae323b31a9320a8b85323b8a404462740bb989e777b,251e3f96ff01c6a23aa280761977f2bd40f434076e9a169aba119c5d76284c18,unknown,Data,2022,40-44 ans,Occitanie,6165869,9.03,8.8
ab3b81471f6073d984989b52cd4d1cd10df81a5e79be08058986be4544b98168,b9855e50ebd904bf04a26a2d7b0e443766b17fc55e551ca3ab1b15261204e6d8,M,Data,2025,40-44 ans,Île-de-France,12507542,18.318,7.0
c872b3bfdcbb4427e29744d9b22b40b1dcb62c018e2597bb683796badb113605,ca59c932b03601e629c65b616f628e17dfb4a9fabd2feb500098cbf739f4461d,F,Data,2023,25-29 ans,Île-de-France,12507542,18.318,7.0
85dc69c1c62e9ad0415fdefe6fab326c160f4a053af53e58852afda4174c7aa6,d3ae8ca05ae2fcdb3c8d7a09a7ad44d7bcb0c81d845d9f72d8f07be354bfcc11,unknown,Data,2022,25-29 ans,Provence-Alpes-Côte d'Azur,5252362,7.692,7.9
dc48f5e715d2e169bf86c0f02ce83ac832c194398cec8bbd737511c1d67598b8,5b2741f667ccb3e7b6b8a0b5f4ff462cdba8069b5a365bd62dafa3dfe044b428,M,Data,2025,35-39 ans,Île-de-France,12507542,18.318,7.0
f1dab4d322be9b3bb8de784be08cf218d3f092f63af5938c7957119101c4412c,190354b4d614f300039de35fe3897c29f9291621f2a6889c7efb8a2de42f8199,M,Data,2022,30-34 ans,Île-de-France,12507542,18.318,7.0
c83e96c9ee22718dcfdd6e7b27bc1c4c1009724eb58548d00e4e8a2326bc480f,2c4030f7ba56bbc3a975f6bcb140fc7039bff97f022dd6580e075874abb2a295,unknown,Data,2022,40-44 ans,Occitanie,6165869,9.03,8.8
30f1ccec08b9e28f2c4b33c90682d8d9bf6d9b6da42aab315882ec1429c6cee0,86e53a8d5b59381cd78488b3f88f1b9b05b1a6d8cf193c469d7d37aca6ed74df,M,Data,2022,45-49 ans,Provence-Alpes-Côte d'Azur,5252362,7.692,7.9
5eb626947f52fc126ee2eb45ec701f7457f15747f3b7aaa3203c6f6b272df730,c04b8a80ab561bd429c63c1018d7260dcd86f110ed289ad57a86bdb734560a6f,F,Data,2023,40-44 ans,Pays de la Loire,3926871,5.751,5.9
e179c6e9a8c703d313fe0d399562638b84cfaa881ec32a8687909135bd2033a1,3580b6a43d84b259602cea46cbb40b32a609a04e34a51edc52a641ba26a7bcc9,M,Data,2022,50-54 ans,Provence-Alpes-Côte d'Azur,5252362,7.692,7.9
f4dfe5fd80d75b7db3af0766fa607ccfdb6cee52c9da4cadec5f6c4091b44207,c1a0dd14e6cd0f065c86c2064a1bdc1d95d12edfb4b271d8acb36789f9fa1d6a,M,Data,2022,30-34 ans,Occitanie,6165869,9.03,8.8
8544311d297bd4b09c146b00184b0684398fd4fec97bb6ba3b64b1b39869b5e9,1ffa58c01d8532c281e6ebb57688be86eaa6778036b21771c4d3b16856da76d5,F,Data,2022,40-44 ans,Auvergne-Rhône-Alpes,8238335,12.066,6.4
cbb866ca5ca1046b835e2d7f55c45c61c0cc49c6ff0cf37feabd88f19a1142a2,33433e03df07a71e3a71499b98e445991a59e0a20c006f9315cac52093d5ae3d,unknown,Data,2022,50-54 ans,Île-de-France,12507542,18.318,7.0
0a505551ff7c74f78346c0920ab3353ab2c347f7eb31eb008e32fa99b9e90a65,54aa4f70e165ec5fef5d6befc342c2a392f359469181dbd1aea11bd8a8249087,M,Data,2022,30-34 ans,Occitanie,6165869,9.03,8.8
95d232ada186f7120c1b1a509007b1c6a9bd5791d459aa83d60caf8585922fc8,7396f6787760e6d4cd01f9538e341bba77c561fba62927e699266d44c70cd052,M,Data,2022,25-29 ans,Île-de-France,12507542,18.318,7.0
e1724b17866004ebbdbf6a78d4114826f258e0a8a81866c76fd4aaf5dcbe38bc,587eff6a31197f9dccd72af033323f1cb935a74058c6af19d718a934fddd3eef,M,Data,2022,25-29 ans,Île-de-France,12507542,18.318,7.0
6142c3e549596b0fceeffce91cdd9fae429e933f3d7954ff2c585708a2f41620,9f62ac255cdf268d68aa9257b5c9b69c6ed7a25664fa02cf56e34fdb291600f3,M,Data,2022,30-34 ans,Île-de-France,12507542,18.318,7.0
e47dabeea69906254f7c00c09c424f69c063a590a1ae9fe4988c2d5af239835a,9ca37d2cd6993b87541d4ef79d3ba2c29916ae7092d136293abd08f25f10a877,F,Data,2024,35-39 ans,Île-de-France,12507542,18.318,7.0
51fdadb5898c98878c13dccfc7ad87ee57923040852a0fa86112e4231e161d4f,d44923731bcea23049a5eea9550bc255a33d099007edd7a9d2176f998e14f5dc,M,Data,2023,55-59 ans,Île-de-France,12507542,18.318,7.0
0daadc162320fc142542becc5d2d20c614317322ca352409020e200f4a183da5,ed4ecf11f0b5e2d3e7f363ea30aea8fd158fc6a64b422e742663f0a756c19662,M,Data,2024,25-29 ans,Pays de la Loire,3926871,5.751,5.9
49807db6f9734207e1e10d68b872137a0b6d05b3121769dd4e36bd423118d055,ec4a19b645eff8baa6af59f45e75fef81da6801528ecff5cd7931e943981aaba,M,Data,2024,30-34 ans,Île-de-France,12507542,18.318,7.0
0bea4e72973d3bf1c033c4d7ac9a58d457b3badd51dc7b9ba3646dd2161e81cd,09de81687695e4244a583406325c867943a265f10edd5ce9bdcf03218f6e14f4,unknown,Data,2023,30-34 ans,Grand Est,5557457,8.139,7.3
48585a7934d655cf698095e9aa5ec8f1df6ba3e7bb2b370893b90fb66e52dd32,d952cb679dc8ad81aa2e7cff6d058f0cfa740b6f66ba1038b6c366773f2324d6,M,Data,2025,25-29 ans,Centre-Val de Loire,2588006,3.79,6.9
b2f4701f76bfeab5ba45435ea8ee7db4aa15cf2a691e0a3794e6f2ca94f21f7f,34e83a8cba46c5e91f7daf639dad55cc35fe55964a11d67a83d57cf64c5fdb6a,M,Data,2024,25-29 ans,Île-de-France,12507542,18.318,7.0
011fb293cdf909474446e67cdaaa961757cac4e7c67000016d24102fbf48bb64,137e5bf50492f98023208afd8ff38423c45da56ee8c06ae1ffa9bfb689f5fa84,F,Data,2024,45-49 ans,Île-de-France,12507542,18.318,7.0
828017ec4ce66884192ca86718875933a19482461a2355f97c5485d87a6453ef,47dd3c3423dab6b9faf0450301f953b9ebe7991da821a99cb6890721c06ef61e,M,Data,2024,25-29 ans,Auvergne-Rhône-Alpes,8238335,12.066,6.4
21025f4a7cb78002ff5a5ad5eddaeae5d948a35e3556d6ea2e2dfc7d33f69928,46cdea221ac019575cd993fe49472beadbcd0aebef02b1257e15e7e1b2c2cad2,F,Data,2022,40-44 ans,Île-de-France,12507542,18.318,7.0
a18b3c2b55083258cbf732b4012894ce949278035e426d5e5a650cb0f820308b,6d447239b306daa725259bc6ae7c267c772ebef61e9d67dbc94366dfb4bb0ec1,F,Data,2023,30-34 ans,Île-de-France,12507542,18.318,7.0
1da9fb66c4228abf00ca929ff0b7b3ddffe9ae1fbeb1d8c9e468d10b8ea56fe6,71d19bddeb9b69a9afc1f34f91603d612cc0130afb4c3e56dce460fe317d984e,M,Data,2023,25-29 ans,Provence-Alpes-Côte d'Azur,5252362,7.692,7.9
9d1f27c444bfcfe1f25fe7b641e65084a1564fbfa30c04e527aee11d0a4a55be,1c978ae61246b012f013da820446c69b20d342d106195c82d2775da084e0fe66,F,Data,2023,30-34 ans,Auvergne-Rhône-Alpes,8238335,12.066,6.4
b49d856d24cbead297e4de81cea47fdcc05c7bd1ef83574611d491f30656f0cf,562db44ffe0b5e7807fc2c0406732ffcb041178b28374565748c8c868de444cd,M,Data,2022,45-49 ans,Île-de-France,12507542,18.318,7.0
f34f71b2b22c36c0eb4962ad48bd0c52f3090ff6a4db8de5d9291c436097358c,eed3e95545215bcd12730bdae1adbca4ed85b1c36e35951f51a59b04a3bdb82f,M,Data,2024,55-59 ans,Pays de la Loire,3926871,5.751,5.9
f031d5986b008e6e6cf13e892b10c929858d08e9f83a557fc0eb9a9a3ff5b2ba,b590f8cf0b1b488afa77341c58de1549a4a69cc1b40f46b47da2c52a79aad231,M,Data,2024,25-29 ans,Île-de-France,12507542,18.318,7.0
cc37029db184da5dbd4c2d850ef4afbccf980026ce51717337a38e65d1b1d7ac,ce005c987845b1aba3d197d82d431e2c124a4a9a7e80afa67a120feaba8a4078,M,Data,2025,40-44 ans,Île-de-France,12507542,18.318,7.0
f38a059d289f5053707962c192c75547edfbfe28ea55e492b1dfce251770b3ee,b5be7b4b86ef15501e037fe3e0f3269f3c48f01558791a51605070da4f4ca2d9,unknown,Data,2022,40-44 ans,Pays de la Loire,3926871,5.751,5.9
330558280ac027e25e71bfba47f448869e1dd6486d6e3aa34ae2db8e0bcc4eaa,e364bbcead131fc633acaf611507b5ec49e2357409296f1008f5f94831a6e097,unknown,Data,2022,45-49 ans,Grand Est,5557457,8.139,7.3
611cca982e0354406a1487e9409496ca5910a3308581898ab650614da2ee8ddf,573d98f558a64f221b7c8e2270c9a7093b1a083e5eef23cfef93b5f33e6987a1,M,Data,2023,40-44 ans,Hauts-de-France,5983840,8.764,9.0
ccec0dac7372ac0e4122f0c566f846ef33e567623fff61a9ac3ad13d69c10b3a,85e4d6c9953065382de7b2ce27b7d4c2535f47ee10068c0c49685d5288b3ec57,unknown,Data,2022,40-44 ans,Île-de-France,12507542,18.318,7.0
be98eac31837373661ee6633b0d6e8bd26c40fa161a589941523c8035d6f146a,20d7ac13ca0d89116419e1125ad5932998d4af05ba289e0a0e60489334050347,F,Data,2022,40-44 ans,Auvergne-Rhône-Alpes,8238335,12.066,6.4
392ae53eba7608581f90f94d508533e6a50bbc5d15b73d04c5a1f99a9db7a9d6,1468efacb9672f306019f57e19b1fbcd535c4e9deddc331527bcc35b1e15c732,unknown,Data,2022,50-54 ans,Île-de-France,12507542,18.318,7.0
d63a3743dc17ff796faf11de79365db2dfd4db5873cc001da70186ab19bff49d,38102866f2def1372ef30be6eca12edf4d1a4cd70fb9a2347e6ac520a8ef99a9,F,Data,2025,50-54 ans,Île-de-France,12507542,18.318,7.0
340ec592559019056210a56441766e1f9d66e630353d746091ac36a55b774997,4aa73fdcab62f93df6f0ccecb443d989965933fde7a73a226425d46e7fe98341,unknown,Data,2022,35-39 ans,Île-de-France,12507542,18.318,7.0
4f93d0daa468c8004aa0397a9e7cc27da6ca9fac2f362b0c7f41639c08a13433,48483c2daab24ac6e035c7e11b59301c13d6c8923dcf9bc249c4449cd8e3d98d,M,Data,2023,25-29 ans,Nouvelle-Aquitaine,6181885,9.054,6.6
be4f7656a500d50a948bfbcb885df327fee206837e4b8eb03ca9ef9526bc6955,4835ef2931ae75a6b40be9f918f4a47487144794b1c07852209b0459f7d0e92f,M,Data,2024,30-34 ans,Île-de-France,12507542,18.318,7.0
aa02c4956f049e5ab55f83af76db7ffda9d448d510bae4291b6a0719dfd078bb,64657d056e32b62879a07021f3ab023108acf8468ab07163d2a14fc18c2a2cd4,unknown,Data,2022,40-44 ans,Bretagne,3469711,5.082,6.0
31f69f250110eca327a65b856aa3928d084570bcfec60ab13f4b27a1bf1d279b,512b342791f168473b9896d1f6928ccf6db5021bd37df6b0e07e18ad4d61c32a,M,Data,2023,45-49 ans,Centre-Val de Loire,2588006,3.79,6.9
973887e3d565a82d4eb7e78c23f3b07d7ed396180b58c9c75d4d412b1b96821e,1cc27db0b7d8a9ebe44e987bcc3bab93c5a3a81565402b6e7356d90aa5e3df15,M,Data,2022,30-34 ans,Île-de-France,12507542,18.318,7.0
c337715aad4c4aaf53dadd3e33e07d01a409d609b3d397398ed071e1d6198378,83714261ac1254355ae90ab6e594d3e0516c09cfaf19bbe1b5f88818f4221c60,F,Data,2024,40-44 ans,Île-de-France,12507542,18.318,7.0
cf9e402d58280d9d920c65953cde79f6837683832b79fe6a8bf1bdddf1d499e2,509f0635c93aa6cf371f05762c0657ffc90b7eaa85d61c3c8417e9fd918738b4,F,Data,2024,35-39 ans,Île-de-France,12507542,18.318,7.0
ad526c51a1aa089dd8a35e09b6bf4cc1e8a9cee5bfce9a2aa68492afe4d3a368,7889a26ab4c56a1837f4b7e438534cb8355eaa1c125abb17f87dca203fcc9919,unknown,Data,2022,45-49 ans,Bretagne,3469711,5.082,6.0
d0324de1cea3ae3746911cff842ea7abb3f0318fd5da1e880837befb83812afa,5ffa01b76cb2cce02d03c41b25f9db958b7cbb47175ca9c4fe3cc7bf78b3d356,F,Data,2025,35-39 ans,Île-de-France,12507542,18.318,7.0
93a25ef60c15760aeefafc3427662e8c88bd0cd172ce01243047ccdd873bc328,0a36915cff763c757ae0d78612b922067092f03a0b551af6e92bdb2a427caff8,unknown,Data,2023,50-54 ans,Nouvelle-Aquitaine,6181885,9.054,6.6
2544641063085ad61574a40782d106da71c51472c0c371346410410620ac1599,db8ae221d4864207e570a7e8e0b32218f330e6b66a23ab8ef5109c1df5d40820,M,Data,2025,50-54 ans,Provence-Alpes-Côte d'Azur,5252362,7.692,7.9
5c349de5a49db9e840a7f9591450ffd2ff2f98d11432c1e2bda03c751eb0a59c,1dbb79c0f07a88ec645fa0672027b6955306d9415623ac6288f06fe4c6252504,M,Data,2023,25-29 ans,Nouvelle-Aquitaine,6181885,9.054,6.6
d194610dea2ec8dafe43fce3caf340f5034a0525e3b8a7ee50942b9adb650be9,27fb295c30f8de6b993381bac3ffcf92433ba2d0f24e893da4c79650b0832aa2,M,Data,2022,25-29 ans,Auvergne-Rhône-Alpes,8238335,12.066,6.4
c522a98c4bb8815b44786b801aaca8a1e6d0a848ac441e8ca3089b863021097b,6ab1a40d431a44cde7811a2df0247093c8bae0ea3670dcf59379cee25c700125,M,Data,2023,25-29 ans,Île-de-France,12507542,18.318,7.0
cb1f3a2143641292a6d1432d2709da727cbcca6d38a866d3edd42066e002066a,11e3104f2a8543ef8c184c9b6a6a03f854c1a8e558108cf80d9c8ae6677669fa,F,Data,2025,40-44 ans,Hauts-de-France,5983840,8.764,9.0
f036f8a3fc3558fa9e461293af9b3d7ad7ee5b4b3f1db3e9eb6bd82ee8512bda,8aaabfb4c4ed4dc4191bbe113e52bf284a25b1571f9b5ba8de2ab984879c7de4,M,Data,2024,40-44 ans,Occitanie,6165869,9.03,8.8
c849b4c98784d9a9a925b77f84f320b4c6cfdd86c66dd923b2f761c870bc1aa1,5776575530a4493d736797fe1a6adce4caf19e91d3ff71a1ef44c7ffef0b27dd,F,Data,2024,25-29 ans,Nouvelle-Aquitaine,6181885,9.054,6.6
56c3e4357a7d5ffdda6a493e7826b6225247ac573fc212c3291428c4fe5eff71,6849bdeea8257d12c6ee0c467a5247ec69192dfe466d1892ce237f2de0a2f132,F,Data,2025,30-34 ans,Bretagne,3469711,5.082,6.0
f47cd10f1cb22f9795a02553d007530b7395d4d48c291d972961bc481bc38968,ab72e3d542f80441542bf1e8a6c0c435e9dc27a63808feff58e2343287f21f11,unknown,Data,2023,40-44 ans,Île-de-France,12507542,18.318,7.0
947cd3274a90fc5ecb4eb131ef41f51cef040109028ba928172534e9ac745219,21065f0cfea09899ea4cdbeb98dcb9e292c5f18b9f3d9fba2022170ccecf0c1f,M,Data,2022,25-29 ans,Auvergne-Rhône-Alpes,8238335,12.066,6.4
496868ed225db4c55fbd7d88174f0aa5f352e322edc88c2bb15087cc97ca1eea,d4d651250768b0a91d4f50df606f9b7bb97f398a2622f15c3a9c6250bb340bca,M,Data,2025,20-24 ans,Occitanie,6165869,9.03,8.8
1d3df50d0797424867fe790690775ec29d11f138edaff999b4007c896d8cc90e,5bcc5c9c31120ae82674823216c1868713f336aec4d02cd02adfebf994e2ac1b,M,Data,2024,25-29 ans,Île-de-France,12507542,18.318,7.0
cb25cc0ff2c59a0c4d66b9869dd5bb4d69ab65706d5717fef9a252a84d04bdf9,e2e37d4df42694ab8c8a4c712476c83b6933d74ef675aa594e8e16241198427a,M,Data,2024,25-29 ans,Île-de-France,12507542,18.318,7.0
504dd3771d7cc82c2e09c9ddeb6a338076950c1a3286c08f458e18ddb004435a,18b41b18eceb68e82f713b15ced70223fe4f5e663d775cf9186e92b2064d87cf,unknown,Data,2023,35-39 ans,Île-de-France,12507542,18.318,7.0
7a1df25a929e019dfa82c6660eb42b71d04b59a0d44dad219bc483ea2d0e023e,3369085a561a1b74f46508f0ed202cfa3b82a33512cf52b21c837ab8fa9171e6,M,Data,2022,35-39 ans,Pays de la Loire,3926871,5.751,5.9
96a2ae6743551dd6cae32779e0e84249ba07b0ad4a5b9384ee944cf92442819a,5bedac7febb6e77be4020f8ef640cdd36266a11434287b03a0ee881b6282e98c,M,Data,2023,35-39 ans,Hauts-de-France,5983840,8.764,9.0
0ba769e29200019a6b02ff30cf85e4109304da805d18fa93ec598c78f4bc8534,6cccba9ac7e41cd988089af57e5d688d450b44655787d9711e47f12c7f6548d6,M,Data,2022,45-49 ans,Hauts-de-France,5983840,8.764,9.0
a56032e893b28be939b665efaa584249d68f1bee8745df02a5c8295647d19e0d,964dd0c24873cdfbb30602dd8d757467def6e1dcc5f5234b522a5ac0d2d21384,unknown,Data,2022,45-49 ans,Provence-Alpes-Côte d'Azur,5252362,7.692,7.9
97f956389ea86309590ccd2a01d305df2513295457389bc8a353a5d49183ab89,3129ad6c672ea81059aa8b8a95ae5d2c40132c3e70a8bb35a4d05ef9d029845a,M,Data,2023,30-34 ans,Pays de la Loire,3926871,5.751,5.9
7bf026a46d971d41b43d119db4cd98f29c8835064dac79ab348cde5619d1e672,42c181c5559eb539d60897662e25dde25240c58ed8baf5151a074e400ee53046,F,Data,2023,30-34 ans,Île-de-France,12507542,18.318,7.0
8b867316e953bd41d266fe2a225f32b15d8baa43d9cf52edc14f949a5e6310a0,3bdcc4537a3edd3ee617d3fa88e56a00a91d5329e794ee07f46ad55fa72c2435,unknown,Data,2022,35-39 ans,Bourgogne-Franche-Comté,2800180,4.101,6.6
8651f569587fbba5b7afb97fee6ddd2b2b0db4ad611f80f053742ed29e99c0df,a39e946e1cb1001cc0cae82cd7944803fa33475a3bce71c5e2b91c10c41fadab,M,Data,2022,45-49 ans,Nouvelle-Aquitaine,6181885,9.054,6.6
87fb504028573f0d44eeda07bb81fe005f8c562755dbc293c4f206255e896cc7,f170942a4ffbb47f55d882072ba2c84a9a2a400477ccfb579cadb0b5532a9ce5,M,Data,2022,30-34 ans,Nouvelle-Aquitaine,6181885,9.054,6.6
84fdb17faf5e57d21d13766f0068edd27176eb1230845a526ea3b5b8ec86ac2a,3a5bf676e4118002a57d12edc6c5602386141af775b021c5eccf0323efbf26e0,M,Data,2025,35-39 ans,Hauts-de-France,5983840,8.764,9.0
7a1adbc06d05eccabfd868f9570717b7228a526ca158f86e3722ab4947c7dfda,f51a8e00884e409ec3b7fea6036bdce3bc895c447b7b30c5c93aa04953d616f6,M,Data,2024,40-44 ans,Île-de-France,12507542,18.318,7.0
41c2b756090776382f919e48742c2a909386d598490f42288a207137ece1896a,a541bf03151c96e466e50d6267822d2395b04bef095a04896c2b164959ba33c0,M,Data,2022,25-29 ans,Hauts-de-France,5983840,8.764,9.0
c1fcd460794e75b9d086e8d7f07a2103b5c93c0dc1166da729746bfc7cfbdb43,b5bc82a4205794f3f1bcc6c9e6033968618ed6bd141f874eccc54aa1631d9ee4,M,Data,2024,25-29 ans,Hauts-de-France,5983840,8.764,9.0
ba255d7ae4ca8e138c5d49d842d499b8ba6085067921d5480b1a6ac5a989c547,ec0ad12bb13ae3181bb7b509e2fc0fe4a1632fad408df9ed4154ce9884a2a20f,M,Data,2024,20-24 ans,Centre-Val de Loire,2588006,3.79,6.9
eed93cb3de147009e7b0301d8f5d426ca656dbed3ec049cb3f6228d8483b433d,a142f72a247cfe28917a787ba25b270297070cfd2f12729ac5baf2c56b4cf7d7,unknown,Data,2023,25-29 ans,Île-de-France,12507542,18.318,7.0
933ecb0f664f35bea89cfd47e10c679c44a2e75bee9e1187d04a265a46ed9d52,e6e40a47e707999858cb187a623f0dd3cc7251717c118e5b814db47051b28750,unknown,Data,2022,35-39 ans,Île-de-France,12507542,18.318,7.0
95a06f0e6dad5565cae21368e370104b424ecdd7720e78b0cda3763ce088b39c,870db8c36b139908c543902ac745e88e1774c9112ac56a87dbb40a468778020c,F,Data,2025,25-29 ans,Grand Est,5557457,8.139,7.3
fd996bd65217c9a0f252553df95e2943f3f3454fd37cbc2bdce10644cd21b55d,7431fe465d6607144affd1f452743e585e61b0bf823062d677094e02c63d8549,M,Data,2025,30-34 ans,Centre-Val de Loire,2588006,3.79,6.9
7c0bc4f5654832ae5b28b32685381d916a48887d3dff5a0c52bab952ca2eb877,06e01972ab3841a647d10b5ef9d559d37786aae0d019410c0a0e916e06710201,F,Data,2025,45-49 ans,Occitanie,6165869,9.03,8.8
be1e5b4c48cd334dc289a6ec88d0a2ae8da36f149e3f3fe0a215288866db73b9,997b491ede459efc9aa559920ea26f55011f3c6e7cc6dc665e716edda53a98e3,F,Data,2024,40-44 ans,Bourgogne-Franche-Comté,2800180,4.101,6.6
1611316586e9ce9b384a6c4c45742a0de38470b847c4d262324ba1da5908631a,e68e2fc881770b9e2b00dff398d64dccd5612d74b1275ec9f39ea39f223b9ce2,M,Data,2023,25-29 ans,Île-de-France,12507542,18.318,7.0
701b2fe0dc2b7faed497d029949f061297a182d67b82ce3c8b9e5d1e947158a9,ae4ff296c089715fe9d22529c17d1c721cdc0a2dbdb484079858ea934a731ba9,M,Data,2023,30-34 ans,Provence-Alpes-Côte d'Azur,5252362,7.692,7.9
5ff0d06c3e14fa0ebd8c40d2b45e63a857974ade1dffde4c13bdf08c480d4852,3b6301001c6f2dea21e33bd653457fa5ad000165006d6f669a870ca13d9d1f17,M,Data,2022,25-29 ans,Provence-Alpes-Côte d'Azur,5252362,7.692,7.9
5fbf7d28e418d831016396b6fd4d4900b6cd5ab040ab79f97c45b328ad4c2f0a,d0342bfedd9b9c52de60b5892de090593b8846844f710312fac94947dd1f6b70,M,Data,2023,45-49 ans,Île-de-France,12507542,18.318,7.0
870176610f5ed308c6be66529f4310b9cdff0b9712737ecb4204d84244d29185,380ee0c8a2b481d5cdd7c5c857e77cc5d1966c1225d5667b5e03fa1a939ed4da,unknown,Data,2023,40-44 ans,Île-de-France,12507542,18.318,7.0
0874d073cd468ded8531ab0ac4acc969f5d3ed88323b8e98537a2e6bb1438196,3f3df41afa7936a01a8fcd6eaec1620284c72a802d4e9b21d86b4d77418b26e2,F,Data,2022,30-34 ans,Occitanie,6165869,9.03,8.8
3a54a9651178f150c1be3b6cdb57a6427575d95000442a3a3b53b5fc01a0142f,4af35b445d1c37b4848040aa9af3ad19505a45c44d3861109d1a665b3c45d5fb,M,Data,2022,30-34 ans,Île-de-France,12507542,18.318,7.0
d70accb9db6c6c18d60b9daba2bb1d03b34542a07b63e4aefdbc61448784796a,4bdbeb7647afa48464aab293073dd5c9780d0a9afdde96abc2882db69d74e1ee,unknown,Data,2023,45-49 ans,Nouvelle-Aquitaine,6181885,9.054,6.6
f8edd48ee4b0180e528797ccad24b18b3a356d24747fa45955902b4461491c36,5c437c361e6def128fbdee184146fbd7d5b4c9d149672e8846a597037440f3e5,M,Data,2025,30-34 ans,Île-de-France,12507542,18.318,7.0
67ba220a885a7b406c19599d78a4e9b848b418f87b37535f0fec8aa558d009cf,59f9b1337e6dbf18a2a9c5090647d4d4bda92c1e279c4c0af99586347016aa13,F,Data,2022,25-29 ans,Nouvelle-Aquitaine,6181885,9.054,6.6
5f3ccf4b11b057e516c24ec6a4ecfa4bde08741462fdd0407f4da26c94492277,9572f34074a9d5a6712f0b5648c5ddd69c200247066206f98d90ca719472183f,M,Data,2024,45-49 ans,Grand Est,5557457,8.139,7.3
813a599990b5366f820493dff2982eabfc5e5b7c07babbb1c1ad1b7fdee79a5a,455956df13b99fae5edbf384cdddc777962a75f1690c40aa49adcfb902224ae3,M,Data,2025,25-29 ans,Hauts-de-France,5983840,8.764,9.0
cb7f2cb93384631028d593af75eb5a566e2061efaabac7dfdadfa50193f1a248,de4903ad99b189a8ec7be16d62c46b23c3b2f320be923601eefbfbba00dbbbde,M,Data,2022,25-29 ans,Île-de-France,12507542,18.318,7.0
4d8e9537ba14158639a8adc14c1ea72f0ed6006b61791f586813e4ec7a9da173,cb0fd06868249a8c263be78413f085a1d10ad39b191f7942cebf96abfeeb89e0,M,Data,2024,25-29 ans,Île-de-France,12507542,18.318,7.0
b9cb029cc29c71c3e8699d1cff664d42873affa08e761a82d18e930201ecd48c,ccaae52430fbc0e9ff090935d317dc78c8f986a6e858066ae9bd5f42f1f2f5e6,unknown,Data,2022,30-34 ans,Provence-Alpes-Côte d'Azur,5252362,7.692,7.9
05de103047ba57fa6931055504e03c290c43b41a4eda83b7556b3175497ca0dc,bc03acc586ccd68c9cf6a87f2dc981e5bed534141a037d1a4f8957b268c265bf,M,Data,2025,35-39 ans,Centre-Val de Loire,2588006,3.79,6.9
55981090e20af28a17d000b7f7bf2f21cfc0eebed45c5c2d2d418a1f287cd78a,e61df4175032eae8d28b8f4135fbe141373f0fb8e583f38e8c76aa06e0dfdf5c,F,Data,2022,40-44 ans,Provence-Alpes-Côte d'Azur,5252362,7.692,7.9
4a7b78538c72aeee824c249f5bf8f6bd825b0c1e22e3c4412d8432d8af219d64,ed1decfef2fa6568635148de1ac0d9fcd23be5c845091657fdfc605e1c304b1a,M,Data,2022,35-39 ans,Centre-Val de Loire,2588006,3.79,6.9
df2fd02d9e698d68229efb420742073035c5fe8bfa40a3719505c514ba45b29d,8e52b368d4f479234af95e9c1eb6e3a99919b4919b7004483e35d7e6673c2bc1,M,Data,2025,30-34 ans,Provence-Alpes-Côte d'Azur,5252362,7.692,7.9
2601ba789b7af72792ae9e49f8ab6b3432b5a6da0aa5f795d27efb79c734d417,7c13db59470f65979e765ce1bc0035389ca1497c10ef0890a7556a11c0933c17,M,Data,2022,55-59 ans,Île-de-France,12507542,18.318,7.0
0ff92d1e43b0d99c899789e281d13f004e07b2348f63cd5fe2622041bf6f309f,42e68329a89d07ed8ad001ec608a1afba2a9468f9286f86a7984a70809fcef1a,unknown,Data,2022,40-44 ans,Nouvelle-Aquitaine,6181885,9.054,6.6
23240b14f02357ba7d4089a672e718b2f1bcb251ee29e03907fb2a76f12beda3,155bab8a2ba26e08f179ea5e443a965ca3e23dff0412f5955176f7e67b14ec23,M,Data,2023,30-34 ans,Île-de-France,12507542,18.318,7.0
a8fda509205209b285967ec7ded5babcaef99883f1bde99c8435e535de9c5046,86896df5caf5c088912ca843fa01adb007013fbff97c60ed981f393085478af7,M,Data,2022,40-44 ans,Île-de-France,12507542,18.318,7.0
8759d435fffda8e8520fbf51fb6824293708ae3b922c8a4f3f540d0a864760f0,18f0ee38011d608fe9c9a15a32098f25d03051ed72d46ea9eb138f543bc2dca1,F,Data,2025,55-59 ans,Provence-Alpes-Côte d'Azur,5252362,7.692,7.9
6a5b98f92a3e36d417559bb694b600d2b57f76e106e044a31a12ad8d55e005e0,56f469ceeede8f001c33f155f9785c4d7693dfa7be88de436183e5919ae5c1aa,M,Data,2022,35-39 ans,Auvergne-Rhône-Alpes,8238335,12.066,6.4
de7bdd1a98e7e4929bd8e0200b69e66533136cd6432d8b8e7f4c74c6fc13daa7,cdd7653e72706c620b63b8b3d57fec3f433cc640238f5a24e0e2c27f8a74428c,M,Data,2023,35-39 ans,Île-de-France,12507542,18.318,7.0
33d5b07eda47e535d3962e787b02c807ab2cdd2686797a81688be72b4646b560,e3b86b51f8bf8f0f6ab46173ed23e308ed75668ba247e9e4d087e998b082e0fc,F,Data,2025,50-54 ans,Auvergne-Rhône-Alpes,8238335,12.066,6.4
d3d06d6e34e6db88d1856512ca9298ab2fa1e582e32ef643cb72284a04b29582,38fbd57b9d5028f604e4ae552895640a787c24569c916ef471cad37df61b8233,M,Data,2022,50-54 ans,Hauts-de-France,5983840,8.764,9.0
346d642c24c93e3d4bed5596541823cb2d1e69ad13e13363e9c9746ece79c8b0,7f4df5972f8fa8a10a116a69d4f4ce8f5f9ffc5986799103ae8eb0fd34e3150e,F,Data,2023,25-29 ans,Île-de-France,12507542,18.318,7.0
050a2109f06775a8021fe53a65b78eab1eb0eb2935924fd1649ae99833865792,7a61905c6f1af99f95c9719120f1f15868062a123f2fa901435d73b6a7284da2,F,Data,2022,25-29 ans,Île-de-France,12507542,18.318,7.0
b01ea43a54e14382c068f282b268d06d609a528ccccc7eed82855c15f2b24595,58e1d4004b075176c18d5a1c47efb241c44822cec39f4aefeb0218a9bf05cfcd,unknown,Data,2023,25-29 ans,Grand Est,5557457,8.139,7.3
a2ad92da9fbab5de65ba3e33fba9206302ca5428822b5b19ee65738e5c74a36a,efd681c7d82a3d0c8310181c8722340ae66148420d6a48d55b4e0f69b63c9508,M,Data,2023,30-34 ans,Occitanie,6165869,9.03,8.8
cf1f592bb914de8ca108d72722da2d47cbbc11f2d745feb527086173473a9ba1,5a669a9a61215f46ac32e96d37d1fc47b827b539d9afe55a6663d13c900a0b3e,F,Data,2023,35-39 ans,Auvergne-Rhône-Alpes,8238335,12.066,6.4
e3e7eeb0564e49be8766d673007efcb7ff007b47790ba34028a2b4f18cfd990f,7e75c0faa7ec7252ba23809b15f6efa65d5800cf65f678804b32d5d1d29c821d,M,Data,2025,50-54 ans,Pays de la Loire,3926871,5.751,5.9
8cec9c69a96ccf6efa35155c9489591d5ba17ab763a02cc360690f3016a821ac,c25396e0296a599b788f8680fc39fd55f49ac458b45903d13cf139f6ca4dc1e5,M,Data,2022,40-44 ans,Grand Est,5557457,8.139,7.3
891934fdcead6aaee96234e6dfe178b6bfa4adeae7b7c11337d2fc056f28a49c,12b7e3d8ad2a1be893320915902e7e32017ac861ebb49736861e9e4522039415,M,Data,2024,35-39 ans,Île-de-France,12507542,18.318,7.0
7e05967bb12ee38268cafb280dcaccb4fbea3322a9890bfbb073e2856fb82d89,f0dee06723f683d9b18f59e0660ca74d80f1ca6068b0c83b58fe9066cbaf28e8,M,Data,2024,45-49 ans,Hauts-de-France,5983840,8.764,9.0
5e49b65cb9280ab35c5ecd01fbf4d6469f312103034cd4d59d4c8f9ca5ae0976,0e41925888155c431a174a4b801fa925337c88738ad5d88866fc5725a13f2a29,M,Data,2025,45-49 ans,Île-de-France,12507542,18.318,7.0
59e45292dbdb2fbf80784f37bcbe9525284dac7ae87891ecc39eb4770f150ff0,8a06f117f7e3d5fef1aa682dd1c4e73b65d0da0f4847755cf1b70bd6aafe8b80,M,Data,2022,25-29 ans,Grand Est,5557457,8.139,7.3
7025c7c042ec120befa4aa0a6ec56c51fed4d21669815ba466676ed9a877d8aa,80107da56d81766205b10a37eee4c7844209b494a75d481feb080903dcade588,M,Data,2023,55-59 ans,Île-de-France,12507542,18.318,7.0
4c7f5a50231c129ab75df9f23138ebccf52e883e61c42dc42260bf6a310367f0,1a8686b4bdc58934a13613c882934a24a41fca210f5e000c2d658ec5f5557ebf,M,Data,2025,35-39 ans,Grand Est,5557457,8.139,7.3
cd59ae6725647563d8aa882c8696da83347d4416a6c1f1f53a29d48d379de8fb,3888eda07321fdeee2bbcb0fc2f18950e205fd1b56a8f8c8de90f8ab0d31e1f7,M,Data,2025,30-34 ans,Île-de-France,12507542,18.318,7.0
23966618b6d6f7bd5fe403817a5b4291668f1ed52777924a572f26f95208d1bc,eef1381f04ba53fd6b56ce1a0d2b8e99d286e8a6f80660741c21293bfdab89ca,unknown,Data,2022,30-34 ans,Île-de-France,12507542,18.318,7.0
24259abbc4572f38acb777f7551661e8e4fe89e00e4458823a47385c9988d0ea,ba0fabd00300f566173fe74a6c1e828fcd677327458678adeb5b0d5dda52a302,F,Data,2023,30-34 ans,Auvergne-Rhône-Alpes,8238335,12.066,6.4
97577c87ce0a2c61b647992611e4f5bb4b8207d31f585229ac18216425ecc50b,c104e58029bb244e5aa850cec930c9bd4be08026fcdea60b4f179ecf47369dc3,unknown,Data,2022,25-29 ans,Nouvelle-Aquitaine,6181885,9.054,6.6
12dbc8b21173e7c263e217705005311849b630263673ae1ac8ac3f4e7c938d90,7717d67d6a34558e9f14c8c8482583bfe7971796ef25270f039a48e598e600ae,unknown,Data,2022,30-34 ans,Normandie,3348960,4.905,7.0
d79131cac90797f9006ffb4a39aca2bcc6398a8df4941bbfe455184f3b591288,9016e13a147339071d8a97fc0bd2ff034e4fec4312b16c47de69f87052151c01,unknown,Data,2022,30-34 ans,Nouvelle-Aquitaine,6181885,9.054,6.6
781d3002dee083845c1f07871e7d71d850e3bcbdfc78a0568ae4bd3ef8bb01ca,353de10dd5741079a4acc6298d5f1a86cf9e333fe32c2d35162fd56de2cb7d74,M,Data,2024,30-34 ans,Île-de-France,12507542,18.318,7.0
d37e192572fd3efbabcb4d55ce94a72023d6c3141a9143c50d22ba26aa0bd97a,506f353b3e7bb3b7a75a590a0e8eab59021cf65f35d1a3f4a45c489b1a73ae0e,M,Data,2025,55-59 ans,Grand Est,5557457,8.139,7.3
0dc02b380dde210cd5397c7d00f88d1db94d6418d6749b7c4851398f8f664a37,63e1c86a38e236ffde6c6fe3e1bdf1727ec12999809107e2befcd01bebe8c1be,F,Data,2025,40-44 ans,Île-de-France,12507542,18.318,7.0
15e77fd56fd3e75018c71cdebaf5e3c243aa5f2de306dcd8e29782f9c695e36e,089e94a70ec05c66cb70ffe23656d5da868a4eada047459fe9298be73abba398,M,Data,2023,35-39 ans,Île-de-France,12507542,18.318,7.0
71be9317f5732eb8972f4bc343ebca7f2bd292215c5380aff94c83d1295bec7d,df71780fab85dbdc54aabcb17fd7c338700b074e619921f83dbc311e47912f5f,F,Data,2022,25-29 ans,Bourgogne-Franche-Comté,2800180,4.101,6.6
427dd47a1dc02fbc3b8dbe12c3ee9ec264ba1a70d03b6315701e6688d5878126,35a03a6a9649a664e3ad815502358457bfb46c5f9e47dcc2e9df631437563b7e,M,Data,2022,55-59 ans,Île-de-France,12507542,18.318,7.0
2eb787e47c1ed919ccb1d8a83573080a99d3e62b29631c6ab68a32ce115f8d92,531540f6f94663c1ebf7488e500918917564afb299dce17a29603c6de53a67e3,unknown,Data,2022,30-34 ans,Île-de-France,12507542,18.318,7.0
3cd65487fd246d040d03941340e3e653d567c0a8c25d71fec2a267d7abd47c72,682b4f3260aabbfabfd44f59b4028aa78229428eaa0b2bca3cca3d78ad5cd743,M,Data,2022,30-34 ans,Provence-Alpes-Côte d'Azur,5252362,7.692,7.9
7798731890b75e0602f324b89d72c63f50f7e877c8fc57153fc6963214fe0141,c3018254f36da877fa8d43821d10055fd00dd74114647a37e0bef4b2424ecc92,unknown,Data,2023,25-29 ans,Pays de la Loire,3926871,5.751,5.9
602ef3ee577c4ce27d546c5d4a55ec0e771c36beddc209207e97e32801b6c993,03f2a41c2077d2cfd9431ef0cbcef9bcf560a1af36fbd0a365f139d2dfdf4722,F,Data,2025,25-29 ans,Île-de-France,12507542,18.318,7.0
84816e421ec01ea3c87a0dea9f87472f1b09fe1c7c6a3db1b753e9754a97f762,229ff8fc7b843e4a3e415ff581b81a8832666e4babbd1a29300200d3fb55a4ef,M,Data,2025,20-24 ans,Auvergne-Rhône-Alpes,8238335,12.066,6.4
847a376ed1a30906fdf73299741ab9cd5568c9a43e73031439c5af49b3323270,45b843c59e8d4e8cdb40357d208c3f405147a9e59068b5833680feacf94c770b,M,Data,2023,30-34 ans,Provence-Alpes-Côte d'Azur,5252362,7.692,7.9
4c4f6086b0496d29d7116489b128c53baecde1134fdd95bc69ea0c3ed24a58dc,caf0d957e3fd7d900152b3d8f3b1caaadd59eff30c0fd95a925920386afe0ec2,M,Data,2024,25-29 ans,Île-de-France,12507542,18.318,7.0
729c1ad991a8f59a69a7a441ccb0f6562a40c24436730d3f5b28596596b9276a,e609e202a7e28c3d07e2119e2b546e2633457f95410bb5805579e5b8d0d1cc23,M,Data,2025,40-44 ans,Hauts-de-France,5983840,8.764,9.0
530f066ef75832dda131006d23854d43a34cad359001f551b2ae99fc21dd4a79,c4b3d28296f65f2c9698bdddd96dfe623a94ce88b470c86928462003a8edf357,F,Data,2024,35-39 ans,Île-de-France,12507542,18.318,7.0
84846cd0027cf24387ff449691744e5931c55db069ce821fb35135f1b95746e8,614c2acb549269217aaf1db8a0be32717642e308dd04466b4191dbcef7bbda4b,M,Data,2024,40-44 ans,Auvergne-Rhône-Alpes,8238335,12.066,6.4
30c601e68aaddeeb33fffd023a20e4510ba97fde8474972419a639aae4ddc468,8e132acd827a8ef3f6b2db111dd86c40e94a3af0b7e66ee96da4fcf1da49f44b,F,Data,2024,30-34 ans,Île-de-France,12507542,18.318,7.0
aabe6f1f1b0d9efa5186c91221866e8f4cc38cf261904661d0f649da76221b85,a3d33a021365abf4fceb6335caa9ab6df81209476862a0b1052d9e01557ee2b8,M,Data,2022,35-39 ans,Île-de-France,12507542,18.318,7.0
8cbae2128c2ddf25e549157c0d40d1bf3051a84f8dc7eda819edc054d0efb6b5,2ee605cecf51631b89c85b263cd96f249f27f091451277b28760c87131148646,F,Data,2025,35-39 ans,Île-de-France,12507542,18.318,7.0
4554c7a7d5131d404f93c0d3c484a5b115aff24bfb77fb44f878ed835d4d3538,deab9ca14453b6c294a165212771c55a3724427aaec59a56ef08459aa78de078,M,Data,2022,30-34 ans,Nouvelle-Aquitaine,6181885,9.054,6.6
03afbe5ac29beb01dfc5f152b2ae90e130bc8f30f9a63bfdb6101274d8eb9004,19fdc98e1cb050b223a7d27d0b1ae600e05dff9fa22934a0071cf9d778843bbe,M,Data,2024,25-29 ans,Auvergne-Rhône-Alpes,8238335,12.066,6.4
ddb1e6d3aca31a1535a5d295027d391f88dd31c6f68eb4078975c03e47db36e1,04564b5e435ba4db0eb0d80165272f03ee0e156a595f9ff282fc84e4a6d201d4,M,Data,2023,35-39 ans,Occitanie,6165869,9.03,8.8
0c6e0ff7f70940dd9c704e4f0ba1ae82d0d4d60ba6bf1d8d79aa6618cb92e49c,d554a58fe113a43cb80a6bf9788eebe2a6c0050f4b2a6551c3d71f29af081a94,F,Data,2023,35-39 ans,Normandie,3348960,4.905,7.0
df46cadb565d002a5b5529b494b3cc6270ce931bc91c7af2c780e5cc9fd35840,5e51002e2f2a71bd7a76726d3c97b4704273e55dd3f62dcfa01f14aae31ef46c,M,Data,2023,40-44 ans,Auvergne-Rhône-Alpes,8238335,12.066,6.4
9bb9656058f2b5010c01ab0fe50277d9ef5bb375d65832b7bc693b670c602eb3,f5cf49212413ff95719a83ab0020810d6b73788aa850a609b10cef710cd58079,M,Data,2022,30-34 ans,Provence-Alpes-Côte d'Azur,5252362,7.692,7.9
edba6f5b3131df70ce30bdf8d9f017e463ccf1d098a5a433b111fdd478ad33f0,99b0203f4052e10ab943e870788f7f4959d1927bab09949c2cc39ceeaeefbcf9,M,Data,2023,25-29 ans,Provence-Alpes-Côte d'Azur,5252362,7.692,7.9
a31261706ef147a8a62153d0643c39e4e517d0eb6e47daf245d108ca6c09d950,9df82751a14c278a5ae470c51e83fa1775d14fa61a76e84cc7cadefd5e283ac7,unknown,Data,2022,40-44 ans,Grand Est,5557457,8.139,7.3
3f53a3a4ff95bea49c48cddeb2e80ed9e2c13c4db3cf54f7f9c1f6c842c55d88,9d1f8cef36ac48ceb1c7fa9802b84ac556fa2cead99ca809cb932fba1a20998e,M,Data,2025,20-24 ans,Pays de la Loire,3926871,5.751,5.9
4631740dea801bf0f57b8b3800d4312677823f2d01bfb87b4d4b8b2ebd5e3ed2,1aa234fd94d29c970bb2382bd796ffd063128252cc773f98fa8b0afd2f6370f7,M,Data,2025,45-49 ans,Bourgogne-Franche-Comté,2800180,4.101,6.6
c76c8ccd86045626851997994d585a485241f97255f35532650eefd542eb16d8,fe70a0960e0da81dfda70b3e24c982506e4810b02c3ea921301f5f1b7afa66c8,F,Data,2022,35-39 ans,Île-de-France,12507542,18.318,7.0
d02e8b025750f504f3818d2c1c4797f315b2c2052563cbcb1159ee7e54c887c2,c337c1674f7f3a6e106362b5ddc4f8adad8fa5f1a2afa612c58579400dec4ed0,unknown,Data,2023,35-39 ans,Normandie,3348960,4.905,7.0
1baf3327eab3b1a11c8571d767c7b2243f8481111817e73ffc846b47acb44d33,7d8316cdcaa174eec2804d3987084569f19ea078f5d3d4f077fdc26e2bcd6ec0,M,Data,2022,30-34 ans,Île-de-France,12507542,18.318,7.0
2ae257673a65e475d6341fdd959c8d3df0c1ec901e58460da41e3c89b87e2950,789254eba010aeb961478f1e0c2beb7c022ed0ea9fad75348015a84e99499285,unknown,Data,2022,55-59 ans,Île-de-France,12507542,18.318,7.0
701b2fe0dc2b7faed497d029949f061297a182d67b82ce3c8b9e5d1e947158a9,33426d1409ff2b5c6f259aea9ee82899388f02ec1e2f832668b6e84353d4d8cc,M,Data,2024,30-34 ans,Provence-Alpes-Côte d'Azur,5252362,7.692,7.9
6c11aa2c7853082cdefd21f70ba9b35c9d5f7031b0a5f44cde88f5084b93c6a7,85601856bf0648cb0d4b8554dc346e564c2600ad8207c5645e51c8899198761d,M,Data,2024,55-59 ans,Provence-Alpes-Côte d'Azur,5252362,7.692,7.9
f9fc8642b049fa518be76d6c5f9839ac1f3471b69a9347c361d311b5ef383606,d6243cca8752d3d77dca6d8175cee3c09560bd20dc8fc4e4f2e03e8bcd28c0ea,unknown,Data,2022,45-49 ans,Auvergne-Rhône-Alpes,8238335,12.066,6.4
78cd1f70e3ecce9e8c55695ba88d436357141cdd81e87eea36843e2a235e62fd,7adf167178a681ed44e4ad7a396c712aa169cd556af6fa2184b39eeb692a4377,F,Data,2024,20-24 ans,Île-de-France,12507542,18.318,7.0
d2b9037ee227ddce11e3a793843396e10fef72634fb4de10ffdbd81a749fb290,2ed4b055c66e985af38542ce36e6209aeddfa181586766d2b41e37fd94e53b36,unknown,Data,2022,25-29 ans,Pays de la Loire,3926871,5.751,5.9
aa2cc3836015d2077eadc8adf1391d7b76b8285b7fdc862990490d78dc144533,ce38d8092b01199454dfafe5d7ee6c1b11ebc2255325e39b2300e5c8c8c59c47,M,Data,2024,25-29 ans,Grand Est,5557457,8.139,7.3
fb072ba7137a7fa84e3453a174d130193c204d9effdaa8215ca9fcc4ea965a65,5379a4e43b763b32d83f01a6f62ffc81bb797a10771dd3f975f02e7f0eb8182d,M,Data,2022,45-49 ans,Auvergne-Rhône-Alpes,8238335,12.066,6.4
ac5d6c058feeebf845f94a482dc61ab7cbe081a47d68a80d0b4bc233c31560a8,fdacddedccf6959c5e89813449bdd5ecec640004a8fb679982de9c44fc786be2,M,Data,2022,35-39 ans,Grand Est,5557457,8.139,7.3
6f2ed55fcc3af5313a5158c79d28f093ed478028eea271bbad9cd61e654e22c0,f0d7d67db76490ad0dae75a9db9536431876c14d2975ea537dd4c6814ed3e48d,F,Data,2024,30-34 ans,Île-de-France,12507542,18.318,7.0
2cc9f73a575008d1a77d5ab9bb22fc84c61c988a05600d5d0fb1edf199668aad,701e392df6515ca5d653440514970b39f57430e388ee5d2123289e44d0d552b7,M,Data,2022,50-54 ans,Île-de-France,12507542,18.318,7.0
d8fe62f0c75fb52855c1c2dfaff0af4a3acbc5bf75190e3c0e6e1f6462e3561c,d6b14c3fc788178beb19cb43f26d02c68ecdd299a52e908541fb55f288b17d35,unknown,Data,2024,35-39 ans,Île-de-France,12507542,18.318,7.0
d5beefb02d39877dfe209fd6b71c16bb82c4771461a0a98b02b6bf9c7a0c8b6e,8c8327681a4b3c44259676491d3f5758274fe31b8133992ab4e33c37b03a3444,unknown,Data,2022,60 ans ou plus,Île-de-France,12507542,18.318,7.0
ceac19d9305cd63067725f582ab5d889ad42d14892c31edc106a3e5ad41c4aca,6096ac1c1527bbb1b1c952496ab592637744c91c4c30304b3521a4fe955900a9,M,Data,2022,30-34 ans,Grand Est,5557457,8.139,7.3
7744434b20aa0a0ab29f4c643d041d5928288711831b517864e9aa55d970806f,1f49b49807dd3bed01d7e9383ff79dfea17edf60237f5c713b343943d7869fee,M,Data,2024,35-39 ans,Île-de-France,12507542,18.318,7.0
545f97507a9e281b1b1bebd9d915ef0c86b4973957e2a31452eb20555f63164b,1b6a2e771558519b144b138906936b4d9bb96ac35501ae4596f52d67db5da27b,M,Data,2024,25-29 ans,Île-de-France,12507542,18.318,7.0
8bd6d4df7bc22c6ac463f6852b3975deb98b39cf723f4039ce7d27d43aa93de8,999e9bed4fc902760ef09eb3671c25928ea969b26fa9ffcf015af74179c4fd0e,unknown,Data,2025,50-54 ans,Île-de-France,12507542,18.318,7.0
9e6bad0d5a8676bb604f78ac9cf578d870c904cd3d313b2fbb83ee63b9190506,b471205e2657cd28acde9523c5f9c5718b1b8a4f1d9c44a99b625fa56199eb09,unknown,Data,2022,35-39 ans,Nouvelle-Aquitaine,6181885,9.054,6.6
0fbd0a7ac4417652ce7179f8320a1f8e273a7a875431b4b9ab66e2cf612e8a0c,6b9bb813b80c1c10558c99e8cd4069fbe5e41603dabe46a61332a451a979c9ca,M,Data,2022,30-34 ans,Île-de-France,12507542,18.318,7.0
0fe1eed82af37bb304e9cb54b00ea0e682caa8464e3b8ff0081ae4dc84b98ccf,f0230176c9036d1419f4b6bfd4ff5761343cabc89af877393524838bacf33943,unknown,Data,2022,25-29 ans,Normandie,3348960,4.905,7.0
2ebedf004c7fa2d6202cc52f745c2371f16cb9c3f52cc00da3b03b0e23ff945a,db1d0c0b2ba63ff4ecb3359bcaf767a5271a54e91a9adb1ed9428fdfe671353b,F,Data,2023,35-39 ans,Île-de-France,12507542,18.318,7.0
9a2a9f39ec9fd7a7aa0d2181fe837565301db4d8644e41ec142b84018b26dd40,e63d5388a0bdb1a38e042b48e5a2ea61d338464dc3055aeba53f944137262ed1,F,Data,2024,25-29 ans,Auvergne-Rhône-Alpes,8238335,12.066,6.4
ec4adbda9dd4668c96ee5594d265969b004123a6c61757a52f2a57a20f9d1ed8,b5628136c13aa58a22dc82e2588becf2500a2f5a230e00a7d97ccf77c6c61bed,F,Data,2023,35-39 ans,Île-de-France,12507542,18.318,7.0
7cfcce276020165f134d4b8de2d020789554294799a3e719c0055d64d080278a,ee045d07220477b50979179f8392e0c161c89b4d1c5ef49c15fe61547e150c50,M,Data,2022,30-34 ans,Île-de-France,12507542,18.318,7.0
42ec97b9704e464d3cd7b9b3d56fa7d6a6a46d1b0d6ebc5672262032022fef9c,4e92eef388257e84e6b1cfc5c8537aebf20b2834de6a67d4580b70de431f38b4,M,Data,2024,45-49 ans,Île-de-France,12507542,18.318,7.0
471fbc33d6010e8a98ed0125318035fbfc74cb5835e4a6e6b768e0601ad297c4,aafb5c1f7738af14d88af9f35b6ef2e85600003dedb8c0fadc39d2cd23b84b00,M,Data,2023,35-39 ans,Île-de-France,12507542,18.318,7.0
fef8b37b866e2317c3a5f85108378c1eff295a6ea0099ee5b188ec56924f7024,b54d6b8937205669b38650eeff84c974c1b0af8900ce1cb83db1df510f6a1d06,M,Data,2025,50-54 ans,Provence-Alpes-Côte d'Azur,5252362,7.692,7.9
feef5c93c3983b229a859b8afabcb6268c38067695b8c93ce72573e4d2528dce,e7c836617f4ac4e3564fe63e6c32867c4bb120fcf1371a9f37eaae7ebd890f61,unknown,Data,2025,30-34 ans,Île-de-France,12507542,18.318,7.0
43d5aa936b76dc4512a79ca7c747c84cdfd7932f93df3d1c41de9a7c36b9d8cf,6814d72f170bcca04fdffffcc8f54f08673d6b964dd008c91e7cc4f868a91dc4,M,Data,2023,35-39 ans,Île-de-France,12507542,18.318,7.0
04b17981f05af89a1ce00c7811b708fd9e06fee55308f5013a31952eb74b7de5,761cc1462e6a2e4af7fa444075917d57b96dadff3cfd5a4d9c352c2e5a311d3b,unknown,Data,2022,30-34 ans,Hauts-de-France,5983840,8.764,9.0
2b6995bef195bedc6fe0b11c9b180654ba2e45bac9e3daf08acbc05d7dcd142c,266ba0ae834d3cc7993a3db9c84980d4a9596daf345afece37e8f6a550b8bb69,M,Data,2024,25-29 ans,Île-de-France,12507542,18.318,7.0
fecec5477a8939f965eb8bc288c37d65a6ce2487958668ff0bb569b22ef2a756,0f9768fcce5e156fc1cbfd411fb2f477fcd40a232dbc2d4b9421261eaf18aa60,unknown,Data,2023,35-39 ans,Île-de-France,12507542,18.318,7.0
df134b4497e78b3f5c609fbcb70e6326a1f96d50bda168cac1b2d6a9a09d366a,93a5b25802887339843c0252bd6e10f9aa690e59c6d1cc8dba5c6c815d7aed85,M,Data,2024,30-34 ans,Bourgogne-Franche-Comté,2800180,4.101,6.6
2b0c3c0d0ecb4979caca6ea77441ad77bde7c4f62c223234added7aa58339374,f9b16b8bc5191d16aa76cd169f40b01469984fd14dc6f1f9f902c51dcf74a59b,unknown,Data,2024,55-59 ans,Île-de-France,12507542,18.318,7.0
a6bbc726eb3f66bfa54cdadaff3ad3f80fb8e816222335e9c840ec661177d70b,2dea24bff64b60a3cc5813e47f0473db8ec5f4ef8e8e696b6bd356d2f3d6d853,F,Data,2024,30-34 ans,Île-de-France,12507542,18.318,7.0
ab114631e4fa51113e9726484e0ddb532ab9aaa35d1ff5e9e8b50f5c6816df86,c7a64b9d325312f58bb03e0e8074fb87979737e0292fed7c4dafa2f3334914d8,M,Data,2024,20-24 ans,Île-de-France,12507542,18.318,7.0
057d52404fd5674db7cf515e9e74c9ffedd0be93274a61b79e2d5bf3528fe064,be412a8cd18a65c21c3c2c237bf4727fe7a06fd1291e9a8a76d5dd61d8d41cc9,M,Data,2024,20-24 ans,Nouvelle-Aquitaine,6181885,9.054,6.6
0f82c5f12c13b22c2937ac53e78f390ade89ffe95a1f7752930ccd5601f58b5f,43327eeb96785606cfd02409591c158f782a6594f36c0dca3d092f1693afd44d,F,Data,2025,30-34 ans,Occitanie,6165869,9.03,8.8
ec7b5b651e529a35151cfc1a0415c781d4cb457dcea5ddd1ec9789b147843eac,7728a6cdf9c086646e0ea3ad75117533ba43c573aefd9c71bce06bad1f26c706,M,Data,2022,40-44 ans,Île-de-France,12507542,18.318,7.0
f11dd9ff94377ecbc30656dd8aecb35743a57074312b08cc7d09404b129dfb0c,72c370b8c705fe8765815fe016f155e634e072204377b1ff5714c16087c13831,M,Data,2022,35-39 ans,Auvergne-Rhône-Alpes,8238335,12.066,6.4
a6b459bcd5a77e0e35d1ba755b89d28d77b3a39ca0d4f7a41d0fb4d24ea024ef,e501b9e732daf3b4c19e0769b3e89d200a5c216542f46aef0d5cb1f56e907d91,M,Data,2023,30-34 ans,Occitanie,6165869,9.03,8.8
fc2ec619e2119d439a8ac2a09b6b11592b87efd32ab32e0e5359e6b19ed2b031,594357b618a217c0ba9f3db72c2c8e9f7f34ca17e59a48378344cc3449ea4f10,unknown,Data,2022,35-39 ans,Nouvelle-Aquitaine,6181885,9.054,6.6
3cad65ae45a0919318c9d01a107fbf3390ef52cd8f4ea19a068a45525e8f511d,ca8183e15ba50a177ebb293df61e9d95e5d977fb900e4aefeaa4edad73e3275d,M,Data,2025,25-29 ans,Grand Est,5557457,8.139,7.3
758e07aff9831b49d8f921eb1e25ab36779701caad8487afec1d46e4fd100546,ca083bcba817f92ec8cb80fe55293150afcc0b53ad533b623a60f44e97c4a454,unknown,Data,2022,40-44 ans,Île-de-France,12507542,18.318,7.0
ed427d10e9fa477eb674e585baacda1381f124f4c358b37584adf14c1edc8a38,6b837fe1ce2dcf67577f1386b79aa6838d2d698372f330e27f99586828b6f14d,F,Data,2022,35-39 ans,Hauts-de-France,5983840,8.764,9.0
a2222631b098355d720a9268caea6c4042ad828e497355f3319782f3955be055,5faae37d5d6260a44098a4d1c72adcb4942807a39c892a034aa40137db83cc2c,F,Data,2022,30-34 ans,Bourgogne-Franche-Comté,2800180,4.101,6.6
0916e82ee50afa1f5ba6e94efd751e07034b4a10a19ce5719f1e17657fac8201,11f4802fc446fe0dc429ac30abd0fac6a7f564d36b3abfabeef24773ed28ae9e,F,Data,2024,30-34 ans,Île-de-France,12507542,18.318,7.0
e828964e3829d71f01ba199d058fdf47352f336be125d0b03c5c9ef63d5900e1,461c1f65bbb10155d763141e209c9f2d5fb249578a0fae282a8e14c2321e2770,F,Data,2022,30-34 ans,Bretagne,3469711,5.082,6.0
0a5afcb45c0acea4f38aa920eaf5c2ae00ea6aa1a97568ae85b5f7cba9b1f75c,c6f8997b1c6854f95752ba2a076ce15cd05f70f35288aa12c055e5d44a3907df,unknown,Data,2022,40-44 ans,Auvergne-Rhône-Alpes,8238335,12.066,6.4
a3a668d0bb6efde139dff96792beea0ef4331a3dbf9cd7a5369fc8ae2f5f367a,28e544edd4f652b107dc90a154d0c6844e1f08aeb18deec166b1f686356c2a58,M,Data,2022,30-34 ans,Hauts-de-France,5983840,8.764,9.0
297f04b23dc40c9797d959a0c10d7d1d49118021fc1dd9d442688d5713989a2c,204b5c464c82cd3c84126502f3fd6d0e5247570b89a2a99a5c61242c343b7613,M,Data,2022,30-34 ans,Île-de-France,12507542,18.318,7.0
35f88a3be5a57ec36d23c29fd6fbc5f3b260b147eb4f5881eb97040d650b9619,6c49f51562f59ca05a0ac2f98aac366ea1796431628688bbfbbc0d553e62bd70,unknown,Data,2023,45-49 ans,Grand Est,5557457,8.139,7.3
00f4a7d58a665de88a6db67ea100938e610de2cf9cdd0901ebb4877fb3b3c570,3774869a13815445ba13b64ffb31989cbdd3401ead8e8761c8086ea4e54d5f5d,M,Data,2023,35-39 ans,Bourgogne-Franche-Comté,2800180,4.101,6.6
6dd120133cb0212302ea1a81415434092008162791a2ee6b9868d8feaca6e081,ce98772b991efc29197a5142cfb67cab2779ee01a9779ecd273e49b1887679cb,M,Data,2024,30-34 ans,Île-de-France,12507542,18.318,7.0
e1646de1cc517929a353775048c0daad6e86ffe113a189891ae1a5fc4177f1c4,3c11af471bb11f51d9970c15d5bc190d8a3b54a352638f45421a0422c779b50a,M,Data,2024,40-44 ans,Île-de-France,12507542,18.318,7.0
79b035fab032ebbf3903e4c745a47093fb09daaee77acc746c1fe6a53ca7ae9a,03782f1c7477f18210946c8a09402ecee7a4c804cef2b82e142efe7ad846bfcf,M,Data,2022,45-49 ans,Île-de-France,12507542,18.318,7.0
dcfdd856197835d6ed8b753fa69cfec6b7177e504e419df110e59d7de9633942,ed2618faa03c2b847b7cfb41e432e52957615e0868291719e5afb5f89c549cda,M,Data,2025,55-59 ans,Île-de-France,12507542,18.318,7.0
daa8e2c17761c3a05f87953717bacee75f907fc92a40ac5507f8a6bea58beef2,ef6aba41fea1d1829edd7816bda4105fdff70a6eec7be8733a78041cb7c45d99,F,Data,2024,30-34 ans,Auvergne-Rhône-Alpes,8238335,12.066,6.4
ea1bc591cc14e3cb07f194976052fd082a6566c2912c22e600feb91e8a50a8b6,73fd970234d2983c28792e064e699469c3eba9d424a1e889fb20ac69f5e21041,F,Data,2024,45-49 ans,Bretagne,3469711,5.082,6.0
0c45c9b933e77b0d5615ff09a3011577b50bd245d692e813c31f0242c65e68bb,4fd9d8f93b1b6c483d25e5761c404625282e045e152d1c1a92399a01f4224a43,M,Data,2025,45-49 ans,Hauts-de-France,5983840,8.764,9.0
76ad620a53e1cf16817f726e16c3dbdc85d58e1d346416186af542e231e14317,72682f91345bbdd35da1afb10c99e151c8a288767ad8c297e8c99d53c645b37e,F,Data,2024,35-39 ans,Occitanie,6165869,9.03,8.8
ca6adfd31964328b763d0e4b2f2bcf224c4c1d809f6b85074481f94f94e4349b,34cef3d65772a2a7c28376f6256bc6b5e0fe0bef8e2a1f3a9869ebfa7c960f4e,M,Data,2022,50-54 ans,Île-de-France,12507542,18.318,7.0
490fa13c5c04769cf6f2f30f3fa27534a8f00c4a81a3adcd5c6bcefd5c65f008,0fe0ecf885947a4827bd0c64afec9b7f44f6b30a6905c97da44729402118e0e1,unknown,Data,2022,30-34 ans,Provence-Alpes-Côte d'Azur,5252362,7.692,7.9
41e127ce5361c331a24a56c50b296300a01edbca483e3d28f5e7e1bccb30173c,d75192d7d328b839c7a7783d62525109293a44dccfdb2df574f10fec8ca98e75,unknown,Data,2022,30-34 ans,Île-de-France,12507542,18.318,7.0
6ca4679ab0d60213fac61a6c383ea2fe542247ee1f925bb8e7e81facd104af4a,86d921b2a281d7eac4303eb0227cd632f4fa33047e711800c4d843ed6194c92c,M,Data,2022,35-39 ans,Centre-Val de Loire,2588006,3.79,6.9
5b2e9e4e78714f02273f07d39583b2252e9067a45706e781741ec9829e6497f7,ab51006db02bb1cc68c4049170d909b4b87cdcecc1d80f8eae7cc23e02fd9dff,M,Data,2025,25-29 ans,Provence-Alpes-Côte d'Azur,5252362,7.692,7.9
994d46dd025f9bea454fe25ba057666cbd8c84ed5467f47abf2f6667e5ced8fe,db2b32e62441b79bc6d3d9ab1a2bca0ab519f9611ca4f53bdd206b59628bea61,M,Data,2022,25-29 ans,Normandie,3348960,4.905,7.0
fcbcd5b17548ed4b87f9aaa656832e6424237a94751955143a2beb20ea050744,739e55e1d497e65f41d26450fbb77987a4c7eda49fd53fd4b3b2c5364b63b534,M,Data,2023,55-59 ans,Bretagne,3469711,5.082,6.0
ff9da4c330ed33e155c11d0e35ad5a0ef79e7c3264e0ef13ee827ffa534d07b0,834d7096111972798879b4607f2de1d419e424db483cbbe9f8ff5daa9d7e54ff,M,Data,2025,30-34 ans,Hauts-de-France,5983840,8.764,9.0
11d4ebc3bb9bf4217c160982d120d26f1bd11147bce15f3018225bb19cba1551,5f3e7daffa0beb89a7a7b6c569dbe462ebd798cd6ff0591e19b1dc1561244be7,unknown,Data,2022,25-29 ans,Île-de-France,12507542,18.318,7.0
3b2b037ee9753ea43c4ec2fe68b7ced0b19ecb1131dbf798c7e458fd03493e37,b2318aca99438d95832feb445f596987862e359c8feaabacb0a8375066de672e,M,Data,2023,50-54 ans,Centre-Val de Loire,2588006,3.79,6.9
13118bd67a6a524f9dcda545e269b4feb3c1b2d238ba026843d3d9b9f9f83a25,212d652aea5c9a7cce7feea042f4a792312f6eac38a9a9f98049cf69751aff4b,M,Data,2024,25-29 ans,Nouvelle-Aquitaine,6181885,9.054,6.6
6a086707ea232d21fb1921c7481e2af9efd91a0b701499e6df5e317c814bda3b,07cde37c5800edbcf9807cd08df543b756ed428396e867009d08782ac6b418ff,unknown,Data,2022,30-34 ans,Île-de-France,12507542,18.318,7.0
306f1b17fa8e8e0cebf11b135a044178b3f4de38321af83bda0ddd7913717fd4,fc51d1a2b6cc677c37135e9439f0d96e450a4b0afe88ea53c42d6b7caa2f5720,M,Data,2023,30-34 ans,Île-de-France,12507542,18.318,7.0
cba0d7c311280eb72e45bf0689b86e5147365bc8213c3a7b414982f825ab9f89,bc5a4bef3b7cba57e0f69dab79597bc6856c4e9bac487ef1f30684a4b552dabb,M,Data,2025,45-49 ans,Nouvelle-Aquitaine,6181885,9.054,6.6
0481bfb5cfef144b5cc6ea8ae2d401c692f0eedac1725a673299dc0dd20adc8d,74be42369e2edd92775a379dfd6df5f5b9fed8587646d24debfb734061f32a66,M,Data,2025,25-29 ans,Île-de-France,12507542,18.318,7.0
f56c901d2c63bd15ce7fba88bfc0fa76a5afcdc8355671063cbf075e4a250ac1,4142e7f4843fdf73b7c6577a9936eb22cea21a19cede9ddaab32c085142027e0,M,Data,2025,35-39 ans,Auvergne-Rhône-Alpes,8238335,12.066,6.4
3214d724e6965c4e6d4430d6bdf199f89aa9282d58c64d97858b18dcb441c0f9,43c329134eff25594f8aa6a641e71dc1f5ac62b0eb038ef59fc892f179e7ccd8,M,Data,2025,45-49 ans,Grand Est,5557457,8.139,7.3
f386210c634eaf2adc9445df0635cd6a989694e512d670eafc8703b49211aecd,a8bd07d9ca9993d15670a3a560902187b911884cb75644ebbe42605318f073ad,M,Data,2025,30-34 ans,Nouvelle-Aquitaine,6181885,9.054,6.6
b0a381c5bae433df9d2520c22ce98108d8aa2aa82722ca8a09a82859504387c8,ebfcd046a516632fb9f8638c222723ebf5e3c75e15494f218ad324e3393fd472,F,Data,2022,30-34 ans,Île-de-France,12507542,18.318,7.0
f7bc80234c106166092da0a8fa5395842634ae6c5c4e931fefbf7baf76cb5625,2f354459c3ba41e7f48933e9b03b2ab7fd8624e8c036ecb66b353c15a052ba4d,M,Data,2023,30-34 ans,Île-de-France,12507542,18.318,7.0
94b2b599385af9a59398b540e9854def1e935196225cd041da89632ef9e9a6d3,6b459c8d5f0d9770c2f3b650c6c4cc32948a74d03cafa36762eca8c1ee51f52f,M,Data,2022,40-44 ans,Île-de-France,12507542,18.318,7.0
1c5e9739b070032057204cfc01a789c7b11484ab294afa1aee77e77f5a83585d,c28c8eb4171850e3f81bdfa064350b90335663628655a2a2eb50cd2a1842bc8e,M,Data,2022,30-34 ans,Nouvelle-Aquitaine,6181885,9.054,6.6
69cd0866cf435dec00792a60f47f1237f0addaff655d49631fe763bb3e496c37,8ffcba9f80b0f4c14a722830b7aae652737e024847c5041d8a141225481487a1,M,Data,2023,35-39 ans,Île-de-France,12507542,18.318,7.0
dcd4581be0acc23d02dc10f996a1a2f8ee74891516951407ebe5f7e39ee41ab2,60de3121c09f7f4025ceb8f31af4e28e91f8a41cfacf603882e5840338e8919e,unknown,Data,2022,30-34 ans,Provence-Alpes-Côte d'Azur,5252362,7.692,7.9
b7378e699ea032bfbe09db09485ecdcf6a339ded6480d933f72ee32c4b829225,c6d6d83df199c021c042eece123ce20a845f75f7e5ffe80ff8dcb46578677e6c,M,Data,2022,50-54 ans,Île-de-France,12507542,18.318,7.0
c906a9fee1e5add206ff0328dd839e65ff378725f763b11da29c7a13f65c2c71,eed47c2cc9c18df3130aa7a1de663784c7d17fac9d738482b07a94cefe94d4b1,unknown,Data,2022,25-29 ans,Île-de-France,12507542,18.318,7.0
a661450bd340d40d10844c3d1ba24729e33f269279ea17b15d334fd6e9489750,cf5a3f9cb4228175219d62c8e84e2059b200242badfd96d122a421fd3af16a54,F,Data,2025,30-34 ans,Nouvelle-Aquitaine,6181885,9.054,6.6
20f269dd3b74f758939b959616f60a677cc7bf7431c774e43c12cfe60b24ba81,22661425aae0cd00df2d18ba74d288ba797ea011dd3d376128b212fab0f6c31e,M,Data,2024,40-44 ans,Occitanie,6165869,9.03,8.8
7800ec7e1d8d7e15cc76ae0b90d856412e7af105845ac2e37c41e4a53f030fd7,8ffd079a5bb4b2f1dd9c72fa1bc5f968120aec29aa2ef17d986bddcd94f8937f,F,Data,2025,30-34 ans,Bourgogne-Franche-Comté,2800180,4.101,6.6
8bfdfa8455d0fdd3ff8579fbc8b0069fe75a60a3543743d78d7b16919aeb7568,f57050316c3e90e2c6f204fcd18575d3d6bc9d6606d0199edb3c9ef5bf0d3fed,F,Data,2024,25-29 ans,Provence-Alpes-Côte d'Azur,5252362,7.692,7.9
18bee88f59d58f27478843e58901b4f2b46d1cbd66f9127a2631945758b3e7aa,fda805b81a5d1e3646888c461653e4d393c8514517ceb6b47a5242be5d517d7b,unknown,Data,2023,25-29 ans,Île-de-France,12507542,18.318,7.0
6a8d5352d9907addca6a469daa497cbece7d2f759775da46936b26b41aa7730a,1266a2be83c51bc304a5ce0425395a97261fa6d7bfbf5a79610522a749e3fd14,M,Data,2022,25-29 ans,Île-de-France,12507542,18.318,7.0
9161830f752a0c8ba44113f91d479ddcd0caa0b9450162f2f6c60790d866abd4,72379da4596fef1f5c939d8b3d0406665fc45c0e2d7b4f3f202b279ce904d12c,unknown,Data,2023,40-44 ans,Occitanie,6165869,9.03,8.8
d06d591bb164b21f078f5403a1a915fcbed7985b75068fea2fff1bd288745822,ffcb17f598e5bab5a093b888a81ad4513e8da4782a12339598328baaed1780b6,unknown,Data,2023,35-39 ans,Île-de-France,12507542,18.318,7.0
2ff0b282de7b12b9d7bc2a1b9450842c15e7db2b844f8456dbecc02785113d48,21e800230ae23e3d82e7df714200aa57ceabc10448ee8663ef04d55aa7439e6a,F,Data,2023,35-39 ans,Île-de-France,12507542,18.318,7.0
b2ebdc990f60da6c203e5fd7d788897e4117b980f7938303a89de41167425a63,12583671fd5919bbd283c12a6def945f85e5580659f230dceb248e41514ee420,M,Data,2025,40-44 ans,Île-de-France,12507542,18.318,7.0
6d93fe9ebaba293e1bfc711bc31f33cebba439f0d1a67da54efee462888f5fef,a464e84e06868490fe59f09d4c53e2af01230518f183e6d1801648b6b47ce75d,F,Data,2022,30-34 ans,Hauts-de-France,5983840,8.764,9.0
0cc279413dfc9c222a332cd316121f8704329236b0580610eb7e1c9ad2ab7435,8c51d6aaecfbf0698e9791e93709d75e045eecd4585a536b888cc7d92c2e22cd,unknown,Data,2022,25-29 ans,Île-de-France,12507542,18.318,7.0
1a78be9032d97239e369639be8aa7058fa0c347d3e5e17e0e7559507c7b41b63,bdde39fbf0cff10134fb6f48c5645ee6330ef25544747f1fe5456472024af3fe,unknown,Data,2022,35-39 ans,Auvergne-Rhône-Alpes,8238335,12.066,6.4
4036e6df9fa330e205b8dfb5e9b665991dec8138b49ebab3a071d71df3871a15,de57d855e2700a88c99b36a80ba7afcb09384b0dfee31527f5d068e11ad0ead7,unknown,Data,2022,40-44 ans,Île-de-France,12507542,18.318,7.0
959936b08b11b21036f2f8ec8c3f4f30c3daade9f44b0455a05e36b8ebf5663f,f58f06ebefbb5aef670b6259a66b3229b7ded42412752b77532cbc84d459f32e,unknown,Data,2022,45-49 ans,Provence-Alpes-Côte d'Azur,5252362,7.692,7.9
cb6de4e6bba8d5aa6084ccc853ab58a3c7f36308bc50a6f2303e34fdc8a84a08,3f093762f5b83e276803f7c43b7ec90cdaf263400c301d7f03a5c48608f6d844,M,Data,2025,35-39 ans,Grand Est,5557457,8.139,7.3
f2a9a7714b456790221e7d9d86f009448a642714ab85897a21c40ac95c9d3b2a,6451e15174efa56c2d3188dff78c3f858105cdda081f5aa17acad73a22b2abc1,F,Data,2023,50-54 ans,Île-de-France,12507542,18.318,7.0
35fddb2ccd3ac091e18bc6560e7e03ca6c21fc1f224a6c80c1e97c063e657982,cee538fc6b5845920d6496dcad766080793546319ff59aef468fcab1c62fdf34,M,Data,2024,25-29 ans,Auvergne-Rhône-Alpes,8238335,12.066,6.4
c05a5dd44e546bed8f18c466f7099e14a59abcfaaa747779886be818e955d9cd,b2b846ad557501ba866b1b4cb9e5383a8cf44d5163d1395c74e08f180c4715e1,F,Data,2023,25-29 ans,Provence-Alpes-Côte d'Azur,5252362,7.692,7.9
258325d6a9504cbdf0a0f639d80a5de36f05dbf93f48cec18b8bb44aa7676b3b,c1ecb7ad60fd208c9243e8afffce18f26f5487c9aaf1d1fa369599e8f9ba3b16,unknown,Data,2022,30-34 ans,Pays de la Loire,3926871,5.751,5.9
e5d3280b5ceb61ffdb52bc483252e142e8aa19e4d8b1d12234a9a76a29c5f6f2,a6fb3e7869393a7ccbf64cdd9a953f33a91684b24d95edf41d5f9edb8b36f4da,F,Data,2023,35-39 ans,Île-de-France,12507542,18.318,7.0
417330d57b32c52d29e90677e41bbf16a675a05b618d0015fb501e3b0888a286,221ddd850017f389f72534ebed557c50afdb598046a52d10a9e5fa7f06abe310,M,Data,2023,40-44 ans,Provence-Alpes-Côte d'Azur,5252362,7.692,7.9
615e1e06121a11fc7b0779f7cd146b0f32ff1e59b6fc9f66a80e97a941373a76,edd43919db2b73680f97ae5f58b5e6111606519421eeaaf55f289f6ac2060e6a,M,Data,2022,25-29 ans,Île-de-France,12507542,18.318,7.0
dd92c0ac31855001403db8aee5f4e8aa18b69b3f63debc0addf604104fb8b2ce,f205ec0933b6de1a503611bea6e09763be778346ee98dcc2062e3f8b192bef66,F,Data,2022,45-49 ans,Normandie,3348960,4.905,7.0
017f3f308d19e57f98fc665a7518af22975b5b4aae767713eb8bc2ef07bb0cbd,ce47419b94e94a9dc2b82c5ca3d3a9dbea3d950bc0830a7d18015b28b1cc0a33,unknown,Data,2022,40-44 ans,Nouvelle-Aquitaine,6181885,9.054,6.6
e41f9fb088429548ef46076efc4973b1fbf2704362ca6cacbc77863b5b868b6c,374927b5d88327c41a89652e71337bae3b2f6c0693a10139011966eb9c577edc,M,Data,2022,50-54 ans,Île-de-France,12507542,18.318,7.0
59232c9c7b1290f7c89e3af7364a3186b41f8c37a1e57ded0bf5cd785f2b9cee,bd2a27873f6696e76fa6a24a1d163b421d3c419e7f04ee5913a59ca8dbbc9e96,M,Data,2022,20-24 ans,Île-de-France,12507542,18.318,7.0
e78b2535383ef15146ecb3770731614571f290d3d928586c6bb30714ef03fb96,d899139adb64ef3bf1d4fd7998142e4f2903e990aec29512f9584b58c85bd067,unknown,Data,2022,45-49 ans,Île-de-France,12507542,18.318,7.0
7e62cdd03023ffbedec930b1d1eaad8c91b0cbe40ed1fd2a7cb77875710fd0e2,26d6f9a17ac1c6725fc7b100a514e84972e6eafbe30bd2902c335500080fc83a,M,Data,2025,30-34 ans,Provence-Alpes-Côte d'Azur,5252362,7.692,7.9
2373b6f3ec3781703ed48f7b55721172f1fe94387359bfb0afa26732fd11af58,f853210f377ad977a338dd43dce4daf59dfedd91f4575ac37f2fe572dcbaa7e3,M,Data,2022,35-39 ans,Bretagne,3469711,5.082,6.0
924bdfa655eba763d3510302e274bfc04de6776958595395bc87de7bc8f34248,20b6329a3ce79ed247d59b54ff71fe135c70ba3dbb394cd2740fe4786a145957,M,Data,2024,35-39 ans,Île-de-France,12507542,18.318,7.0
e6359ca1c33117a31119326b6751867ed504d8c32f266e37a02321ee94c0736a,55033f2d6ef71ba267bb12c84949841a08c7da6cfa20db5cb6d46d1ad646a24d,M,Data,2022,40-44 ans,Hauts-de-France,5983840,8.764,9.0
aed6a76d3b40d729e3a641cd9fbf4f1cbfce329b08ce2d653ba2d4df87d2475e,22fc03070572d2f69b269288e1dfae34e2af034c8bba673c692cc65ad7196754,F,Data,2023,45-49 ans,Île-de-France,12507542,18.318,7.0
f771bfc936f911cb2282fcfdfc07ada217ef65bb2db7acde1cc822c8d68491f7,7f533d90a5146ff1c567470114400a46d27c179bb57bc78bf7bd9eeb3c9d9755,F,Data,2025,25-29 ans,Île-de-France,12507542,18.318,7.0
9c8a4aa4e66ed298324dbdcc300dcc90987247623ca317f62c57f6eda6bd15b0,2c6dc342d3ac2dcdf63d00ecb80fa69465b4f9e7a0bc97b85226a0cff656d110,F,Data,2023,30-34 ans,Centre-Val de Loire,2588006,3.79,6.9
d015aff796e7fba57fac3c110e29b909e615a20c34e16b135d9b18ddc12c60a9,faa09ee0c5cfd0e97bd1fb0e026109d251fc1868c59a34f00f1c86033f3d7e72,M,Data,2022,45-49 ans,Nouvelle-Aquitaine,6181885,9.054,6.6
86a88719b17cfce04cf7a49bfff8bd106154d95c9f1be66e10144a6a85a5b1db,22c514b073736c36b022a2c5f35bfd704106c640cb44b402a7a1759494c27afa,F,Data,2023,45-49 ans,Île-de-France,12507542,18.318,7.0
f0c1d2a4da4637f220e776e0ad4225f8b9166aededda2a29362d209d4c2cd635,2c967b9e3a5f2aab9ef961702a190028d90e9b3f36154d8b96c0e614606feeab,M,Data,2025,35-39 ans,Provence-Alpes-Côte d'Azur,5252362,7.692,7.9
21c44b79b7d35402f29169ef13d1ffb04d6a700efd5df6a14f2c3c8863307e3b,40488dac5553aa8e62a06f5ea7286c40f86b19f3cbc74527ecb21e58b94cbe19,unknown,Data,2023,45-49 ans,Île-de-France,12507542,18.318,7.0
ff681ea696bb9bc5800b29547faecf588994a566dda75aecc29423c09da05f32,306c8ac5d0d9932d83b80fbfd14894eadd426617d7e8d367749c71568ec1e0d3,F,Data,2022,25-29 ans,Île-de-France,12507542,18.318,7.0
e179c6e9a8c703d313fe0d399562638b84cfaa881ec32a8687909135bd2033a1,78382598be5f074a3da3b9409ac559bb799cd7c0612c05d047dc00037bb4547c,M,Data,2023,50-54 ans,Provence-Alpes-Côte d'Azur,5252362,7.692,7.9
b5684f9cf3b1c3256242efd92b12215da3ef867ac68591ab74334f21e4da94dd,0a0b4319f4e55a040136440c48e4c0143098bd10c8450299c2602a91387c75e9,F,Data,2025,35-39 ans,Grand Est,5557457,8.139,7.3
e05357e9d527900c9ebb06169d487a4ea6d79adee4d8ea9d59081672fa9cbed0,db818243be7eea91b8bc4e372a29dcb10656b11fa80ac4851db47a74ea31a71c,F,Data,2022,40-44 ans,Provence-Alpes-Côte d'Azur,5252362,7.692,7.9
f05f640af0145034fe0847e2a37e9eacb8a63ef094fd825deb26e108574b3862,89cb529d4451666acee53275e661d2c00a86b2786859d0af659e9b766df765e1,M,Data,2024,35-39 ans,Normandie,3348960,4.905,7.0
8242b7929715e515eb7db65af09bdf791e6c7bf3ac36d688e3d3e7131c3e7e76,6d79a543c145efb8b71c35ea772fd58e24e994dd426d77b8587bcb54a31cd122,M,Data,2023,40-44 ans,Hauts-de-France,5983840,8.764,9.0
316ce3f23ef4e0034a3db8862f60423101313738d96b30ede2f45a370361b5f4,8c33bb7987360f6204fbe32a27fb67b14d2562f716eb0ae0841c463ed0f48aa1,F,Data,2023,25-29 ans,Auvergne-Rhône-Alpes,8238335,12.066,6.4
9c0aecbefd455bad9142dd0e1cf93b0a56ebb78c17595d18f5e86e65386430e8,a5be823fbef0b82f5d83ec72cf864c0dbddecc0410ef985bfb0e16ffa1eebaf7,M,Data,2022,30-34 ans,Bourgogne-Franche-Comté,2800180,4.101,6.6
06811117aed42aa67e93d0a9ba993908275d254f7d1161852f90b0bda245ab10,fa79b04172db6b415e92f85d69652ae6ba1160a8ed83efdcf2fe87878b83f31c,unknown,Data,2022,40-44 ans,Île-de-France,12507542,18.318,7.0
12886462601e5382e3ce1522fcc540e050fd4d6e21f0a97d6c533754f762c217,4c1afbdd46fc41b4101f1626143101bb508b6890c4efcc1f751cd9d434ea7931,F,Data,2025,30-34 ans,Île-de-France,12507542,18.318,7.0
2d12a4bf5b2952ccf7f54f6d85a63f8dbc1b799efd7b04edd5f9490b02b9db09,0331d983451472c6a21ec2fe6ac9e932ddb263138e22790577826445827a189a,unknown,Data,2022,50-54 ans,Île-de-France,12507542,18.318,7.0
987b2b2269d628757ce75dc86ce11e8b79707871016d263bb2f89e461dca6771,78a4752b863d2654e5ccea9f24639079c43876c9e413c26d978cf2d19564beb0,unknown,Data,2023,40-44 ans,Île-de-France,12507542,18.318,7.0
d5f7d9aa3917379656821baa463eae6c7f1c754e62108599d88c38ffdab2f845,0c86c65e6e92972c70c98b2f6dbe7a79d67cfa51e966f7253732260190b636e8,M,Data,2025,25-29 ans,Auvergne-Rhône-Alpes,8238335,12.066,6.4
8213c023628f1a6c7bb2c443e6897ced14e345357c46994988ae8c4c7ca65288,eb01970575b05170e38401c40681928a7ccf99061d6b67a217505a210253e2c9,F,Data,2025,40-44 ans,Provence-Alpes-Côte d'Azur,5252362,7.692,7.9
c27ce45da0403cb6ad9c2c19a9725450fb85f2b05bbc47f5a20b02602e7e3cda,9fba6bedbba81ef550d500b3df9dc56541bc6aafa5bcbbe32e6a16b3645f3c66,unknown,Data,2025,25-29 ans,Île-de-France,12507542,18.318,7.0
00949ff2830fb5c090fb40ba56b64a529334d7bc5561818b6723e328f5dbfbc0,e4823db9c337596e4ac6ec3e164d96e3618c7e5d406587019412bd90cfc75f9c,M,Data,2025,40-44 ans,Occitanie,6165869,9.03,8.8
2db0118382b7ba0a1027bf698efb9ee6c14d75c1e31a3ce8e55b0b9cb8d330bb,aa6d155633c02a214073b191b18218b4c251eb369f2978f351a1369ac0be33a0,F,Data,2022,40-44 ans,Nouvelle-Aquitaine,6181885,9.054,6.6
d8e23176e23ead6c646ec016b1a31faee83bd51cb0e5bc336275a69be4db7edb,2c2478a7b6b2b111c715d29db7e832501ae2314359ea241d38610dca6ae58bab,unknown,Data,2023,55-59 ans,Auvergne-Rhône-Alpes,8238335,12.066,6.4
3c7b6bce0f8f5aa3def0a05d879b2ca5371b24c8fdaed7839fdb6545c29d49c9,3fb9af35f0439cc47fa8a47af5b12e6bd1e35b1c3e775d15b6c5a5f28a8557ad,M,Data,2022,30-34 ans,Île-de-France,12507542,18.318,7.0
4d20bf865f325a673691593b3bd124cab07b3d177373a223d0ff085323daef39,fca83b0a1394bd6b111e57f7799c7e8c9c14156d4ffaaa7875bbc43003319bdf,M,Data,2025,25-29 ans,Occitanie,6165869,9.03,8.8
ac26aaf2ade8472e297edbb6b399a5f1f0dcb3d64691cf02f730c90f756830e6,b22487b158825ee3c5d01dbac2a29b324d2ef2b6207a61de5a0cf990c5959f6d,M,Data,2025,55-59 ans,Occitanie,6165869,9.03,8.8
e055816d042ca8fd0f7b3beb54b5a0e1c991a82cbe61b9ff94614933650974e2,3a9fb95f8fe217a8e494fc0c48b373b3efd296bb18a375240acfb582d5f7220f,M,Data,2024,35-39 ans,Occitanie,6165869,9.03,8.8
098c59d28db6f61dae7978299160781e66ce170e34217bda8c3195a4b0ca636e,e246e69ed174a54f5be16f90bab3a87d9503a1b5bea60c93ca21b556076c0d64,M,Data,2023,20-24 ans,Nouvelle-Aquitaine,6181885,9.054,6.6
dd143c29848337ad846b9488f2da467b1acf9a132de9360fd5938d06d16e17e6,21119668a5870fd9e9fefc8f6114f65469633ebc82fdec067e072016ce5ffc03,F,Data,2024,40-44 ans,Occitanie,6165869,9.03,8.8
92dc97358fa9a099a3e0ce9b4240c9928f47655587e0b3eff26de93514137132,8e16b93b8608d763f082303bf85770715ce9f6f5b0799873a7572e7379b496f1,unknown,Data,2022,35-39 ans,Île-de-France,12507542,18.318,7.0
f137dbbbd19a4e6340fc38c32e8dbdb5ae1d7608b05daf289b90f62de44e93b6,c66953e570c0f6739520a737c6389118085e0a0dadcf80072c87038c6f26016e,M,Data,2023,25-29 ans,Île-de-France,12507542,18.318,7.0
49a348bede6f54fff08339b5712866077c4de9a22b2a50fd25db4027b134baa8,a3f4805e64909d5e73a7cff09aee9af607e6fd52edaf251c462af3fe50cd5706,M,Data,2022,25-29 ans,Normandie,3348960,4.905,7.0
5d82aad592005add57d85e6361dec8057ed4fbb7d92d3d88580dc23690da0b59,e9368737dbbc67b36d59ee9505e14f2a1db24cfd77cb64fdbc28e655ac96a57c,M,Data,2025,20-24 ans,Auvergne-Rhône-Alpes,8238335,12.066,6.4
2cd0779e847878426a5fbdbb2184d46ee46657302447db02d3e23e21192813db,41edaa18595d3159b1ec52b45e95295a69eb1bad2ecdcc0bce58835372cbdf71,M,Data,2024,45-49 ans,Auvergne-Rhône-Alpes,8238335,12.066,6.4
d1a43682d873f4bd4c38ba1a007b8b47d7c952bf50a7ad171a555eb16efd6bc0,025ac453735901ba713b9ee2aaafccd072852b534361d333c9aad7cdf10ffc86,F,Data,2023,25-29 ans,Île-de-France,12507542,18.318,7.0
a9f86c9d227ac4de779b5dd0dabfc4d20fb6b0944603f774dd9300bbb5ab3d22,6c16c03daaf9de396601da3445fcb6602998407c57029db013a8f072d36538f7,unknown,Data,2025,35-39 ans,Nouvelle-Aquitaine,6181885,9.054,6.6
9e2ffa67342310ff2ecdc8a46d2c73c94f2b23c096759b9a2c400268e34a95bd,dadee403393ebba470b27664de3173c97360510d1a0bb65f055f2900666469a1,M,Data,2023,40-44 ans,Île-de-France,12507542,18.318,7.0
5cb4dd965a82374cf28d012f1d338b4ac91797b850fad9d10591310c3e6c4c3b,573bc0ac2bdc5d12569275d0c6b8a350dd04f7e3f64846cd82928d242615dda8,M,Data,2022,30-34 ans,Provence-Alpes-Côte d'Azur,5252362,7.692,7.9
aa444f7d26a948b8e170d4bf1e58f2d4d3a360d024390dd36e3cb55c3ed5d942,66771d55f27068f8ab155e7b8e0890ce49a600781e09516964ef0f1ff6a6e303,F,Data,2025,50-54 ans,Occitanie,6165869,9.03,8.8
abcb6b84d6c53ea1dc3a985cdcbb0a1993473efdc6ddb5ef3a1d26c49f85ba0b,4857f7946322bd23e169d344e3aa9e3994e5d837da0de6e60f73b323126fa36e,unknown,Data,2023,40-44 ans,Île-de-France,12507542,18.318,7.0
e1f0a88e2a96d68859fcc8af7794a3bbc5680b44e6bb5385ca9347e15409b409,51e800685e2022d977b1e8bcfeab369a4c1df394b616ee3341e491aaf0820c99,unknown,Data,2023,45-49 ans,Île-de-France,12507542,18.318,7.0
9fdd4a5a7b793a03401f850f492b9fb20afdf4ff7662c17d67e707c6781449f5,838f47a5be583036dc659bf290a76fa158404f22b2bb12ec80c18ca658b34e16,F,Data,2022,35-39 ans,Occitanie,6165869,9.03,8.8
94a86b7f954dc32736f3540908124facc8ec8a108b93b0b3baecdf8f56608e43,e7bc16446362bc7be0aaa3294ed8912fbb213a0089a7dd9eb8d1da9bb0686f26,M,Data,2023,25-29 ans,Bourgogne-Franche-Comté,2800180,4.101,6.6
aaec522ac1d723993c3835ae6e8de9e1f30cc333f1b4953efde76dbb56930d2e,6c8198838a6e71bdc8aa44bf7da272ea8f70c81b55c34229af0a31b55f41c42d,F,Data,2022,40-44 ans,Hauts-de-France,5983840,8.764,9.0
307f057a1619445dfd7d9c10a3ed212d27780d02b04b5acd128651c2a74f283e,ea825435629ffd7437221a602b7071c8235f5705bbc9e8a161e7c6b707717239,M,Data,2025,50-54 ans,Île-de-France,12507542,18.318,7.0
2b3546ac59591c888ecd93ce25d2263d0bf0ace95eda5c4cff4d27b70449818a,553f3580856dce89edc709c85f987baa7a1e446905aede5280c326baec50a03c,M,Data,2022,55-59 ans,Grand Est,5557457,8.139,7.3
535b38cb1ea695bccc57c99916723184fd41eef412fd25f7c775a5580982d095,bdaf8572977aed817e9b6e31dcffa42b4aff692b2d279764d9fb4cd26934dc97,unknown,Data,2022,35-39 ans,Île-de-France,12507542,18.318,7.0
ab5361164c4c384abb4c1b34a8ef2bd70ffeb78b2a541022d518792eca84ebd0,3eafaf3191e188b0753f17c0367e4b88022ba0bd4a5fc1fbd2b94287d7af54fa,M,Data,2025,30-34 ans,Île-de-France,12507542,18.318,7.0
aa515668dcd24c7bb97a6032e669289248bf6a12d19a8970bc82d4c282ec6702,5300e6cdf8a2869c5ea783f73dd277354f3be9e2a37d2f89de9f038b7a0d9ab7,unknown,Data,2023,25-29 ans,Occitanie,6165869,9.03,8.8
f070cb1b2aa2778801cc4d20bf9bf191e813cd75d1d1f36dbe22265942c7539b,33690c7083c404cd62f5bcd24871363bd9cdd21f787952fbe6e54b02a57edad3,M,Data,2022,35-39 ans,Auvergne-Rhône-Alpes,8238335,12.066,6.4
477bf369320e2e32405c98fdc0c13a0d0bd4d6c7298009a3f4a6ad5e6363117c,3429dea6b328708f81cae1c64527c5f6ded420fb1579dc8ea205a80851e3e7d2,M,Data,2025,30-34 ans,Île-de-France,12507542,18.318,7.0
c69a128129e30407286672e2645a485bf817537db94ec165c39aacc16357c62d,baee6330faa6d04642597a86995eb0bba6e801e3804b9317d16fe302dd1698ee,M,Data,2022,35-39 ans,Occitanie,6165869,9.03,8.8
7ff733e36680328dc9b252e06237cb94161a983fc686ee742907382b7cd4092b,af55a30fe73a043f3c7209979760a636dfa761dc141c646f01a86234e293b2dd,unknown,Data,2022,40-44 ans,Pays de la Loire,3926871,5.751,5.9
26d3add416f0c5ea9f0df2339358e22e305b4c099ed43241f9f0b01f14cc1b33,f20f6840896572b14cd45a8e40ba05cbfa4114479006fbeb6b5f3c50b7db79b2,M,Data,2022,30-34 ans,Île-de-France,12507542,18.318,7.0
e4360a121644f004b5ad6825ced054a186a4f76eda8ffe6a0aeb02f8214d9f68,07702de781cffaca9ef63323a9195240f3a074be5d99d7cd9913468d66bffa75,M,Data,2022,40-44 ans,Occitanie,6165869,9.03,8.8
95e06b469318f84767cd7579180ea27bfca714440a94b58f4b41fc03f0d8077d,48cb4c5b733409c07b6584cc98fbcb02314f68f71167faa4b3207c39b88f3de6,M,Data,2025,50-54 ans,Bretagne,3469711,5.082,6.0
22cb1a7b93fab9d9f21e1738060ef874d238add32215cf8b885087166e6eeb3a,5a46fb535beac91bbdef4933cabf2785880faad6c9b4289cf0c524d0da5ce2a8,F,Data,2024,35-39 ans,Île-de-France,12507542,18.318,7.0
640eb047e138581206cde43d58cb716a8859b03457649053b84000e0d3d6d761,575be270b36487ba904f0f79d4dfd25942d8e1a855c45eb861775ac822843004,F,Data,2023,25-29 ans,Île-de-France,12507542,18.318,7.0
2e4f5bac3f9d5ec9b26279b8e5fbee18c14c827b9319fa230c16b82a430ca0a4,fcffda9b24fdfe3dc05c9ee88ad08bc07b1b8a992866f2cff7d1c491d7d5e070,M,Data,2025,45-49 ans,Provence-Alpes-Côte d'Azur,5252362,7.692,7.9
56f7c7c8d3442de0b5d523ca7466e60c21cf10a663503f9929a3cb25e2d04386,1a0fae9c552607aa0796c3f34ced24126d68df2acf266aa21e11f0939fbec517,M,Data,2022,40-44 ans,Île-de-France,12507542,18.318,7.0
079a8b8585a3aeebdf8722c762d27ebe06b20b8adf2739680b558212b2c55633,b02f47668f9960578693fdf7d3931858f337d41a8a259d928625e13dde4f4828,M,Data,2022,30-34 ans,Île-de-France,12507542,18.318,7.0
752de2a08054034b8b745b48c2718af06837b1afda58c90feddc1ec35d32db51,e75036ef48edb226a5ca6d6453371f5422cbd2f7764c60678eaf673fbaaf54dc,F,Data,2025,25-29 ans,Île-de-France,12507542,18.318,7.0
faf57222fd95ad56765e9d8825c3d5bf47a03431f548a5617ec76abf98055527,b10811f625bf7ef52ed6d69253c20d49aac6652cadfa90830f28f9e53917e6dc,F,Data,2024,25-29 ans,Île-de-France,12507542,18.318,7.0
448e2c3ed3349921e512eed0b6c4ac3276d3a00584112c66b97926744c5af283,da08d1c8fe0b092ad1307650add953875c9b2b022ab384ad55ca00f19df571c6,M,Data,2022,45-49 ans,Île-de-France,12507542,18.318,7.0
7c2d40b63cfc023455554b8aa1a973616cf5441c497882f6b5324f9428e1208b,d57c32bd76d18d8ee64b68f88c1fc07732bef9579da60c7e277fa2bcfbe230fe,M,Data,2022,40-44 ans,Île-de-France,12507542,18.318,7.0
a47185c020e0ac1a260effb6083a56016c92dc8535b5e3976b800068691f35c3,9b9be3b5f122e25dab4d2a60851774d35f9f1a00afe7cb3b9e488193a476b144,M,Data,2024,25-29 ans,Bretagne,3469711,5.082,6.0
5b6758629703665bbfae025b76efb2f6cbfe2239594a86891cf0f590768caca4,188fb5ecb3042f4b508bb45bc5701b838793e9532089ddef855c97f2f7172cb5,M,Data,2023,25-29 ans,Île-de-France,12507542,18.318,7.0
974cf53762d1b699e05f4f49ca91e53428bef3d6fe0308351525d928b6c7d01a,32fcbad1ce0eef8460024e5bb236555fd633aa025b60caf96d202e6b03abb926,unknown,Data,2023,50-54 ans,Bretagne,3469711,5.082,6.0
ced552fea990796d855019fee907dd64e8f7e945655f74b542d87a64b74d194e,f61a3776ff75be11e1b1020205acafce6e4ace859590722413562307302d4b5b,M,Data,2025,30-34 ans,Auvergne-Rhône-Alpes,8238335,12.066,6.4
20a6b16b4f3bf03734e7e2d05a7cec1768b144a6d61ffa089fc8e415fb09f41b,8f4135f6f00c5b80fe9a69a357ae11e4f8610ffb68358fb4ed0a1e580e6a27ad,F,Data,2025,20-24 ans,Occitanie,6165869,9.03,8.8
db4d675532794128494d9ff187b9e3436562395c0159a9ee057dc24cc241184b,8ecc03f645eb1a30acd50451bb1ae9f0fbccf54b258c3e1122f7bb4c4014ffca,M,Data,2022,30-34 ans,Bretagne,3469711,5.082,6.0
1e8e7160b00a7d738abf8a41640be442da05ae58791dcbc81cea54ba5292decc,7b0fd0e12b28823b425d8d49ed3de874a11256cff28490949df5be3f3879c67b,unknown,Data,2023,25-29 ans,Île-de-France,12507542,18.318,7.0
738e14b7a09a35e355fbdf76be8aad5079e0989b4d0c4ec2078512676516e6a2,9b096863efaeb65791e7d0ef465a7841febbb1db3058cfdead876eb81c79b95d,M,Data,2022,40-44 ans,Occitanie,6165869,9.03,8.8
38e1cba4d72785490196afacb445371791a7d9d5f1f457c33e8f15ba165cb817,4b056de6184f6759f546a200d561be8be7656383d0c3caaa2027959e250dbbf3,F,Data,2022,40-44 ans,Île-de-France,12507542,18.318,7.0
dbeaff1b3d8584686529719aeca253873a23d72a6756e1d74b94f71b53b744c4,1fe8dd0351bcfa5dfd593e464aa9f4ecd250c970c283f987f414f7da2ca6b344,unknown,Data,2023,60 ans ou plus,Île-de-France,12507542,18.318,7.0
373ebdbaf63f4d6b82e3c40ef611a5404b816f2984729c5eae2a8926991fa716,9484ba23ca7b57429e463fe8e49ba49dbc51ab70c0bbd77a92db4991b9843a66,F,Data,2025,40-44 ans,Île-de-France,12507542,18.318,7.0
6ff1addd9533d31a4d6ca718c97257427ddedae3f6d9e7052494e8869286564e,bf23939237d48bd87879ec5b40a01dd314ace992a371ea7890df197782040e95,M,Data,2023,25-29 ans,Occitanie,6165869,9.03,8.8
6f8e3e8838b590399427681e321f0aca6d296ba86e5d0b25d5c4abe4e6b8a492,923b5d4605384c3e8923ae9998b970f9410ab2138416df46d0e7a12fdf883f4c,unknown,Data,2022,30-34 ans,Île-de-France,12507542,18.318,7.0
d5eb08707602a5cec17ad967e3a2638752b1f78721a79bb729df702db682e2f8,9ce81aec2b3ce066dd1ed61e964e222e59b4152cd6980c1b74c48414362563f7,M,Data,2022,35-39 ans,Pays de la Loire,3926871,5.751,5.9
30a87aa2450a0f8b3de6400b9091f0f56246c94856e489a6f1797243d2c66d5e,88da413c1ebfc4f1e2f5e8b335b3506ae4db7a3c697f1a37d3806779696b45e4,M,Data,2023,30-34 ans,Auvergne-Rhône-Alpes,8238335,12.066,6.4
57b01a90f5fdb23ef1c6d83504b72609d2ebe83caa183854195b9efa9639d5e0,4fcbad632f8e57e04d50dafec97b4a2f60c85ba7606f84db977b43c631a02e54,unknown,Data,2023,40-44 ans,Île-de-France,12507542,18.318,7.0
83365115be61b0d655a2e2dc39ce8a5cb42e0a556279df2ef0d97fe021bec555,15497d0fd5c35fd465e637e61039cbb4d0c74271aac0ee7e72df434c962f4adb,unknown,Data,2024,25-29 ans,Provence-Alpes-Côte d'Azur,5252362,7.692,7.9
ddb1e6d3aca31a1535a5d295027d391f88dd31c6f68eb4078975c03e47db36e1,d722ecaf7e1f1f2514a38ad0706a8c4c87090cacdec333ba07bb76c5ed998516,M,Data,2022,35-39 ans,Occitanie,6165869,9.03,8.8
a4e4d41d60d49d44e5b16229653099600298acf3d9b0d79a87d03c9fcce35020,ad6344d96eef71cef98720433d91596d446ec3391f7fd445464e5dec4503f636,M,Data,2024,25-29 ans,Auvergne-Rhône-Alpes,8238335,12.066,6.4
b498ba912a2bba0a188b63c8e6f261a7c66f5b1c2a440d520dc323a94e16a28b,193a05dffa3914a6c887b8d0b607562a7bf6f9e07434072a6ac96df7eee6a271,M,Data,2023,35-39 ans,Île-de-France,12507542,18.318,7.0
3f8424860abee45c44742f46cdc5f5d1c71115996336d9399797d7df3162bb12,74705a0ba6366c3b15dd5eed52678d7abf9a5233120efa0aba6f3ca8cce503c9,M,Data,2022,35-39 ans,Île-de-France,12507542,18.318,7.0
8c470d4462cbd9c6cd829efab181f751b7d029324a31d07be9b80f11564b5ca4,082693a2886e5d04ec66356bd67d40d1d0b95a89e9e568fc9d0a666e46b06d6b,M,Data,2022,40-44 ans,Hauts-de-France,5983840,8.764,9.0
24934747ae88f5e1df29d459a23214a1531a378505adc4124f68463d19360022,cb4795c6aed74521aea32ebbf7c7ecfe07bdf30576ac479431a61211934e3ef1,unknown,Data,2023,30-34 ans,Île-de-France,12507542,18.318,7.0
7129bc44bd45421e09da5802e051aba4e160ebc52872975ad17ce5899d92e390,c671408ca24b181ca5606da5cdc499051dee64cd6898437251a87e1ee5952048,M,Data,2022,30-34 ans,Auvergne-Rhône-Alpes,8238335,12.066,6.4
80da1d71806cdacdada5adbebedf1acf3befaf55be75311aadd3d79127dd3046,042ea256d5900c55345e06682c565bbe2f55f1a37df080c743a0d705d17593d2,unknown,Data,2022,55-59 ans,Île-de-France,12507542,18.318,7.0
ae922a64de50baad60fb5cbbbf799602dee8cdb5d16e15d29ddd6224b8278a7c,7f71a5b3144056800c105ace6c3e6dee2fa2bb12464545bd2bf2912712b43b9d,unknown,Data,2023,55-59 ans,Île-de-France,12507542,18.318,7.0
96d5ebdfb26c0a0cad1bf976e408d42c96d429eb6023109a7e099cc5210f9a48,92a579ec8dd2199d978eb559e468abce825c4ca5467f286252522292fba0d1b1,M,Data,2024,45-49 ans,Île-de-France,12507542,18.318,7.0
7f7b4959c8876069bfe3fc5b31b097f2382c7f3fde780b55d697a947bf26ead3,a20184d5fa87ed76441d7468c009a667eaba98be5800aa7a535ee328eede01ae,M,Data,2022,35-39 ans,Nouvelle-Aquitaine,6181885,9.054,6.6
a0d80c0069b43b036735024842fc2d946368e2e9f2b8de20b9f7f527d648cd4a,19c76797db63aa6a6d21e15b3717c5f7ad1bfc0e5e24afb3181abbd57995e81e,M,Data,2024,35-39 ans,Centre-Val de Loire,2588006,3.79,6.9
a23445ef50246beba3f2bd9d516f6506f61358960edc010ec5ab533b9eaf87b5,3fbd0f9474ce2968bcd83a99ad67cff652d5a06cfca4bd619145837553e94945,unknown,Data,2022,30-34 ans,Auvergne-Rhône-Alpes,8238335,12.066,6.4
d4cfa30635b2b12e216817b781132f4b595e4dd1ebbb79eaa4364ee1ea010794,2d9facc2be17aee220d4fba8fd80dc215691aee80e24e8005a8b9b64acae8705,F,Data,2023,35-39 ans,Île-de-France,12507542,18.318,7.0
3b299209cea44584aad42e9116eef090ef85530d01c4bb4f3ac83fd1608659ae,d14371f75ad98507f90f0927ebcb39b80c12673872be32357f9dcfc4c1df809c,F,Data,2022,30-34 ans,Hauts-de-France,5983840,8.764,9.0
e74e0c693a97fdd67718ee63cd7f31b3c0567d9398bf60c88a182ceec27000be,b17da2cfb1d41a170001b2695e28545ca045f031f11df8d2f624bf3f059e3097,unknown,Data,2022,35-39 ans,Hauts-de-France,5983840,8.764,9.0
6b19da11ecc77d452aaadd044c416917873e1a800c61d57879e4147d226797b2,3ff958a2bb46e23b4663cdcb484729714eb78ea135089b4b90413a19cbea5906,unknown,Data,2023,50-54 ans,Auvergne-Rhône-Alpes,8238335,12.066,6.4
43df6246c839f383af28a0ea27135452f8f4dceec106c6983af62280d4ea8e9e,1d23077442b200e38142e4abe23c2af1f563a1dfb4ec94daaf1d42da6797de30,M,Data,2025,25-29 ans,Auvergne-Rhône-Alpes,8238335,12.066,6.4
c14b9cba4bd51cf465faa09b318b19c4e7f9903eb9c53f3dcd8f34fa933e5aa8,9a470ee5184478e9ba69fa999ffb5f7f3c95dca748da2a6736e4d9d95d527f98,unknown,Data,2023,25-29 ans,Hauts-de-France,5983840,8.764,9.0
68082493cb3e263902ccfe69461263014cb0364942f72af1784163628061425a,519a2858da4ff128b04d79b6112a7609017008ddad44851b152b600ffb1eafca,F,Data,2025,45-49 ans,Provence-Alpes-Côte d'Azur,5252362,7.692,7.9
0184f1367d4ae472fceae9bd7d32549ddf4dfe8105de7b7c10198893d15a2f48,629c18fc14945b746f0a31ab757e9a3aad8281c95a60b555eb6a78d435da9959,M,Data,2022,30-34 ans,Île-de-France,12507542,18.318,7.0
3e6b46dc08d6937b77c234236a5bed84be87d7caed45755e8ae4746287418115,5638c7148b50d95a453062bb47b01f82c5c40de8c46940bfb37e779d59b84cf3,unknown,Data,2023,30-34 ans,Auvergne-Rhône-Alpes,8238335,12.066,6.4
148b66101a1efd5f4f5f76b1814e155becea61b7bda4433c91ea1a5017ceb7ea,eaeb75f0d489956375a70c615e05d56ba727e3166267eb582979c451aaf47a41,unknown,Data,2024,35-39 ans,Nouvelle-Aquitaine,6181885,9.054,6.6
539ae4d191b8d1b8b4bdefb0a64e1912bd7ad7e01b1bbb39cabeb2da69b71961,7b3c55ea2a76eb70bb2ebe2866060dcb1080742e58a1c127588595f028a38b28,M,Data,2023,30-34 ans,Île-de-France,12507542,18.318,7.0
983e38385ef0e4aee79880fda92a69d6c58398c8f5af617802400654ed3f2fda,13bcf292685b83778e5a711a2f5ed734e002012d9f406fa3edfb450d0a4d091d,unknown,Data,2025,25-29 ans,Nouvelle-Aquitaine,6181885,9.054,6.6
0e1438f4d2c5ff60f2d3976530e926a7fa3f034ffb2d81f5ab676b20aea50797,d4e5c8d072f0818d70eac62a619c65aeef3ac0c237796b34a4ee472a9635f8a1,M,Data,2022,30-34 ans,Île-de-France,12507542,18.318,7.0
195acd4c52bf4394e5e568e5f60c1e331699f26b21efa4eb191581d9a50b0f27,d6206c8d286413026704e95cb4e765b81480f4d7bf574fdbc7babc2d28f7148d,unknown,Data,2022,25-29 ans,Normandie,3348960,4.905,7.0
4a34431fa1706706927b29b2150dd4cf7f7ca7deb09beb7ccec1854dfb7e3a4f,f468ed060cd29fa3b309a2c4c119b5733b208b575095b6372a65fa7b471e97db,M,Data,2022,35-39 ans,Pays de la Loire,3926871,5.751,5.9
d91402795691d3b3c0c4f9e45c461e480d85b9c0e4a63c1937ed207cc5df98fd,2b1c1b1c173eb1547abb2cfd231cf9fd5303667931604cc43fbb6ea4bc30885f,F,Data,2022,40-44 ans,Île-de-France,12507542,18.318,7.0
32fec242d8b05463ee79acda84f5fa283d46dee1ce4c25d96ac3496f5da30372,fe6390763e421508bc8c6dfacf1620350311bb12055dcf47fb94fc84edb60c5d,M,Data,2025,20-24 ans,Île-de-France,12507542,18.318,7.0
e4c3f6b3f789cf301d2f18efb732f2f2aaa07a9d6170358934a76a71d1cf30e5,0ceaf57be1ff605b6aa29fd3138c13e6e2c00a3a7b6f477a86f1a5443790c54e,F,Data,2022,50-54 ans,Pays de la Loire,3926871,5.751,5.9
e4f5c5b91e5372b84e57dc4a5ef91ecd71818ce033a464e4eca5d0c96a794d31,d1afffb6a3c3ce474d2ba60dc3fac5c95ae4c6e77753727d4a598a750816e469,M,Data,2023,30-34 ans,Île-de-France,12507542,18.318,7.0
6e9b0aa6e09517f20f568f434d9422666d021ad0f162dfcf3ddc3c32f8aa1f89,4f52596cbafe40555f6c25f0a7c1c534557bff9ec41f469b23b753750a2c370f,M,Data,2025,55-59 ans,Auvergne-Rhône-Alpes,8238335,12.066,6.4
07aff0bb6c32aac8df4f9f3ac69ec0764b46fdf8ecb4b999521a811e9a1d372a,bf861051d7d75ec0ee782ad07928a6b2bd7f8a39d954a06c5403f8fd9469d883,F,Data,2025,25-29 ans,Île-de-France,12507542,18.318,7.0
f5b2ec2bf9beaf58399a35983c73a576fd60fc829263f28b1940d9b6b188fcae,8ac6c8e1bcdb153e07d0d39ecdadae66e97d87fde1cbe51610bcae574113b35d,M,Data,2022,35-39 ans,Grand Est,5557457,8.139,7.3
86ee376e468ea6d0d28c40742161ba64c3332b8d6393b16853750ae970a877d7,0d72090a168dcc185307a914a0b9d4d2c2d5521c2b212384eef83a3cb39b66cc,M,Data,2023,25-29 ans,Grand Est,5557457,8.139,7.3
91721dfa9d2a13b20b76ba47a19ce4d146cedf574a1189afacca7162fb7b1f68,62d811ca3ac833f2d1d0db0ec0a3a0cbd4eb651980c788e1744bd5530f4c6440,M,Data,2025,25-29 ans,Île-de-France,12507542,18.318,7.0
c42e5d4cde5ec1717a1b950dd62bc96633ddb55f1f2c97fcf390b70dd7373445,2d085fd59d1d952729799fd7b4cc77ee0ce1ad8a8ac82f1c20fe1114f99c883e,M,Data,2023,40-44 ans,Île-de-France,12507542,18.318,7.0
4b8e4e44518818d46a12706be60fe7392f104c9faac985bd2a5619125396e415,7a3c2a7fb5a1959e8aa93f08fefce496512b0461963637ca1bcbdeed32c76625,M,Data,2022,45-49 ans,Occitanie,6165869,9.03,8.8
321eaefe9a82b1f9d52302ea81e8ee26f2f14d752421ae3645a9befa44a3bc7d,570a44c290662e0e1e8f287a6550262f6871f81def8d38e4029d137a65058313,M,Data,2025,45-49 ans,Provence-Alpes-Côte d'Azur,5252362,7.692,7.9
1713b5590dafe3666dcd0faf1339d1bf6170fb20d6f2a36d8dd5ee95eac1ffef,a624de3395e75d4a602efec55e798377fb53bcfa7d9c716b6bf46f622e122a0d,M,Data,2023,25-29 ans,Île-de-France,12507542,18.318,7.0
129ba07740512d35b8a56aeee02db035173daf7666401f0a514811db162ecf23,d67d15a737f811c160969f2ed86bb12a466cc9010895cc10452bebe317f25834,F,Data,2024,50-54 ans,Occitanie,6165869,9.03,8.8
6bd74efc1344eb72ae5c25cb8e32266ffc3930822a4e3bb864a45feb8cae1287,0b61e2f4a4d86288483d054668bcaeec71573023c77fde520e9bad3d33621005,F,Data,2022,50-54 ans,Nouvelle-Aquitaine,6181885,9.054,6.6
0a9956ec23c8a35ee769152d2122959c8d32170257b2f91d0250e173752474df,8c108b07511b1b28c22ef3412a042b3ae8691248b0b9ffec5c3af59fd1c44a10,M,Data,2022,35-39 ans,Hauts-de-France,5983840,8.764,9.0
95ca0b35a48429bf1ad8f48ea9ee39ec044379596cca6b8d00d7fb947eacceb5,6dc85195c010a3cc2c6569e02bc3cce3e5731dac3e832b64fcd123119aaecaba,unknown,Data,2023,45-49 ans,Île-de-France,12507542,18.318,7.0
c969c9c0511d4b054a02e40157dc3de44735a6cb2f7e5e3e27edd1ddf37cd094,300cab9d93ac58cc9bfe283b0df5801130ad520db7d2d4170a5788744609a585,M,Data,2022,35-39 ans,Occitanie,6165869,9.03,8.8
6ba4474af4b95b79f37c6f7cebb9e865e08bf8eb5a94e785a43e1c71cb3ae04e,5b1bf6348c646d4ba9828f31c21e2ddf3d1f8fd44e479ca45054e8d4063d99c2,unknown,Data,2023,40-44 ans,Auvergne-Rhône-Alpes,8238335,12.066,6.4
b6e063b70e62c3cf629b5e145708c612f504b85d97b60b8d1637cbe237f289d0,aeef2545372ca1ef35b5399de0a63aae4b9bd11194abbb4f35d9899f8531549b,M,Data,2025,45-49 ans,Île-de-France,12507542,18.318,7.0
0a12b3e0140b944cd9eeb7b09afcdcca309a5c6cb8410f27891315bb1e24d5ba,31da15797fbefc2724a39bff81e39d72ba7eca57e4ec81a2451ebe6b68f6dd91,M,Data,2025,25-29 ans,Provence-Alpes-Côte d'Azur,5252362,7.692,7.9
4a16f1a23756cc9bc665ff2136c01d24db6d16a260d24a3d94bcb96118dd0b57,9c98026412ed672aea330e8c9d58dc27b696dc7d596a891b14e096cccbef8fb7,F,Data,2023,35-39 ans,Île-de-France,12507542,18.318,7.0
27c00ad20cfea92b4ca122d360d692e6d872b5118c23a82c8e55c705b3d88150,7b4137018488c164041e3004deb0b8632b8a6051506a0dad2ef74c751039a41d,M,Data,2023,30-34 ans,Île-de-France,12507542,18.318,7.0
c68f40d0a050d7f9c606fe96668d94469a9dbde3aa20d8a70c0399e1bbfe3995,f9efa88404c5a7c591b28e2c18308ae33729aa961b7532a12672aec6c2394460,M,Data,2023,30-34 ans,Nouvelle-Aquitaine,6181885,9.054,6.6
00c0393a98d7086433942438b1d248a0c45d13e9e5380751d121fe5e6af9ba8b,7b69549b3707b6a7bcea35efbf095d0f029686f0eb522aa7959dc0fc7df4fc64,M,Data,2022,25-29 ans,Île-de-France,12507542,18.318,7.0
b1af213b15422c4fe00e3aed0c7ff8214a8d5e4e807921bd8b04819740f80c28,19efd95b0251a0ef9733ef840413a06608ab577b49b5a5635b886e65ca9afe5a,M,Data,2024,30-34 ans,Île-de-France,12507542,18.318,7.0
6a3b0606ebc58741e128ccfd3d15e1bd8eb8e24201b75da8249de46cfb90f7c2,e76de10a6fd1097dec502db61156fba73c3cdec9c91c58ab1e19a2bad48ba658,M,Data,2024,35-39 ans,Bretagne,3469711,5.082,6.0
9234070f8a64c4a06f2fc15f0095e4d3eb052c4104fbe693cb2e932a36e5c856,b40db4f2d1748dfa417dcf833941197e6742065666e24928e530f61975da09f3,unknown,Data,2023,30-34 ans,Hauts-de-France,5983840,8.764,9.0
a9338be5a7d4077452f824074689bd96fa4fc9f7d183ee90f450db9f2c787119,03b0a33f589deeee95f891e34f705252847f1cea0d932d47b819554731b52231,unknown,Data,2022,35-39 ans,Auvergne-Rhône-Alpes,8238335,12.066,6.4
00927e3ac8e9c016ee168e2ad79bea35f451bf3cf3135fa29a3c3efdef55fe32,383582d5adaaa54e620742863af9dd9122c3cd297d4a03af3c29b3090cf8fa61,unknown,Data,2022,40-44 ans,Île-de-France,12507542,18.318,7.0
5ade992f28dc5da3cc0db39b01664a6f00bc56b6eea769cf44d13bfe81b373de,1204be676504902df6136eb56d36a3d4b607bd19b34fd9cb17e2dcce3c1f7858,M,Data,2023,25-29 ans,Île-de-France,12507542,18.318,7.0
925e4d15ba09f38060e5b67b42da0e59db62c6362d29f9193d45c2f42309dde9,0cf2457f846256985a06642dc776b3487b72488b37f39a2d41a2bd34e9612e38,M,Data,2024,30-34 ans,Occitanie,6165869,9.03,8.8
c2e0503134d6bcc863b7cf8ee08038364ce7f55d54b28384b3cca632d22c3735,c587b3cb8a1f8a74ebfcad91b5340352014e1e47bf33a36d6c02aa60404bfb64,M,Data,2022,50-54 ans,Île-de-France,12507542,18.318,7.0
9fe03822be0c273110e9a7dffa265bdd9abb2a98b38333660c2e1eeca92df2ad,31c3068a82a1a1e98765b9de4e7f2f8ff509f76219850db674495fc4130d4223,M,Data,2025,25-29 ans,Occitanie,6165869,9.03,8.8
99f8bed3812117762636058db4f03d677e61e9fdfc2e9c893906142e4d6d1976,8ae8d76845ac45b3ca0db9c31703854fdac85101f5c7023819970c207393b37c,M,Data,2023,25-29 ans,Île-de-France,12507542,18.318,7.0
13a5a39518e706793ac648b91f8975b862410956df2fc0ea095aba2488cfca85,58b66d574c874e1bf815058fc825a1b8c8e96615c1e0377c6856fbb0444504ac,F,Data,2022,25-29 ans,Provence-Alpes-Côte d'Azur,5252362,7.692,7.9
9e0f58d347eab0e284826bb711f035ef3de86127ab9d3ac401fd48246e06b9cd,43f2becc966f441b5bce0bbda730bb21616b31563dd87846fb56317ee08fbecc,unknown,Data,2022,25-29 ans,Nouvelle-Aquitaine,6181885,9.054,6.6
31bd4622245b3db96367a08b7899366f22a018c506ab95994faf94778b78b020,563cf3b24121f2677883c8fc45e00134725899a9225d4e045f03ccb2d947e911,M,Data,2024,50-54 ans,Nouvelle-Aquitaine,6181885,9.054,6.6
0b1f80457e984014ee02a90f1e2655bc227fcc3861cbb451f788691db0acdc1a,c83dab8b53394cf50ead7696fc6f83c22c27f08fbbfa27b7ea5870f284c8c86d,M,Data,2022,35-39 ans,Occitanie,6165869,9.03,8.8
5a1673d57548023c54211fbc5e7569672e69581c60102c0d5f3431f6ce81ba77,45b5c1160fd49dc0ab0928ee79632830491e6e3a1c5287d13d3814fe84d9d41c,M,Data,2022,25-29 ans,Normandie,3348960,4.905,7.0
34b7c2454298f7032372810cba61d6d17cbee5f5f67b89a2aa292b4bef7d500e,f641c08ef555954548e56e38f9696b62951fb485be5f5a0ba4c87ab13a8f6096,unknown,Data,2025,30-34 ans,Île-de-France,12507542,18.318,7.0
25ac9c00e389853598edf0b63be150307196cbca3f6298a38cce001fe0ebef11,db198a7f364d530f7acde6195969330ca3f779ba2fa75527221f0d82736b0173,unknown,Data,2022,25-29 ans,Nouvelle-Aquitaine,6181885,9.054,6.6
86329f9963b9470b6e9405f3681097c8d01ed5dedb1ceb96a1fd31253452ba34,39806ae99fc81f3e6d52f67df275d7d75817f792ebe2389b8247d9ae4655c55c,unknown,Data,2024,35-39 ans,Île-de-France,12507542,18.318,7.0
3a068d7ea3a178129000004481b3be2835cf0b5b6b1d4de13fa977e24fcfaec0,379b3986e5882c20e66c433f3d1dff3e7da2943bfe23f1ec8da219618e0ef0aa,unknown,Data,2025,20-24 ans,Grand Est,5557457,8.139,7.3
2e8f8fc72414f2a5a10a1d9692d96339345aa8a30a1aa55bd80e44db922f14a5,fe54e06df5cf9f8afef286847bf45562328a563ab32cf5de7c6da878f45df2ce,M,Data,2024,60 ans ou plus,Auvergne-Rhône-Alpes,8238335,12.066,6.4
cb6729e0242b146bf165c5f06a3ed458f8d18487cc148344ea19f45dfcb60748,dfb674e4acc4ce881e0d683271166dc7229457787d67de01c03bbbb89b282ac9,M,Data,2022,25-29 ans,Grand Est,5557457,8.139,7.3
c10fda3e681f537868215b7437d323c8cb08225f14e17e86ad034b8757e92c96,93084515efdce80a4f11cd9e5d044654acf204df24537a63dcb6a0acdf071e54,M,Data,2025,30-34 ans,Pays de la Loire,3926871,5.751,5.9
cb14b9615b138233af06485ced8ec6878e9824e1a39917cfb9fb51ab91e778a7,850981fd21136052bf3e6940abdb990ebcfe09b44f88ee65d4121d9ac913b302,unknown,Data,2022,35-39 ans,Île-de-France,12507542,18.318,7.0
2688d5091e66446b0022ada58870bea01825eef1427a29e45774f620c8f29a87,26baf466315800a78b36651457604ea4139c1ad7df98e49febb3a275079cbaf2,M,Data,2025,45-49 ans,Occitanie,6165869,9.03,8.8
b9f4dd7d427fb9a9cc20ab7e65b9424fbfc70896a5cbdfa1a8fdd787e0aae176,7380e43776f078cb7d2292899f9e698a41fcb9e7e1263a3f9dd98def12bfb5d4,unknown,Data,2023,35-39 ans,Île-de-France,12507542,18.318,7.0
8e0f441dbf21964eb279dd2d8b94b28263749a629bf227319d42ce57430ff6a2,5482029b8d6097b79319efadae8552eb84ac8e1c69d5ce2c3a19e7200627748d,M,Data,2023,25-29 ans,Provence-Alpes-Côte d'Azur,5252362,7.692,7.9
a4ab3f93f930d185a44e2651bff13ef95778aa000844fdf84dc62795c1db8aa7,929f30fb956e7244e63c67f538035d79db883c625ca9e4a11605db70050fd488,M,Data,2023,35-39 ans,Île-de-France,12507542,18.318,7.0
854351e6bdf6c911b8af47ac26554b630de7eba6dec7030f63ecbbe6de6011d9,1cd9ddbd609140ab6d94e4f9efba8c4142502ebed1a0298c3eddee5431c13e61,F,Data,2025,25-29 ans,Auvergne-Rhône-Alpes,8238335,12.066,6.4
523e550a0b8b308051b65f710fa1e545e5ddc43252e82330e9cb3b369581ff21,794540635888c02a63e39c19552a4684fa8bf00f8d5acde15a5b966d724c4a23,M,Data,2022,45-49 ans,Occitanie,6165869,9.03,8.8
242561616570309fe250b6c2d7b7806c4e807b2f563b8a80f5f4f84ba7fb817b,d6809a0f5bd0f686b11b5a8898df7e01965bd5e86e7f2a6f989216097b6c1dcd,F,Data,2022,25-29 ans,Île-de-France,12507542,18.318,7.0
3c0c11117c2904fa364f3a71a94d58d1deaef15786dce25bbc0fd46d6a688e17,92a07ab0ae45a4a2a9839e19c9f76335b76379ef74a56ada8ee9bf200cd0eae6,unknown,Data,2023,35-39 ans,Normandie,3348960,4.905,7.0
21a6faf3e47d494c0951f51f62e32e9e73c200611fba6c53a29dcfa108d8e334,6d182aabab8adced4c16d13f5f29a8283d4cba1c6548ae292db575ee09a54128,unknown,Data,2023,35-39 ans,Île-de-France,12507542,18.318,7.0
7e0b72136f1ef3146222924cc91af190c058a216ba0f27e1eb19ef9d6853a173,5f1c363848ad0b8238bb8e22abb9d2d7db1242c8c3a80a728c5b402295fa00cb,F,Data,2022,25-29 ans,Occitanie,6165869,9.03,8.8
5fbf7d28e418d831016396b6fd4d4900b6cd5ab040ab79f97c45b328ad4c2f0a,5abf1cd45f7c82d0899d0c024f2e640fd928722f704259723f09e0795e753ee8,M,Data,2022,45-49 ans,Île-de-France,12507542,18.318,7.0
df63bda8e49838006e5b1147258d0c0afe56d464880c7aab993db043f751fe45,564a294c6a0e01b94ee663990d9c115023463366b2106519aff239021a422977,M,Data,2024,50-54 ans,Nouvelle-Aquitaine,6181885,9.054,6.6
6a1b35e115d5c95a2d3d6e0c6f747ccc9609a831df4b113f0b36ba066969c530,245fefe1befd4712d810f12e8246fdd37b5ac96a287a3d02c353a84055065241,unknown,Data,2023,30-34 ans,Île-de-France,12507542,18.318,7.0
6677f769caeb424afa971280825c1cfbf31c47bb78570bdf73ce846753596512,83a82becd4061acb0094e533f307e3234c6f94ae57f9817ca1a86347165663cc,unknown,Data,2022,25-29 ans,Île-de-France,12507542,18.318,7.0
fe0f0b37a04bce135e905c50bf5890707558f8bf0be033d98531deeefb11052e,5aa0139588a31b075a287bd9a7a4cf4ce66c97e8aa19fb9df5d823cc58dfd82e,F,Data,2025,30-34 ans,Île-de-France,12507542,18.318,7.0
ceb9e3d5c7b224a32aa3283cb75437b3b90c6d5f38cea2d2127b81451e2f6e90,a798d1c17d776eb0320423995e66b038776b182cd507e802ca0d7cb64b3b0097,M,Data,2024,25-29 ans,Île-de-France,12507542,18.318,7.0
c0c59d1e1563cb2e3723bd70eadcb3b800cf2059017a6235edf38bb9c9b160c0,1a19fcaee5fb83c7230bb58b095a2a7d8bd268a0d9f634e47064d7e5230ee411,M,Data,2025,20-24 ans,Bretagne,3469711,5.082,6.0
47479dfef99ac8bc30a513e2f90d38b14a5b37d6e1e43723ba103b88c61e8e97,cfe794701f2c0f1365cff86fe1d4ba731af71e2abc3eae420178af435696d922,M,Data,2023,30-34 ans,Hauts-de-France,5983840,8.764,9.0
533e0b9113a49d4b31b7710a9be542847647a1f660ee264296ca7398a3d43b8d,f2d832f722f95c2f872015383a4c4e3f962a53e7825da815bfed75fdd29a4ca2,M,Data,2023,35-39 ans,Nouvelle-Aquitaine,6181885,9.054,6.6
230df66bb48d64ca44b3e36a4e23e601f8380b6563c56df894eb37e490fcfcd7,25d96cf3ca84871301f0b4b30a118f0e3a5bfe4c6d9d57ae1d37a643609017da,F,Data,2022,30-34 ans,Hauts-de-France,5983840,8.764,9.0
0918d615e59a1adb70030d0d35c5347990cb79f49349aac7924e0048fe4b4d59,25f706974d622ed20554af3a636a9869d468f4dcedbf3c4a43c84626e4b03578,F,Data,2022,30-34 ans,Auvergne-Rhône-Alpes,8238335,12.066,6.4
f66d22e39cf29e0078bf93d1f3eaee3599a4bde76d788204ac0c698e17a9bfd0,0be67a3791b8e62add33bf6ee0a5b0f3803ef1a2ba15d5d2f851eef0b6899bdd,M,Data,2022,45-49 ans,Île-de-France,12507542,18.318,7.0
c21eb1f1b2a0f254945debeb0df8c17cdd317f4b68ee7438f9440119ce13fbaf,507c9ec7dc28f84ab6e37c592f5c093f7955094f4c6f6dc7fd3fd118253ffe32,F,Data,2025,20-24 ans,Île-de-France,12507542,18.318,7.0
034d27258c3adadb1e85605d634c4afed9c1bec45d0a7c44760b86c46c64a39a,3dd0b7d31adcdcbfd8825df02ffb8024031bb08cdc8988c336c56a7c01109eb6,unknown,Data,2022,35-39 ans,Provence-Alpes-Côte d'Azur,5252362,7.692,7.9
3199c995e454d1af52428cfc8d4a03097800ca4b916b358e557157240ffb8e99,a37aa82eb3846d277be088fc96d750a6e13738cfb03ba14a649c6ec3aebb3911,M,Data,2025,50-54 ans,Île-de-France,12507542,18.318,7.0
c0d87480625f874aa3f627bd35b1d95109f3e53b9f419324efe056ddc08d1ee5,9db87b3a5735ee1d0421e6cda49d580d7bc7c73272659b5cb0375f1aad764f70,M,Data,2024,25-29 ans,Île-de-France,12507542,18.318,7.0
8d9e2b42769cb0769b24491302718cca105de93efdd6ddea96c4fc20ef630bd4,63ff3de74f7dc3798b39fb0f58f4c0f551f57bb83d56ec96a7ae6ae305ad1344,M,Data,2022,40-44 ans,Île-de-France,12507542,18.318,7.0
054ca648146ef636dd66000204a27df408061c7a2e011cd5ec7092004b77eda7,9ca6c7a429e5eaf240a61ddfe6c23e65447f575cc3a2d01c665698da6103387f,F,Data,2022,25-29 ans,Île-de-France,12507542,18.318,7.0
ecb847c3fa7b745f88ef6580f8dfc56ece02e55562951cb39524d620c5776241,3ab5d1ce9b7cc00ea1a2a59701d41cd333e185a2dbbfd3798a2255bbbb51d53e,M,Data,2024,55-59 ans,Centre-Val de Loire,2588006,3.79,6.9
cdfb6db2ef70ae7b1e535e280226a8378ec0884ed7c160f37fc74b2db2764f8d,fc73699c31996d8919774dcc142b6f42ee260f8e2b3c734f78e13b519ba8ce27,unknown,Data,2024,30-34 ans,Île-de-France,12507542,18.318,7.0
b7f5ec55fdcf51cc43aed55e76963566e5dfc6015dc3ee077f9803098d48c365,80d8e8f8aadacb87bb34da66c5fffa29a403b14050b7dfa95e5e0eacf3d9208e,M,Data,2025,35-39 ans,Bourgogne-Franche-Comté,2800180,4.101,6.6
1cf13c52ddb959796de2c8b9db9ff108e3285e92202650f7ad625e580cb1fb93,4af56fc2f3bc268727b020339883ca3fb3bdd77e28f52a084fd60954237e875e,unknown,Data,2023,45-49 ans,Grand Est,5557457,8.139,7.3
8b4c7e1495e2d6713fa619265b03b3e284515ace383efe1ffd4ea59484db34cb,5b2d03eefe710d0130d3a2a5eaf7cba72a48ebd774df2aac7f572761e7ea4dda,M,Data,2023,30-34 ans,Île-de-France,12507542,18.318,7.0
76a28c372f4e96ef76e67e4dbcc52c889ca8ba71ccfbd146d3b785778431c76d,bf2280816aafc22425342af54c230b43ec3b33b0d0819a2261bf4871921a71f1,M,Data,2024,35-39 ans,Auvergne-Rhône-Alpes,8238335,12.066,6.4
47dbdf6699fa7cce21d1f36a997abb1f58bce930d3fd4db8addf97e057ce78b1,5314152e0c508ae08b80790f4d1d85217c46bd889ef9ac9ae61752355a605c9f,unknown,Data,2023,25-29 ans,Île-de-France,12507542,18.318,7.0
6d255f9a2fcabe3a03ee4e718c42081dc47b645aa6d7586196a02cbcc5068c42,643c2638b8f6f2f264834bf49b6593315bf45c616b001dd8df9edfd235a883cc,F,Data,2024,40-44 ans,Île-de-France,12507542,18.318,7.0
b19be3d66c7a1e6f95dc7f0dcf632ad36739aec15d452c93279dec63d1da51c5,75f5da4a16d95126adf6d106a249e0d017e63d76d1cdd85ff70410920cb35c60,F,Data,2024,30-34 ans,Grand Est,5557457,8.139,7.3
fbe1dd3505b0dc7835750f7601edc85c97c5555b48d7053e0d5575ae7a23543b,156cbf2a6304f8c9777f94ee9e8c67abb6504cae15754d3f30f81ffbf441e175,F,Data,2022,30-34 ans,Centre-Val de Loire,2588006,3.79,6.9
cd60db73aef3a454ca51830ba2b2eb253244b3d5d23eb58a750c06bf65c06e84,439ccaa6dc5437c93b1eabd97322e0de104e3dd487063425166a2b42f7b84a4e,unknown,Data,2022,30-34 ans,Auvergne-Rhône-Alpes,8238335,12.066,6.4
975ae3a4655f2f1dca8d26c99e933719d15454209633767e2441a8a37c6b9c42,8a4ff80ec4aaf36443355b9a31cd212e21687bd1e3a1b3dab32cd2184b7d4973,F,Data,2023,35-39 ans,Normandie,3348960,4.905,7.0
abcb6b84d6c53ea1dc3a985cdcbb0a1993473efdc6ddb5ef3a1d26c49f85ba0b,b727ca3a0d699d48d19468504d28b713d9a5ab3824ce6259ca1208129c407c54,unknown,Data,2024,40-44 ans,Île-de-France,12507542,18.318,7.0
3a13df12023091a531f050ffd32e021402436a3e41afe15aa86a573f603d9da4,16440f8d17187e429c0178d62cfec8d0bbbc8affc9683f669de0326031faf604,unknown,Data,2022,30-34 ans,Occitanie,6165869,9.03,8.8
85c48a6d04e8628fe1c7e44409bdc1660ceb379d8a3f65e0e584bf54da6d5e5c,5efa6b6f6355df944a0f7bb7214584a36da0e11dcf6ae6dedb6528cf20274a93,F,Data,2024,30-34 ans,Pays de la Loire,3926871,5.751,5.9
64cfc660864a78159bccd31c43149e509325ae0fda2aab5cd346690e9dc0f777,4e2d518ac7067fc1c2e8b119419d8a22c5835871798347867dd280cf16639120,M,Data,2025,40-44 ans,Hauts-de-France,5983840,8.764,9.0
82e4205c04f700bdeb75b8462ae69efa81f63ed7d39c3b2bdaa89b2056c07920,2e23270b656347b001be44bf53499f5615051ac85be59401ab0fa76c48d02660,M,Data,2022,20-24 ans,Centre-Val de Loire,2588006,3.79,6.9
0fd95cc031af33b12ad9dc0ceedfbd437271e265b43ed82907bb6c3c32eecf9c,6d5b0615c6994e034f643b1aad9ff93273010ef2098ddb6b3189293e6af1b08e,M,Data,2025,40-44 ans,Normandie,3348960,4.905,7.0
070741378196981c9969451814ec917b6e51c8f45832d4bd030b5ebcee85a893,badf05297a2bb2b872baee4fd8c2362bc34f255381e9bf4b4d221022ca9d030d,M,Data,2025,35-39 ans,Occitanie,6165869,9.03,8.8
8fb92811c25b3e2d41937fd90c128348ce88e8d75ecc5d02890e71ef8dc03a68,1d3c024109fee671907b5af3ee9ca1be7ab89a8c3851ebdbf4a80fb107c3a5ff,unknown,Data,2023,40-44 ans,Auvergne-Rhône-Alpes,8238335,12.066,6.4
0e501b64ae3395f8e87b15b45969758551a2df84e3aa2d8862ddb03db5b03aed,ff7d86947068103af944617d111e0f2cc2f3143118cc9bad7245d6bb388b6c20,M,Data,2024,50-54 ans,Auvergne-Rhône-Alpes,8238335,12.066,6.4
27c00ad20cfea92b4ca122d360d692e6d872b5118c23a82c8e55c705b3d88150,e3c6f09554d9b944673852b312da230909e3c90cd3b07407bbfec7b1ada7d128,M,Data,2022,30-34 ans,Île-de-France,12507542,18.318,7.0
ae9039a0d5ae7f16311e59643f40bb8075567f81e98df84a21618496a68f176e,942cf608bb623fe57e9acfba0e026c8b4ac3f369f29f285ee6429e225df363c2,M,Data,2024,25-29 ans,Île-de-France,12507542,18.318,7.0
28624832f965321129cf7c1b50f8c108c84ad206d4e7add27c87e07eca726ecf,df332abedb8fd6d0a8ad86d4159d09f54468ce11acf2339692658fc75764c74c,unknown,Data,2023,25-29 ans,Bretagne,3469711,5.082,6.0
bba4b7151c3038815df0746034788657d8a4fe4f98644604b0dbc433e1746a2f,4b7d4e9485fc43c75796c73a77698803f6bb8233c07855e3a0ce8979845c885b,M,Data,2022,35-39 ans,Île-de-France,12507542,18.318,7.0
9619aab1b6d316e63b596603c71ffa4134d49cd5717d8dceefbbaf2e490e7c64,23d16c7e9792ef102754e9eb784232e94871b6d846566846a85e9a6a99f88d40,M,Data,2022,30-34 ans,Île-de-France,12507542,18.318,7.0
eb4544eef5518076dcac668577d260effa154d52a6a08ddfab1e15f8eaeddd5f,b002d62a5b46ece631a503a1f0c7e134215d2f99d76f776ee78ca2be51fc7cac,M,Data,2024,40-44 ans,Île-de-France,12507542,18.318,7.0
338fff4543895ed36b801755810e9c9bfd377e07e5965d7808d1191391c8274a,1dbcd59f3b9a6cae1a045e0dbee784b0ccd3db19c8b0a22f0acfb84e282ca8e1,unknown,Data,2022,55-59 ans,Île-de-France,12507542,18.318,7.0
650f8cda230fe2ab14b69b50e3efd6be690a7ea4593de6455992289303badf1e,065e70a7080060eb2cf4530cef90564b4e750ee7623e620b00f6bed14328e73b,M,Data,2022,30-34 ans,Île-de-France,12507542,18.318,7.0
2f24f58fadfda86a2c940377d47f38b7969b88580ed540a99e33afb3d3b955f7,13699e0cb33dd774b05afb7106ffa9680061834f9c4c99ab351bbfabd8a4d0c3,M,Data,2023,25-29 ans,Grand Est,5557457,8.139,7.3
adbd27c314e2ac8bb90af925ef7a40eb53712c4c22a9c4647a5722e703a3146a,ae43e52d22d1d5ca3375d63b78674091dfeb1f85bca5631b66801d5aa31953cc,unknown,Data,2022,35-39 ans,Normandie,3348960,4.905,7.0
bcab679d3e17a2c5d0fa06bbb3800c84c2f3f8744032befbb4f5d76580313500,1fbb438fc7417f4f29d65278711a4e67ebf7402518180462b7b27889fdcbc35f,M,Data,2022,25-29 ans,Occitanie,6165869,9.03,8.8
70ecae76732b0275219bda517e0830b5dfd1e25898c15f09ff117e88c1208139,df8a5edbeaff33b6a2d951d99f73851a173ffb5549f9bfbd0fc1ed6a3f98de10,F,Data,2023,30-34 ans,Provence-Alpes-Côte d'Azur,5252362,7.692,7.9
5b0fdf8106c1697469b04164f52feaedee2f1e52d1df58accb604d973a397812,402016cfa4c84d961fe5c7d30ee71604de014ab14bb4cc07b4e45d72e513d242,M,Data,2025,25-29 ans,Île-de-France,12507542,18.318,7.0
e1950fd3a5c240545713ce31105051f9fb05b8db5ba990c3d791dc6269c09f22,7531f27fe6dad686ce0c32eb96616c8751e91e81c990daff9a8ec1a3136ce014,unknown,Data,2023,60 ans ou plus,Provence-Alpes-Côte d'Azur,5252362,7.692,7.9
711af51252ac34342c792a8fbbf6bc4dc20fe5bdb3da7a8236ff2e66560fa730,7832910736fe2c381322c2242f3553d691354b49f84c82af050e686182763ac9,F,Data,2023,40-44 ans,Hauts-de-France,5983840,8.764,9.0
6da3cd890c0b1ad3472ba94e0af32bdd0c37c9cf8ecd67ed37057a0e87f45e20,fab092321706d8b673ba454f79b1342d1d6b21d5877ef9f4e1c483a904ad2b90,M,Data,2022,30-34 ans,Grand Est,5557457,8.139,7.3
a34b581ba1bfe468cfc85f21ed03b0645d8560304eacaf1afc79d2c4e8a6f3e9,d925a561a5ca9199f6e5b5878c0cc384c3e970f5aba84eebf2421edc102a6e53,M,Data,2024,35-39 ans,Provence-Alpes-Côte d'Azur,5252362,7.692,7.9
2d49db384f38ef68402f268b378ec63011aae1aedd360e33717cb0c0ada1c029,67b0f858d067c5790c653792a0022fd6bb534176ac9e144fe149d7b367c2855c,F,Data,2024,35-39 ans,Normandie,3348960,4.905,7.0
b48ad31c8893ff3e3359d893ab85290743dfb068c7153e681d21355e65d3c119,6dcd648eac0815d206d24da2fd61351aa466d68df8cf8ab8e7e764f31358f964,unknown,Data,2022,25-29 ans,Auvergne-Rhône-Alpes,8238335,12.066,6.4
d1e26fde1cdb11f27af1e1de3bf75654bbb676937e95c790538bf54e70c60d2f,04ea878a58cd395a07b6cfecb1704f9b2e4b419ec76042bd0b1ff578f37b5013,M,Data,2025,25-29 ans,Auvergne-Rhône-Alpes,8238335,12.066,6.4
dd80dad15328288d29fa798fca570ea5bb563bf3fca653c146e62f68af5074a3,288db295c980b015f7371fa3d78750f0c328f98aa9256f65c370e28d53268dbe,M,Data,2024,25-29 ans,Occitanie,6165869,9.03,8.8
c463b3c98ba1d509b40a5560895900f9aa157a6604db5d0833877ff0deb78a0b,6fb9816fedbf1f5a8e669995a8130e2b97cb7049a8513b6eaaad43cddb602f62,M,Data,2025,40-44 ans,Grand Est,5557457,8.139,7.3
a2517b941d4d2686af6c208d86f8f96833cab8a1a7c438ab0b11bc8a83ac8281,70d4ac5c502ca79c6dfc22dd434b873a7096067e495880f9621127eb252bbb05,F,Data,2025,50-54 ans,Centre-Val de Loire,2588006,3.79,6.9
c83e96c9ee22718dcfdd6e7b27bc1c4c1009724eb58548d00e4e8a2326bc480f,e89d45d083e20ec1e0a094fa64a14f285a0bed41bafbd6cfc67deb70be4ae2ed,unknown,Data,2023,40-44 ans,Occitanie,6165869,9.03,8.8
9ed924feae3fb2d54bbbfb9476405881079db8eb54533d71fe8f3d9a596179c6,05d4a776b34fd48f2b0f43e49c1e89fefbc26df4fa13dee1488923674719427f,unknown,Data,2022,30-34 ans,Grand Est,5557457,8.139,7.3
5ca54a03f39b54708930c2a83e56a486daddaca37f8d8796024dd0252cf7907d,ed714c32a581182965b3d4a3a1959d12433d9128b444920d2ed9fbe756c4ae7e,unknown,Data,2022,55-59 ans,Nouvelle-Aquitaine,6181885,9.054,6.6
2b6d08e9623a09de9cf938a46a8b0bc43b0dc2a77aa61f75656f666c2bfe8ba2,14b54120c1b7e1a8e450dd1d5fb3e6d87197319f632b68507b57921697b0f213,unknown,Data,2023,35-39 ans,Pays de la Loire,3926871,5.751,5.9
b35509411cbe9b6359c997fd35a4fe0237f490f9a68e50d5dfb2264f05b16ed3,b55f2d5c68eee6cc99f28520a2d450cc1851d3df3a5cb907aa3959a614d7d67d,unknown,Data,2023,30-34 ans,Île-de-France,12507542,18.318,7.0
daafddf065b04bdb594afcd74b1a5b44485aa09748fa5e1196385ec33aaf03ba,783c615ef6b4b4695a9acd617c284428d2768e9dc7fba548c39b41f88bfebf5a,F,Data,2025,40-44 ans,Provence-Alpes-Côte d'Azur,5252362,7.692,7.9
031a6e1f5f5d3e98ac1f8e5c2ac3baf4aea809457ddb66643635b9c024aaff75,f3c73ade17cbd0370023f649d0c1e42d778a4e7e81fee5b5fc63eb4172b240f1,unknown,Data,2022,45-49 ans,Auvergne-Rhône-Alpes,8238335,12.066,6.4
e3005997d97c45eff794bff50e326c82d158633491416167af7287b834b6b8b9,0b8baa9677f7ed1dea11103bd9c829852393630903ffafc668c722744c3c0a09,M,Data,2022,30-34 ans,Île-de-France,12507542,18.318,7.0
c9c515ba2a28c7ba26f9aae09dc809c4e580a58fd369582cc661e6e88c915f66,6bd5beb9e32d1df0028ade7aa5a86f40e82eb39e9d4f67e3f47b87a6367df5e4,M,Data,2022,35-39 ans,Île-de-France,12507542,18.318,7.0
731070241d479a6d612a72614aaf84b1056a08574c0d9e746793a6143c5c1b78,c9ea742560e9bcedf9c3f802feaca224806589155ff988e240841f7e659ab4b4,F,Data,2023,40-44 ans,Île-de-France,12507542,18.318,7.0
44f3c5151e7c62c57f97ce28c48a2716298768dcf06f0a70a928fdda9d776070,f2dac7cc03b2d76b9b557b73b43ce9143a5a3fcf4c641082011e18c7c060bd8e,M,Data,2024,25-29 ans,Île-de-France,12507542,18.318,7.0
193bc2b35d65d21942953854df4e2286dec48fe038f9394a092a0247e0c2d4dd,c6ef95c97cb356d4774de14dacd26443f7b432bd3e7db8b2e8d750a22235d27e,M,Data,2022,25-29 ans,Île-de-France,12507542,18.318,7.0
0d5a93f44e7ea86375397b8bad720bdd038865e2fae75d2f79ac56e4f4b84c2b,071d5947c4ad037147e6c490946ea44bc156849d43f107e55e2dfcc34ab53a79,M,Data,2025,40-44 ans,Auvergne-Rhône-Alpes,8238335,12.066,6.4
24d3e96d0a62527ebf765cba9508806e1d625b64fdbda8a8180f0d9fe3aa8909,8de9f215f4a072c2431390118e83bebfe3dd62cecae3884c561a406a452cea05,M,Data,2023,50-54 ans,Hauts-de-France,5983840,8.764,9.0
eff10ecae967223d55d2c295c965373b1a07e287b2de1f5ae1df3037bcfb3f4c,5f098e1a3727262805cad34c9036914c74a14f572b5343612628d6e3e0849e65,M,Data,2024,35-39 ans,Île-de-France,12507542,18.318,7.0
98c11ff604e29cd8f149bd68dd84a2335df986fe4e2c6561d99a0793d8d781b1,f797b8b5590065a3fb8860f4b6a2667900b6dd5889a8980f41694e751dcc7e88,unknown,Data,2023,25-29 ans,Occitanie,6165869,9.03,8.8
b9608ee041cca343c8b8b1b68ab209e38902f2c42d09af9686c60d044c48bb51,8caf3c5009bbc2c0527ffc559dc61bbcf041620ab5f11fd4b54d2b23f2610e5a,M,Data,2022,30-34 ans,Hauts-de-France,5983840,8.764,9.0
0776ebaab70f39ed17b2251fbfd479c3f75fc65b7a15ab759ca663b952529a42,e1de02e24531fc03947ff248df9a57fa94dff986975e3957d9f1ea983223421a,unknown,Data,2022,30-34 ans,Hauts-de-France,5983840,8.764,9.0
d9188b6d0276f27545ecd25d5b9d9bca3299baa052b6c3e6a30637671c08c8d7,c5d4b627c6890e373bbc0f0c4265538c678d6ebd617a5ffb3ed1947e5e8df609,F,Data,2022,35-39 ans,Île-de-France,12507542,18.318,7.0
ee7605cc9ff0bbb2b7fe40e49fe56dc36b4d95a2d3abbe1f7ca7f686ea5a07be,c16b4fbe9f1499860aec89cacd797863cf892daee155075ee3ee6ed162a0ccb2,M,Data,2023,25-29 ans,Hauts-de-France,5983840,8.764,9.0
36f6ffeb15e699c313aeb65672c1143655b78021080326269773733dcdf46479,8faf4ed212f9378d5a7dad7d2be0f1aea899460f2b897f722b07e4825d5db7d0,F,Data,2025,55-59 ans,Nouvelle-Aquitaine,6181885,9.054,6.6
be7f0a25bb517702049e236dcd0251d18c5e7b8798e53ec8957c9d8bc749c078,92d6b46f80c37ec57b1f0a6fa50cf9e33cdd0f065cb4ece9e8c9fc3b121a3b08,unknown,Data,2024,35-39 ans,Hauts-de-France,5983840,8.764,9.0
16b0415a3f456eb7c0ccb3a275f97553ce6ccaab4de0b9c26371b7379537d565,d589ae5ed6066e23953d00be2248a3df35d3e3a272abd51ec163a81cd44c2e2f,F,Data,2025,45-49 ans,Occitanie,6165869,9.03,8.8
25c26302eac2d4a572f70970d2c6840710aa43ddd1d3d82c405b166fd930e1ea,c35322184cbeec946000196e8fb20cd192ca93d0b6ef78279775b773b7168ab0,unknown,Data,2022,30-34 ans,Île-de-France,12507542,18.318,7.0
de6a553e7d750a26c54547f99abb97703433218ad975db1fec2718df0e7ff97f,ac41ed94e3dcaaf26bfd6d4aac5c34b83c7aebb37360af9a506dc35f08380118,unknown,Data,2022,35-39 ans,Pays de la Loire,3926871,5.751,5.9
ddf93231a6788fdea3948d315b97c7b8f06de8b8c86f8f473388cebb62fbb32b,84c6a83f44c05ff5e36db88bdc618128da580b74d71d4e34c9665a831c2da732,F,Data,2024,25-29 ans,Île-de-France,12507542,18.318,7.0
21cde401a70883390ba9395a417e883c81f2f498096395b443500a160e2343f5,bc76d827330123e92113b4ec13f081b764a07f1ca3ae12ce99ba965928f64809,M,Data,2023,30-34 ans,Île-de-France,12507542,18.318,7.0
5b8cd89d0961079f5986b1738d5db0a618b5ed807b8d78419b24747609e5482e,e18a2addd2a25516df1a9d847f8cbf00582c219ed386aa9276a47cb8fc85d821,F,Data,2022,40-44 ans,Île-de-France,12507542,18.318,7.0
12a6d4e0067dddaa96ffa2cde5cc890f68b87ccf6ca75ac6d380634b8085895d,54e5b0ad0738b3a6f99eb00484980c9b9c9ca3b44a100c41e353486f73203808,F,Data,2023,35-39 ans,Grand Est,5557457,8.139,7.3
c7987e78887123f4282d38655c583a7af7bb3c33879c14d93b1aadeabed82716,24b2410cac7594cdf0bd705aee983255f4dd6b890aa05964874d8511b3971575,F,Data,2024,35-39 ans,Hauts-de-France,5983840,8.764,9.0
a776272543a667d97c7ce3d0debb2b9b7e8ef2d3e942e72b4585e85f9679be47,0a67c97b431a193503060496e64566c6c372841869a633932cebbc16f7ab8f3f,unknown,Data,2023,40-44 ans,Nouvelle-Aquitaine,6181885,9.054,6.6
abf224efbc8d19cb4da7ad7409c5fbe287962afbf630d4c37977a0ee90b0ddcf,041c5c26cb67f42c1e5c6f964bb46851e2c2f9ab67aa233250bcc57fe502b146,unknown,Data,2022,55-59 ans,Grand Est,5557457,8.139,7.3
b70d8c7808d49d3982f74efb02f1cc5f98baecfe56e56c6d9d943ae789ff9bc8,edc4f3bfa0691976c9ae6d5f44895073322c35fad6ff64d23e60d7660025f310,M,Data,2023,35-39 ans,Île-de-France,12507542,18.318,7.0
dbcbbe8c727410a969c05a43e9172dc8da9e16feee31174b23b31fcce823a3a7,d56ebef92f25df26bbf67ae8e16f56ec8dacad8c70299de3efb9adfe50934c96,M,Data,2023,45-49 ans,Île-de-France,12507542,18.318,7.0
9d36b3c835c86dc1d27150e9b4bbe8eba268e796476749ce7064ebacabfc7086,28ade077e5884de110dd02df3ec8ba1a144f78c1aa13023835123df934b50bed,M,Data,2023,25-29 ans,Auvergne-Rhône-Alpes,8238335,12.066,6.4
d215a48b6141a2b45d755a09f45b4d00034074d8d1407d8c407679010207e744,5aac7e3c3a947c37640f988f8a152c155ca2fd23557d2037e5a5c9a2bc834e20,unknown,Data,2022,50-54 ans,Auvergne-Rhône-Alpes,8238335,12.066,6.4
fe9fac40d73b0fa5d9693f44798722feab968bf66338ec3c0ff396e71bc91a7a,b4c780d44507421698aa5739c46f894bb7cd0ffccedefbb4aa44919832539418,M,Data,2024,25-29 ans,Grand Est,5557457,8.139,7.3
7cb17af91e118b51eed0670efa7227837185f3a13d55222f7a04b715ca5bd6e5,908db5f80df7fa715b1ac5e34081c3954070890d11b3c452c09bd0a071a1848f,M,Data,2022,55-59 ans,Auvergne-Rhône-Alpes,8238335,12.066,6.4
827b60506c52be5d0b9fbd15f1702b4a35610e6133a28f5f8da5ac329538f154,97a37ec7a6158ebd20e1bd2a49f8e1896e0ca3bba19e407818fb48801a8cc4a1,M,Data,2024,20-24 ans,Bretagne,3469711,5.082,6.0
d9ae12811d4ebf9626e8565d78cc860eb19cf9288fb5aa7c1ffb7d9aeb8e2726,1a11ca2a8041a988bd26f1ab36035c3a608b83d99d8c1935d5062549b6c8d24b,F,Data,2022,40-44 ans,Nouvelle-Aquitaine,6181885,9.054,6.6
c6e08dad082023713b2839d44b91052b96458afa285d0c64919ca768d24a4196,e1fdfc0ae666961e45a5f647a6af795e5b48d013ed662bbc166454d305286982,M,Data,2024,20-24 ans,Île-de-France,12507542,18.318,7.0
afe7acb24c3823fdf20b80d5c1e5cd668cea86b1ac7ddf7f8f77f90df5312ff0,5493592ee0726cee1686c15a589cd8e7e122f88e1d552746b01d571649408949,M,Data,2023,35-39 ans,Hauts-de-France,5983840,8.764,9.0
28fa924b2ebabac9a931c7908611ef17ad9810bcadac4952a14519ac6af7b39b,6a6774f7c683c95ae93374896397f4070d08446be993e44ec1bec9f4c6d6d43d,F,Data,2022,30-34 ans,Bretagne,3469711,5.082,6.0
0a21cfdbc44f1d821212c411c959d873688ed35a4a7c4ffed5a561901f4a7268,6f8604a1d379673be54180d66d31e37cfcaf83cc5e9382eca77b50e488c9bbb3,M,Data,2024,25-29 ans,Île-de-France,12507542,18.318,7.0
614e749bc5113c6f52b46f9d9502927e1873ca93a0feac1d8688c3cfe7bf1a14,4fe6f8b410d295c26f6a1ca5374ebb6066a49c65cf604dc56bc5d5e0f4dd0852,M,Data,2025,35-39 ans,Île-de-France,12507542,18.318,7.0
b84ee659f92e6d6d8aec336f2221474ce8a26b1f6c04ab0ea6db8f50c9940fcc,8fa929d7fb69875ed45e85e0d3f3173a2d769cf90694b2f7eff58aa3a96e7422,unknown,Data,2022,30-34 ans,Île-de-France,12507542,18.318,7.0
925e4d15ba09f38060e5b67b42da0e59db62c6362d29f9193d45c2f42309dde9,da439d055effe602626937ec6a3edfce1b55bcfbaf1f77ed19f30c59acce405c,M,Data,2022,30-34 ans,Occitanie,6165869,9.03,8.8
bdaf3b8e39013bd306c041b4bd252a09d293b664edcc01b81baf7fb5cacec420,6d1263daa06357a00b1e035c156931186281c5568ebc85f6eca495309e040578,M,Data,2024,30-34 ans,Grand Est,5557457,8.139,7.3
a986c3cafb28f1a16b356b85cb5a34fe58482695f5e062ace07c5cdedca3288a,49cb366190b656528aff41e2ec1582ba878343cd81e79fd1b898aeac4bbddc7b,M,Data,2024,35-39 ans,Auvergne-Rhône-Alpes,8238335,12.066,6.4
9db4e18ac1f1ab43e65ef25d5c9f6ce680aa0716b0784002906c014477d193a4,0d6e8b67e0823c34dc0fe387a750a003aa78f9348e7180c303ab562afde15552,F,Data,2023,35-39 ans,Centre-Val de Loire,2588006,3.79,6.9
fb83725257a9a11b8907350c3426a6b5ff608b9f001deef9f12bebd1b9f734a3,054b15be7e4ba5b8a6cd57e86d8b348e074b5eb8b7ea157b29672eb73e4652c0,M,Data,2025,30-34 ans,Île-de-France,12507542,18.318,7.0
2d8357935dbb6774baec3cdd750bcbf6d85d314b5e61ec238b71eaba658357b6,8b5c0f790e0df69b094ce1300619aafa462e8a2bb1eeda443b1e8227b880cfc2,M,Data,2025,35-39 ans,Occitanie,6165869,9.03,8.8
339eacc5e605ab92ec7c2657d061bc576297b9d73daf48df5477cea4aaaea94a,c5447531497595b6a9d8686ce8c8a4835b52c140d173224b4f25d44160de3e06,M,Data,2025,45-49 ans,Île-de-France,12507542,18.318,7.0
9a16584f74562c7e19950741837d81a169588ff5e337ae4edf0185b8336e1fa3,b18f940ba87b8bd1b78d9dc73df31099e660e5eb225c45b080d99261884c77d3,M,Data,2022,25-29 ans,Pays de la Loire,3926871,5.751,5.9
e4666a7c2225a3824008737a3a81d7d3f29a00444f1b22b5752b4ae503f61054,947c2f751f836e5ce0aa440bc303c9884dbd1e614df58e87819168dc16297426,F,Data,2023,40-44 ans,Île-de-France,12507542,18.318,7.0
deee1f230208c9626f1f0670aa8a78fd9f64a453e18c74e357b97a4b9ce85e76,12ff644b1cb237b55447f3ceadd0c3701c93635106908e84fa41a71918a93a5e,M,Data,2022,30-34 ans,Occitanie,6165869,9.03,8.8
87fb504028573f0d44eeda07bb81fe005f8c562755dbc293c4f206255e896cc7,9c5391d168e1a9185be812634d5f93e7f794b14338185db7601d4550ac93098f,M,Data,2023,30-34 ans,Nouvelle-Aquitaine,6181885,9.054,6.6
af99e7e735cb8bba75fa3c9057826b8e2deba28a79cf1d5456d1687e34b3ebda,f0e241b6a30880e764d21884df1c5a8c7fe528bb899666683ac01912fbfbe0ed,M,Data,2023,25-29 ans,Île-de-France,12507542,18.318,7.0
890217cd040dd239be39dea7dc505ff0bcffd7dcd077e05527a69fb24fbeb5c1,cf4554f5b21f95ac82bfbf8717bbff1d6fefe56469dc3f9b269bcf603722b3d7,M,Data,2025,40-44 ans,Bretagne,3469711,5.082,6.0
e9766ed7128670f95fbff9c67bf772515015fbfac75d380589fca0899f5780e4,a0a004a3482ad156919fba840fde92b1deac23bacb1b67c55ed51db49da7e9e8,F,Data,2022,30-34 ans,Centre-Val de Loire,2588006,3.79,6.9
edd17822ba7b5518dcd3f896f880b85d3791fccb2ea762b4087799da1ab54838,1e8f3c44cfd2883573bf3dc1c3d2da83f3f7289d3cb2983e4f88fe3579194ed3,M,Data,2022,45-49 ans,Île-de-France,12507542,18.318,7.0
76e466281437ec9f14c1d524573691e8420a47ea51f6ea4d7d3b63056e23e08c,1c62c7b942513c98126e94957cb3c7ee260fe8e2845b88cb1e499a028fa3cd44,M,Data,2022,20-24 ans,Grand Est,5557457,8.139,7.3
219ba6358be9dfe729747dd7640cae2a2b249d850453fc1da8a63aad6bb1bb44,4d734dd44dd1240ad22bda00fd29cc7ddc132bd5e0bba7e22dd2058a267bc7ae,unknown,Data,2023,25-29 ans,Île-de-France,12507542,18.318,7.0
6e08aade0d670f734e1d065ebd03146bafab86fce138d2ade842d32895168821,96dc08fed9e39dc14b7287ad0d9c6848daff1af3f6309233c48859796dd8dfb9,F,Data,2024,30-34 ans,Pays de la Loire,3926871,5.751,5.9
f2cc05c6e186e6dafea96d00c5a926abaa87e543cfbdc937df4043e8fbc6a111,da0dc38b6b8cb2c966dde3cc374f9bbf436c870fc88ed7609e9a659849cde6d9,M,Data,2022,45-49 ans,Île-de-France,12507542,18.318,7.0
aeb11ce59ecf0cc21487a90f8819a3d878a5e6543b27a15ab42c56ef23bf03f0,f00facc03eecea6179e8f8c18c136ec0fc9be427c1d7ec91b41777b07eff80bb,F,Data,2024,35-39 ans,Île-de-France,12507542,18.318,7.0
d8e5a93e23666e6b5e59bf088b6d20d21b1b545cbf76a962be4c6633f371245c,692c3d0f33b8322b103dd32e920375f0c67dd2f6c0adfebfd58de01749de1797,unknown,Data,2022,30-34 ans,Île-de-France,12507542,18.318,7.0
d0ee61b3fc7e1346fcd805c82bece968640916a4faef0fbc10cf49770b5d1af6,c40966d842c841f862a50982387d75ddba6fa5b87d086aa50cae78dea351581a,unknown,Data,2022,30-34 ans,Île-de-France,12507542,18.318,7.0
f7c4ec3395847e19d623ecd30562a55b163b60fa7aae3d5ca88d08c12ab55f46,9fd2e2919fd684611c38487907fb67fd34185e2aae8dacc3949cc67e81982946,F,Data,2025,30-34 ans,Provence-Alpes-Côte d'Azur,5252362,7.692,7.9
68ff678aa89c2cf91e73edec4d8a0c83e4c14e6146544ca62c69211d691b2693,9dcc586a22ff4d118b84bb2a49d03502ff418fc3b5b7b095f7ead5d66b579508,unknown,Data,2022,25-29 ans,Île-de-France,12507542,18.318,7.0
0f4e49fe40e1aefe1c764504d366637310e33723950d114918d8b8fd4c9bd858,a6db8550128747f7973158824204ff2462d896be90e593a147029c95c9a360fd,F,Data,2022,35-39 ans,Grand Est,5557457,8.139,7.3
5ed40604df0fb1c70b4ab5bdde8318c60a7f7a229fc8ef0e9359b2d2a05f6762,7479c73f77a86e57e2413bd12d34d6fee6f359024511a20a84e9a1c3c28d2633,M,Data,2023,30-34 ans,Pays de la Loire,3926871,5.751,5.9
7f6a48c7db6e984e581a9b68ecfb902d1dbe9650ecaef0714addfad2a6903558,7336f12fee3a7f34d2b134387bd6ca3b78f04295598b4a426f3c1f88c6ad9e96,unknown,Data,2022,30-34 ans,Provence-Alpes-Côte d'Azur,5252362,7.692,7.9
09cd4bc9c0c193121b86e238bc9da0884d7e6e7f9df2dd60bd3a78b5de28d419,bf2bcbf278c13c9be70edef2237dd43e8a56bd1cf52e18afdd8ff4b36b94d025,M,Data,2022,45-49 ans,Île-de-France,12507542,18.318,7.0
b70aab771f659d6ffad4728fa08b389f063a33fe829411ace2e37834e3e55863,3f128edfdd201e3314a24523faa2faa0dd6c75744c4fac7deb32091f40810816,M,Data,2024,25-29 ans,Île-de-France,12507542,18.318,7.0
33ee1793f2bc56a7cb043f67fd8da3fed65660db74f1309c69ad68199a148d7a,64514ffe82d4711c9837905c255d390fcd1ce90b13cfe6eba4b62629dd8d3d3b,unknown,Data,2022,40-44 ans,Nouvelle-Aquitaine,6181885,9.054,6.6
7d15ce02eacfa59cdb40daa958ee25f21a1df58b0fe5316d84b85b0d83c0c7ce,659b8ee8c155e57500ea6e67b8469e7d6320aabb66d08db73895237b1396f808,unknown,Data,2023,30-34 ans,Hauts-de-France,5983840,8.764,9.0
e7314eff6e6cd814154f5fd0f5d72c6cb72060f28aec8e17e44141e538466c70,9cb004c457af3b3c14bb679ea6a27599249d24a7b3f3344e290cfed2c9a98248,unknown,Data,2024,30-34 ans,Île-de-France,12507542,18.318,7.0
01c9a4c348ecba3ea140248745e50cbaaec2ffffe2e73d3e64f9e250f5d92361,d5029bd74df959a6e3225e1e04eadf3805b5e736921cbb068f3da57d19914be3,M,Data,2025,35-39 ans,Île-de-France,12507542,18.318,7.0
d82847675225b9e116b21534432bf8d621ef7114f18e7c7547a59c32f436db20,03c1a535d8bf8ad9366461007b3178636cde7c63d7ed2501559b012bbd7e8b99,F,Data,2024,30-34 ans,Hauts-de-France,5983840,8.764,9.0
5fec0428e275378bc98e47da830c59a957d8527fd382329345c9989b67a40b44,8fd18942bd7528af4efba5cf112e593adb5c4a551afed6582059fc61427c4cea,M,Data,2022,45-49 ans,Auvergne-Rhône-Alpes,8238335,12.066,6.4
295a3a060150ee5b7b40c4224dda33d02ec14d5ae9dacbf0eb3ec1e7711b7daf,a38862b49bd15d84f4329fb528f981ab53d5bb77e3ff72512323897b9693e658,unknown,Data,2022,30-34 ans,Hauts-de-France,5983840,8.764,9.0
969c4096b1b46022893b8e521ff37a36c1450d2aba2e57668e8cc21ca5e61b4b,dd50d1b996ac84332a49979a1cb79163065851dabe82e1dea64012f3278acd95,F,Data,2025,30-34 ans,Centre-Val de Loire,2588006,3.79,6.9
9e0d89436c4c720282c5263de13bb49a61bd4ef817d1038c53bdf8ab7ab066cf,0542208d73b528c42a84470388825cda63841b8e1e49ddc731c97c9128f85df5,F,Data,2023,35-39 ans,Île-de-France,12507542,18.318,7.0
ff1f4937b7f47b58ed7c98bb5bf0a4b9f155e0dc34ae2570ad7624173b82c291,482603effe88df126a4737bddfb8e58feb83500a0ab2f4ebecd66e97a8712fb1,unknown,Data,2022,30-34 ans,Île-de-France,12507542,18.318,7.0
c19ac2d374a9a828e5cd57a443a1eccebeeabd2c52ccb8113fa9faba405ebb4c,0cc764ccdf3bf69f1b6ec6031c0c5b8ee9210acecafb5a165e43c04520b6ca4f,M,Data,2024,20-24 ans,Bretagne,3469711,5.082,6.0
fd50ba056d789f55151c6ea7b00e9d8d382954f45f64e3671128b536ef9da3d7,5daae229c78e7b25cd49de4315d176ceedb55b4a719ad5c1e8ac7bd1a0f44962,M,Data,2023,30-34 ans,Île-de-France,12507542,18.318,7.0
89c422318c97efd9f78ecc4bb2e53454b5a37154322e8a1e3fa7df89328c515e,54d7f89954d037fcab4b56f36bdb715ce6fa26f161289c07ba6c34471730c1da,unknown,Data,2023,30-34 ans,Auvergne-Rhône-Alpes,8238335,12.066,6.4
a5e97ced20b3d6422a2a8bceb127bef49d8056337f19f55f1f35263589bfd31c,dc105fbecab6e685b69a6c86e7f1f84836dfad07f96d1ae5adb0eee03ef8a506,M,Data,2025,25-29 ans,Île-de-France,12507542,18.318,7.0
12ed0c3af08ddcbad821562e15bfc3a53f4a7240dcef334b3980c5ddb2ba2cc4,56c8feefd62d7255d752fa6a378a42da9e3189fec957297b2aeb0783a5ee2250,F,Data,2023,40-44 ans,Île-de-France,12507542,18.318,7.0
e44cc671eb8f05862b84354c8fc9689be2aeb3e5e4493df81784cb904e368abf,9189500ca03c23b50904fd6fc29b6624099f285c6a4af274e4d243f31812cbd2,unknown,Data,2023,35-39 ans,Hauts-de-France,5983840,8.764,9.0
e285a3cf1c7cfa18a91ce06a65be34a77229a78261d5801140770a9a2ae2cb6b,2ccf267f69ce372fc504bff3ea32ac6e16354d7abaff2565fa9b58b9b438df46,M,Data,2024,40-44 ans,Hauts-de-France,5983840,8.764,9.0
83253d09b173eb33655cdaa8db8356db167854ea1c5c5a4d9245a2f29aa0bac9,6d02a5c9d2b0f3e1a422805405c4a223d4a0542c431988360f0a295db27c8a79,F,Data,2024,25-29 ans,Île-de-France,12507542,18.318,7.0
1f4361fb3ef7387ab10ee9514eeef48229f6c547b8395e01a3e261b550d76e9e,5879d6de03b29ecd2ce815fbd5b07d702069ef67d24e164f58d3857d645f0163,F,Data,2023,50-54 ans,Île-de-France,12507542,18.318,7.0
d79b7776f895ef0b43a01eb26136dc9e7e8baf736432e5e1ad5389f30809b7dc,b8f133a6bc60ce14b99794193c508c84aa3e856bbb23f202d2a23e82bedca36f,F,Data,2022,30-34 ans,Île-de-France,12507542,18.318,7.0
5109e229270993e36e00b3b956d5ed59256a9e56d669513e94327efa5ed89327,299a88d7905d7497bd15b7697df7d463953831a9b6430ba0b0c2442bcba3469b,unknown,Data,2023,25-29 ans,Île-de-France,12507542,18.318,7.0
fcc5e0a126fb30e34a44f38a2d3a643d81c69891170eaa134488ce7e56cf8c2c,bd53c7c18fa2a961fd808da0f6be83272fd02e5a6baa166a7870740eb5a6b50f,M,Data,2024,30-34 ans,Île-de-France,12507542,18.318,7.0
057e36eb7d0dcc23dda51198fa492621cfa1e9d16f6a210a735b2761cd72d547,10fc29d9d89122f6aa6b5fb009742a7537737bd56e00f1ac3b0cf1330defb13c,M,Data,2024,40-44 ans,Bretagne,3469711,5.082,6.0
0421387fb8d94fc0fbe7a83b26e5db4c4f864c513427e7ea81650ebf773bc3e0,7c582d012a7759c38fb1917952fd3105f82d1b50d44ba2e399401fc1278ec915,F,Data,2022,40-44 ans,Île-de-France,12507542,18.318,7.0
c4a4cff4cb607e0b223d3e50bc10f4114ce871ad300d743c80758c527bcffcb1,7c690a8a071f7b6402da2675fae83bc2c7e6608a95d18fca7dfd58bef7587b41,M,Data,2022,50-54 ans,Île-de-France,12507542,18.318,7.0
4c7950b7ec07a6929c82944e0f5d325a2bd254b35cc427a6b0689575fe5083a6,d7d26faed9b1841ba8d8f7fb7b7f623c8a77ef325c4c1edbdd860f003300fc3e,F,Data,2024,40-44 ans,Île-de-France,12507542,18.318,7.0
f10d5a605c9851cab57e6986b57e1640ef2b821a8533257888783c772bad8a5a,8542d10633f4d9b30d21f86de58a01fd7041224ffef69bad389cba9fe076806f,unknown,Data,2022,35-39 ans,Normandie,3348960,4.905,7.0
025dfee95b50dea3c140fabd7fb16419b0ecb58f56cd1dbc29b67389af854f33,55fd40f912e3b424c14ac63ed673396c75eec17baece079317ef673b91527b17,M,Data,2022,35-39 ans,Occitanie,6165869,9.03,8.8
3865572a38066cfa9a52323efb8db3a5573c83b62c5edaab8a207c41e17fb3c4,68297391d21ffeee6d3272a167eb67ce1645202ce35de6b05484e52cb90f2fc7,M,Data,2025,30-34 ans,Hauts-de-France,5983840,8.764,9.0
a0d0d014489180d252ce7fa6c99e3e86156ab7c5ee8127b6d4a996ebbf773b5b,99d48922ca2d92175ef6ba384790230d1214bf681b9a56e5a23f23096adda73a,unknown,Data,2023,55-59 ans,Île-de-France,12507542,18.318,7.0
6adddaa3eca72f0581cdf6ee36f733662a1941ed3703a68fbf71cfbf5eb14c1c,73c9cf4dd5ec7f43297f428346fb7a72fc032e73f06a7e666fff455f4441acbb,F,Data,2025,35-39 ans,Grand Est,5557457,8.139,7.3
88f7e53a6f72f4593cead014569c7383cee2c9bac94b81010f78f3d1725444de,28c884394da5fa1ee0cd49f993f803b9310be89c9df45e193ac00b18a6258416,F,Data,2024,40-44 ans,Provence-Alpes-Côte d'Azur,5252362,7.692,7.9
763df956448010df90eb005d8e252066c7ab550b99721b94e43bc07644db3350,a52e1070ac9099a792711c0a2ab82ef64145f4ae48cda9540134b2a3b2dbd859,M,Data,2022,30-34 ans,Île-de-France,12507542,18.318,7.0
9e5a96b873aa6deb38f4bb6c422358a410e1498b6cece54e1386e72e2aeecea9,f0d3050bd9edc0026d17e605f03247de3e1fcf53129cd69a19fd260ae1ea8ba4,M,Data,2025,35-39 ans,Grand Est,5557457,8.139,7.3
743ff3173d9e0b0f981ab95c81a144815f636474ab3515825190bfb16bc33f9d,ba47878f86d1af661ad52c704ef8eb57a815af5d027f6caecab89195451bf21b,M,Data,2022,50-54 ans,Grand Est,5557457,8.139,7.3
05ec400209a0d7890e5befd95a7bfd4cae404854676dde6a8b87f6390c9873e0,5146e17e7e5e13ca8afb0b9c841ba7338e09d87e6c28e47a87a0a9f1da95fab4,F,Data,2025,45-49 ans,Île-de-France,12507542,18.318,7.0
67e9dba689903d0023e805654e5ab1b5acd32fe8577ee54a23d691f82814ac87,3b08229fcdcbedc06b063e74ce20e3aa689c71e48d2b194f938bef6488ad8770,unknown,Data,2022,35-39 ans,Île-de-France,12507542,18.318,7.0
e1c4b40d3fd0a15b6c57c14243817087cd8daab72d175152b82f98c7188c4e68,d6dd6fb98eb95ab5205c61043120747bdab0c552191862ae0df5198fee2990a3,M,Data,2022,30-34 ans,Occitanie,6165869,9.03,8.8
fd4c582166fe748a692168abe2224272e7c858c0caf7fe649554aff6ab8e1ad9,aadb9e7771c1237d73e5b280ef4d23c40ae6b97be9f845080291693b1fd7bdeb,F,Data,2024,25-29 ans,Nouvelle-Aquitaine,6181885,9.054,6.6
c6f094168116bb567d1fd08a07194044d41264d6d64dd6866c454d6f6299eea0,f99c100451a64bc4beb82211a706aa83d81f9045f11e4afafc7198238f96944c,unknown,Data,2023,60 ans ou plus,Île-de-France,12507542,18.318,7.0
52da5dea2e596046c230fa11eda79afdc6bb4bd27b47103dcaa4af692e41bdde,11011134086f3102d0e3477f80aab112839dab3dab57ad0db80c47d9f3d374c5,F,Data,2025,25-29 ans,Provence-Alpes-Côte d'Azur,5252362,7.692,7.9
e6433bd3af6b6b125839f1eabcff0cb7da74f24f3d0605c2e47311618fc03f3d,8a65beadfa15573af2414dfccd9e60d64d6e25163f416c70d16602162d2bbf96,M,Data,2024,45-49 ans,Hauts-de-France,5983840,8.764,9.0
f0c6049d9f44611a89be86a529eeea9c26ecde392a9540f193aa5d271d0720e8,d8c9987f17c9d70f60ef9a96ebccb81555bfa95fdbca968b591fe6a492af93f6,M,Data,2024,25-29 ans,Pays de la Loire,3926871,5.751,5.9
035611936fe5006546a9c29f24e27ddadec3f6bc0c0282d231c8f9c33a58373e,e51f11b192825c7ad17f19c7ed5eff0344057eb306cae9d79a39ce3aa2166b53,M,Data,2025,30-34 ans,Auvergne-Rhône-Alpes,8238335,12.066,6.4
851c4bc00bd442efd6be8076d36013ae7805b2ed61a4f41b9589e3b4a46d259b,7a2b7a20d3e4584c2b7661d34b04b7d64e66d5323b151a2a430cbe1f601efff1,M,Data,2023,25-29 ans,Nouvelle-Aquitaine,6181885,9.054,6.6
aa515668dcd24c7bb97a6032e669289248bf6a12d19a8970bc82d4c282ec6702,96f6b52ecaa6ac5beb42ec578ab8b4f577d8afa552bd3ba06ac719bc8868739d,unknown,Data,2024,25-29 ans,Occitanie,6165869,9.03,8.8
8c9019d4e6a89ba8995ef1fc29abf2c6c1f743ffe88fc239ebdb509b0907cf63,f982806d9461449f9fffca9394a317bb5a1c45c9b99af3d40b8fb3f6bb469661,unknown,Data,2024,30-34 ans,Île-de-France,12507542,18.318,7.0
03be31848c6a44efb07fceae1aec096ec17ca621d44860b94086043406c67d9a,d98f23377620c8a678065aa2762215666fd34fc10ccbd924a3685e10106b0286,M,Data,2023,30-34 ans,Île-de-France,12507542,18.318,7.0
045aea0ccf64aa5b498fd38cff20b58e1ea13eedd5b2da82d375b5dda3b508d9,76f20292396137846db4b196c88590f4cff8cca70ca1106b3697b1b5c0e89e04,M,Data,2022,30-34 ans,Île-de-France,12507542,18.318,7.0
a63c3771fb47d3a5ee7ccd857c2f1b020d53f4146fd7a4c424b331988f0b23f2,9d29ec06ef23242cf5da49947d1e87834b4b4855f91e9e0d0129cc00aa921bf5,F,Data,2025,35-39 ans,Île-de-France,12507542,18.318,7.0
a9b3c153a37756b99f895b86e32bccd61eb969d667b0a7116d4c74fb4f2f054e,3d08108273563c0dfd15b955eb1f00c0a614125ec4e7d29e4b25cc94ae51af03,F,Data,2023,35-39 ans,Île-de-France,12507542,18.318,7.0
d64df6e8b2ead0f1cfe38a4a6eda5c1a1f57a8a49694434634df407668403188,261f9d5be00e127b93c86afbed9194ff44d46ffab5402d09fc1c2a087a7bc18e,M,Data,2023,25-29 ans,Île-de-France,12507542,18.318,7.0
9535d2608f78d2de2ececbf767e95f20ef9c0ec352e772b95455adc5d4f2d0fc,71801ef1cd1cfbdb4a825d254ab3c861889431bf53b1168193f5873cfd2778b7,unknown,Data,2022,40-44 ans,Île-de-France,12507542,18.318,7.0
c8998960c38f36c5f889efd484bb62dc639978ac4e9e553135a795c4f1baf297,f119c062c5c1804a5d2cc8159874859d84dfa88ebe12b32d6b21b1552a741414,M,Data,2025,25-29 ans,Provence-Alpes-Côte d'Azur,5252362,7.692,7.9
dbcbbe8c727410a969c05a43e9172dc8da9e16feee31174b23b31fcce823a3a7,3da541a6e238d040afb15b694e65d151eec6221cbc36a30139231abc3524a4d7,M,Data,2025,45-49 ans,Île-de-France,12507542,18.318,7.0
b8d54a9cef0116649340de6f8866c2bfc08885661335afa5fb84460206b7606f,91897c3da40ec348227bfd2b55481a37c0fdf8f0c0553ed863c180f1bea4eb04,M,Data,2022,25-29 ans,Occitanie,6165869,9.03,8.8
0781f103a2434fe846323937b5d6214e7b364203fc474c57287a30c542128ba3,5a4bf8dc027ee133a084b98b10650c4abb9e6d0848735f26654d47bf522ed8f4,M,Data,2022,55-59 ans,Occitanie,6165869,9.03,8.8
3780bc46a7da4b5f80a1ec364a732de8fb6a8f164356c9d6dcc7921829bdc08a,5042ef72ccdff00082eda8de59d7a3d2020726c17a64312ce5b226403c41f6c0,unknown,Data,2023,45-49 ans,Île-de-France,12507542,18.318,7.0
fbd755e8cb330e116f1b826b6f2be406323d61cb176a54ce0dbbfe30f174a009,d4b9cd5cc52869163eeb95f1c19a670379eccec0e732203f4ee10a481d47df60,M,Data,2022,45-49 ans,Provence-Alpes-Côte d'Azur,5252362,7.692,7.9
470ca08e0a58153c810dfb751501c94568036991e914679737caa7eaad567765,fa3f4ffd89be8ab1e6aedc1eb3d0020735f9bfb9fceada4cf52d78cb08f627ae,M,Data,2024,25-29 ans,Hauts-de-France,5983840,8.764,9.0
1087c80d9a92916450fa7b066988452d57f88ea4c9c36cf6e499851b0f5a2b59,ffa6cad539bf67008f6f72455142035ef63f8216f0b261f7cbba05da7c192188,unknown,Data,2022,25-29 ans,Grand Est,5557457,8.139,7.3
a2c5824f181332937e8fcd842edb78622ea286443b9c260be5eae682ee42312d,62dec0dc4d09c9e73c07e03cc09c9078e2e4f5e9ee5d1551436d3412489b5181,F,Data,2024,50-54 ans,Île-de-France,12507542,18.318,7.0
bf7db015dcacd687b7775179a708e8f4cdfb7939176ebde607e9548d1bb1e5a1,5aa2df95e2d41cb2f312a33aa4d6991673f610febbc32f18b6a6c850863c9b4d,M,Data,2025,40-44 ans,Auvergne-Rhône-Alpes,8238335,12.066,6.4
0dc02b380dde210cd5397c7d00f88d1db94d6418d6749b7c4851398f8f664a37,749116558ad3b22d8fccc8b1fad42d4aff5fff258e6c5f88fde6ed367da50889,F,Data,2024,40-44 ans,Île-de-France,12507542,18.318,7.0
22c2e38170f4d47cf669395b34ea39ea8bfde95ac85842ceabe87b58457dbf44,04dd6c42a2f02053506deb50e11e3c2ac75afcfadddfaa6ead658d178ac01838,F,Data,2022,55-59 ans,Occitanie,6165869,9.03,8.8
2c7cc72d250a6a2fd62183396776db0ef3cff3d9e45c9cd94e527025d8d5d79f,deac3d738094c5561420801864f27f5708c44b1990571e586f96822def537983,F,Data,2023,30-34 ans,Île-de-France,12507542,18.318,7.0
bf12eb17c00194436a62392af849c6fdf09546be09cbb52796b7445fddd8a17b,a6127d3f6b1da8cd69c1f5f5d0764543f4eb22a4f63edb9043d10acbff2db29f,unknown,Data,2022,60 ans ou plus,Île-de-France,12507542,18.318,7.0
05c60b482d43df6df04eff5d6fe29544e7b7a9d32df278f15dfd0214d0334c78,0feb4343f5c7fdee16a962a254b4c67a80580cabccc34d387ff937f49be6c8ca,F,Data,2023,30-34 ans,Île-de-France,12507542,18.318,7.0
84f4881563acc5ab5ede7f59e669270670bc98efd0b9760adeb7627e812d3e21,978b114a75a673cc2db2ec1e2fa521fe9ca430a5f5b99ddf205e15a1c6070d3a,unknown,Data,2022,50-54 ans,Île-de-France,12507542,18.318,7.0
8f5cea7b01fb4b6f0dad63cfce36b5cae82bd9913e22d99ab9b38bb3b732ba8c,9845143d0f82b0d8c347367fab6d78bd3d5404fbb8427234d67172ccf43499ba,unknown,Data,2022,50-54 ans,Nouvelle-Aquitaine,6181885,9.054,6.6
1eb69ab2933eb8e738904c5b0813127fd88d8f249ebd8faab8310dcc0111434e,080f67932d40545ccb33b503da2c4b3886c6b145197bdd18deac5c9409d0d303,unknown,Data,2023,30-34 ans,Occitanie,6165869,9.03,8.8
8c3fae390648bd6849e50fd4cfddd7beb899ca652ba48ad9fc91a05198aaff2d,d54a39257e75872c6a5d0e3fb215098740f5f665718f2cfd018ec9c1c203d058,M,Data,2024,20-24 ans,Bourgogne-Franche-Comté,2800180,4.101,6.6
4de34ab164492bce3900d33088e7deada528b56dd5e1d89499fae4580cae55b2,4786ff69d8c543d8a21a7994596976d837edd3a63191451c55b421bbaa86e1c8,unknown,Data,2022,30-34 ans,Grand Est,5557457,8.139,7.3
c927e41b7cc0ff6936e3ecea02bdc6833a85407d0b76f1fc8b1f3edf8fe3ba64,ef94ee2065e44dd32f2e5d57e707673193afac3fe30b9da869baabaf42399def,F,Data,2022,35-39 ans,Île-de-France,12507542,18.318,7.0
f18231280fd4d92e3550c564fadbdf7f30d3311d29bd5085323881a2bc509581,2b5496eb2a68a65fd592644f6e5088018ff2a6af92fe99504ea15683ed110430,F,Data,2025,20-24 ans,Auvergne-Rhône-Alpes,8238335,12.066,6.4
bef20c866126da2589026e3ea3410cfabd8b0f5cff7abfca662d818c27eff8bb,2953179462ae24df8ffac1a5a6036022ffd010d810b9f546cc8b559368ca071a,F,Data,2024,25-29 ans,Provence-Alpes-Côte d'Azur,5252362,7.692,7.9
318183de89db576c3ad582b3e950b55eebaf62058c9e8b0f7a8f2f7433196f19,1443a87cca77c7ef5de60dc32ea82e344ee18f9d40b55cd1c307daf9df1fcdbb,M,Data,2024,25-29 ans,Île-de-France,12507542,18.318,7.0
360a793f051416d76d618020985e6747d5a44d73c07162b751c0e4a38f1d7dd3,8cac82e8d3fd68668e549360203b8e324bc031e0063f48c78f6458908880af0d,M,Data,2023,30-34 ans,Pays de la Loire,3926871,5.751,5.9
47ada3e92d856813e17578edd03e6037015af49ac59e9f6c494bbfe9ab05aadb,07e06c734c834cd3b5eb71b524cddc3e4bf835621a4119def8633210275e322e,M,Data,2022,50-54 ans,Hauts-de-France,5983840,8.764,9.0
71445cf94315cd9757ccdb907ab0bc91b7d96da888ae63be29af222e72c4c0f0,69cf177c5a0ac487c91df0f23e94223649dcfd923ca0b53d8cc05bac93985258,unknown,Data,2022,25-29 ans,Provence-Alpes-Côte d'Azur,5252362,7.692,7.9
c741800e4f12bf31c41295b7c0732086084a4934a457a40ae0bb8a33dd0d8c48,fae977927c5767eb1c3f644475492defeb49b54937493ee7d9eedc18ac46c38d,unknown,Data,2022,50-54 ans,Île-de-France,12507542,18.318,7.0
c2e3ed4316b8cdfc6a62517a01f2fb709906d4ddcba6ffbb4c2aa2aebd6decc2,5b78fcfbc850fe24733d982bd9bbe0692d168221363fd5d47d9ed69640af07df,M,Data,2025,30-34 ans,Auvergne-Rhône-Alpes,8238335,12.066,6.4
534265a06348d0c75192df5b17d0989300e4b88970608dadc3177f51427cc23a,3804ea49064fea1b8b02058392a4c8140de74d387fe970d7d8e5bdd5c59f2848,F,Data,2025,55-59 ans,Pays de la Loire,3926871,5.751,5.9
90b1560fed30e6b5d7b0e676c757b3a59fe3fe01b7757874692e05b4323f5bec,f4cc1f267d241e5d29107540da847127cbb0eebd86e91e02a829ade06a657e78,M,Data,2023,30-34 ans,Île-de-France,12507542,18.318,7.0
a495d29ee8e96103087dbe828f0a3af8cf1722a592e21bdfd4eb9cd237075978,443d60656bfe70945bbb17887aceb6c91e41e127a049e5744596810e5ef7de00,M,Data,2024,30-34 ans,Bretagne,3469711,5.082,6.0
c7f5552a419ff845a433e3641a828eb55b3f4fea159137d0d5b10e5f31b059cd,3169a2e90c9816352afa5abec063177c459c9a6b173e8bd8e1c77687190a0ff4,M,Data,2023,25-29 ans,Nouvelle-Aquitaine,6181885,9.054,6.6
98308d160df8afdf7301edd00d942c294ffacae83af6d6d3b1f0562d05563d15,2e922dca8c97641a65f888dfa822c57cd46bd47c344216901e5784c9ba1df4db,unknown,Data,2024,35-39 ans,Grand Est,5557457,8.139,7.3
3e592bca009135592c9940bae314322a1b521b726fe2747608581bb996306eb8,4ba1986115ac9d9a46c1991d890f0b5735f99f3e9dd57ac8173160483c5f1c3c,M,Data,2024,25-29 ans,Nouvelle-Aquitaine,6181885,9.054,6.6
feb1a75f5477ff06102ec1137d2e3d557cf61e3f9dd00e8bdaa2c1fc2ea40436,7396ebae7a07fbae6285e722f772a2cf9994b900c9a75da0154fd13532b64503,M,Data,2025,30-34 ans,Île-de-France,12507542,18.318,7.0
098ecd353996b662a70a9483954c8e58bddba22f25cedbf6a74e638ade9f8d23,f22799cda7651a679530d849099895f1a91b110cebd1325c80897668a93c00e2,F,Data,2025,35-39 ans,Île-de-France,12507542,18.318,7.0
21ee8e964e5290ec9f3ad95fa2d22f77b5124b66f1165613ad89ff1dacf5aa62,808a5b2ab913367d8c50f456ae3b306b3fe7ce9a8439a17d699189cccc7dff35,unknown,Data,2022,60 ans ou plus,Centre-Val de Loire,2588006,3.79,6.9
3d8b6db4a456fe63c35d4ad2d032e2dfc8fa897d54aac4ec7e6dff17a78c7ff0,e850537e8f697dc9214114cf03f86b2b44a327dee5c3c644caaa6e38c4f50277,F,Data,2022,40-44 ans,Pays de la Loire,3926871,5.751,5.9
c14e43db5cd0dcf137be86b7a8b3d34ac8dadca73a1988221ccabc4a11a0b611,17ab257abf7804a05a71828abbe10ae9206dc85734e2c1b15dcd3c0502bfb850,M,Data,2024,25-29 ans,Auvergne-Rhône-Alpes,8238335,12.066,6.4
a3a55a2353a98df9627a091ce1d5a6bae091f906c5aec607ca39539f8bb81837,6142a15c7b5170f3da28abf227d7ec037a1c4627a4b15325656c4cd865d87542,unknown,Data,2023,30-34 ans,Bretagne,3469711,5.082,6.0
ecd492ce931306dc8a65897f6e133b025dc0822ff5b674ce5b69c7d622090d2e,b0c379a347e8d1c372dbc8977d5852575e53bea4023b594f0436c9481dcd9d0a,M,Data,2023,25-29 ans,Île-de-France,12507542,18.318,7.0
31befae9d2d9d5189f5993c164272f90d1045624228d1a16e622d413915fd94d,2c9bb2dfe48a0111c3c41602f231c78198dcc988d0a3df3446bf623507c613c7,M,Data,2022,25-29 ans,Île-de-France,12507542,18.318,7.0
98c11ff604e29cd8f149bd68dd84a2335df986fe4e2c6561d99a0793d8d781b1,1994dd76aabb26b17882fb520ac44c128a2061b84f38f2c32755f15e89d6e084,unknown,Data,2024,25-29 ans,Occitanie,6165869,9.03,8.8
78f7ecc140dfeac46589991fc27bc7e914c9b3c67836f2035923d15d8414501a,18b3d772c0d6bc8633f42c54fc5076ea798398617957e1c052481aa54acd5e15,M,Data,2025,35-39 ans,Île-de-France,12507542,18.318,7.0
0e26f6a9ca65028fe69b842a67696fe693e3cbb981cda9493ad24a063a9ef538,aa647519f44011dc8507295b6e68f552dba0ac526d061fb9c7c2a9ab3c5c621f,M,Data,2023,25-29 ans,Centre-Val de Loire,2588006,3.79,6.9
1ae53b6e7ed1993250ec75c9a24c4663c23fb0d3163f70257ae2cc23eeeffcc0,9c58de431e0905ce3907ba40b1b285fe782801c3084c0eb9bd25e19d052923a7,M,Data,2023,25-29 ans,Île-de-France,12507542,18.318,7.0
69122b79d7c124e0019b4fec3694e6cabdaa9373d056aed22532c8e78b96132b,afa690f185327bf483f87e12fcd86cdaadaeddc8b1826d20dd99d4fabaad42de,unknown,Data,2022,40-44 ans,Pays de la Loire,3926871,5.751,5.9
ff464a112a181cd753320b033e82bc102afa29b005a7c04dbfbdad4832271d60,61260da58d2656b94faca83b96db2a944fbff15ee60f5259352daf83629aa86b,F,Data,2024,30-34 ans,Île-de-France,12507542,18.318,7.0
338378dcc448492e543860f237f224277204c1e01c1ef7d8285787634ab6eea9,f0944d537fddd35cc0751ca54da39bbedb6b3d3ffe9ed9ace781fbf5fee44ed8,M,Data,2023,40-44 ans,Auvergne-Rhône-Alpes,8238335,12.066,6.4
fd891abb5588920f19d3a0ce0a9cd0f470caea07e24744f4be7208dc2c8e27bc,7a4a80ba2c87cf6ad70cde4cf83df9eeb4b6762119ae1c72bf14800875988959,M,Data,2023,40-44 ans,Grand Est,5557457,8.139,7.3
1b41a50c006907d6a3bdaa4723569ca0cbe3535e46dfc82b615390b6c6220732,519e4f41f4663b19fdeb0fac8382a930d229020e4b65b372bd7e9de7a37b15ab,unknown,Data,2024,35-39 ans,Île-de-France,12507542,18.318,7.0
ba3b7f9f0425fe347f5c5b6143587e591f90e7a5ffa7d2eedd71e38cc688a088,5f73f88ed709bc0451025856a79ab5de09b62f12481fe9208228ed6d224139f3,M,Data,2024,20-24 ans,Île-de-France,12507542,18.318,7.0
278e21d0e86a78cc3caf91d815388fbd000364bfd9a10340ad7ad28a976e879c,3143ab106af17ef14993198b12f9200720589cc19b3b9145c5021f2cfbbc3b49,F,Data,2022,30-34 ans,Centre-Val de Loire,2588006,3.79,6.9
d2c19ea31762816570d6b8d5ccaeccab928f4c707ade36db2c65539365412e02,2f1b5ed1f2f6dec3dc2c77e8a885f21a16b69101748674f583e09b6a96a6544b,unknown,Data,2022,35-39 ans,Île-de-France,12507542,18.318,7.0
4a960860640123e4507d77b61ca6228de05a1b1047227b6764952c8a8fb18717,632da49fefdaec5a2a983bb6411966f42ac70d17245acba4aeae58c4fba2dca7,F,Data,2024,30-34 ans,Île-de-France,12507542,18.318,7.0
6a0ebbe6a2d901ed7d839754313146f6bf73eaf8c329a5bda15b5af0f0564af2,52b7ea603b38f97a390fa9857ae8df579ac05d19aa2227d3f9708d2828ccbfac,M,Data,2022,50-54 ans,Nouvelle-Aquitaine,6181885,9.054,6.6
c7987e78887123f4282d38655c583a7af7bb3c33879c14d93b1aadeabed82716,e15eea5445da0a7d03b030a7e73d14ac817671e146417c5e823b89c096f516bb,F,Data,2023,35-39 ans,Hauts-de-France,5983840,8.764,9.0
12462551fdbf07ccd106b848970c4a8c25648676a49d4cb3a4121d69d4e978b3,dcd7722ce1c84ec20d083a0c74487f1615cf6540656b32ca9f8966cfdce1434c,unknown,Data,2022,30-34 ans,Île-de-France,12507542,18.318,7.0
b191bd9cdaea9ef2ab5834fe0dc04284084936db5d81793038678647eaa89088,69ef728ff80029dd33fddd365e6f47f3912151542835b10c5c88ade4487b59b6,M,Data,2024,25-29 ans,Centre-Val de Loire,2588006,3.79,6.9
f4e186859a246132d5aa20de11e42e0257c2be77881f8a5c416adaaf1d4d71c4,4c501944dc213fb511f0e46da16a87f5bbd292cefec4a236db4b1fab1e61e22a,M,Data,2024,30-34 ans,Auvergne-Rhône-Alpes,8238335,12.066,6.4
6747c41ff984742a512f1aa1701e4ae6e3d2886887da23de912ef253bb43f3d9,de141340353b296a1349c2ebbe72dda4df24c2016caef65545c0e647ca7bac09,M,Data,2023,50-54 ans,Île-de-France,12507542,18.318,7.0
f10ae1ee38cef3888cac29ee2c07c51462432c428ce1f084ada7dbba5860154e,a0c432b378689cd48ba1daeebc36aa605dbcde596c6d6d254280bed03601d57b,M,Data,2022,30-34 ans,Occitanie,6165869,9.03,8.8
49deec60fd899fa801a91efab7cc40a084dc5a257ce0cf0ea796a952d879ef7c,d75284b79f1f82fe585e92d2e34fb71b16882ef66f65fb3e3dbaed5ef25bbf66,unknown,Data,2022,25-29 ans,Hauts-de-France,5983840,8.764,9.0
ec4191f6fd0dcbf6549f6ff0dcbd9827dbcbe1e6fdf43c169a2642f680e420b1,dad81b87e7301f489c794cb862ead6a274e12f88c0681285ea6ecdb737e47bd1,M,Data,2025,30-34 ans,Auvergne-Rhône-Alpes,8238335,12.066,6.4
ab60d56d6f935819af661c4d2e43da4b454b5857a3dc8d0ca827b68f01daf542,d102f50d56d09d3ed54cdf03f44e731a3582a365d6f516990ea9a1883c3f3734,unknown,Data,2022,25-29 ans,Bretagne,3469711,5.082,6.0
3c227e7742be3e1d8444b55b499f216f6da34f027e160d4c71f8c6d660007ad2,ab8dfef8bda36bfa2383be91efd63aaafa88a97c16b950ac4ddaebaf0a793b4c,M,Data,2022,45-49 ans,Auvergne-Rhône-Alpes,8238335,12.066,6.4
cde0f33e567602b3e48d361d54bd3a5c81dbfde5739579103b815c83eb6ad3bc,b5eceba95401b80f19c77133563c6765293aaf5d2fd3dbcd4c0943a39416e274,M,Data,2025,45-49 ans,Grand Est,5557457,8.139,7.3
771011bb21d28db9891f0563671881b02ba530fc2f36fa3b0ba8dd68f2871579,6d542aa04b1823c3d6ed0852fcb52d8cf4db8cfdbf0018fa7beea97666d956b0,F,Data,2025,35-39 ans,Île-de-France,12507542,18.318,7.0
c13b9c378c69d6ac0b5650fb2a998d6490dbf25bdc5a4b7b88548a11ab85adf3,b77c0c2982a3558469bfb892d5d5f05fd7314057b931e3d4b9d13d5f6c7d055e,M,Data,2022,35-39 ans,Île-de-France,12507542,18.318,7.0
5bd6045c6dcd0d1f99e7a6f6f2bf49fbcd46b7ae9f46075eff01c995bd181c8c,672774974858ef455872858bcec0b1fd093f296fdfd26c6191293404f497d450,unknown,Data,2022,40-44 ans,Grand Est,5557457,8.139,7.3
c1c4872ef87081d660fc4e0c72dcc65d6a18be048bdf41edfbfddc4fbe9317c0,cb8903b4140b476cbb1dc74f0f9173b9afe03690bb84dc7e48111c21c23b9a40,unknown,Data,2022,60 ans ou plus,Île-de-France,12507542,18.318,7.0
db920b71745e320322f21a6fc6382e413c9fd51c88ce7ce34adf4e4bb1fb93f8,8d54eecf48e28eb4f01e721f6c2564f88e3a0430655ca44d20645f6187847c53,unknown,Data,2022,30-34 ans,Occitanie,6165869,9.03,8.8
d34431c945d7fbe5cc7a2392a4c7a24cbea55427ed16583cc80949f4cc989367,75b8c4d49e1d484af65ad13910411589c2827842bba14b51480a0a4f50916e42,F,Data,2023,40-44 ans,Île-de-France,12507542,18.318,7.0
aeec1072989609c9edb2bce1c93487963ff4e7b9261df677f5be880873aed50e,b322aeeb8a2e3bd243cce920394cca3dcd9a62841918057fc1623a287989c8d2,M,Data,2022,30-34 ans,Île-de-France,12507542,18.318,7.0
64b958b4afb46645b41b006be8cdc47d115c0161a6145e791e2faa5ffe192e2e,39b197256daeb2e94858979c6ec8fe15dd6c55df49d173b099f79844f4a2bb45,M,Data,2024,35-39 ans,Centre-Val de Loire,2588006,3.79,6.9
f1763875add7bd5f01e7c656e7a168f3f583f8bb65aa64373aacb353bba6aea7,0497b2c3e16056a7900c9dbe28b7a0255a23a82d4c797679527688ce44ebc4ce,M,Data,2024,40-44 ans,Île-de-France,12507542,18.318,7.0
5b0530c96dff48997b53416a2b584f474b69d13d36219055f424b57738cd6dfd,4b86f25f67d216b056407b3b89dbda082790c85c214df0d29639291af39e8464,unknown,Data,2022,40-44 ans,Auvergne-Rhône-Alpes,8238335,12.066,6.4
ae92931d3e895708730cc180897e19385671ab5a7120ac07e3b8208afe661a62,640749d6e5faefd47155aa93e21b3f7d708974657e22917165ba54d070bc123b,M,Data,2023,45-49 ans,Centre-Val de Loire,2588006,3.79,6.9
b2beace0330d86b2e0d62a24e24fd051c167f75041c69a688dad3e5d830cdc86,bcb671ffdcc5028e14971a8fbfbe05200daacd99fc4e6195bcc2178e73655b48,M,Data,2022,20-24 ans,Auvergne-Rhône-Alpes,8238335,12.066,6.4
387e5568a3a62110035b3a82f02fc82e262b6329e8d1cc26e330430c0998bd71,905716d41021fc2172bc45e1da9edc1a4c03058b72c5e8b2c5f2f53bdfd2109a,F,Data,2022,30-34 ans,Île-de-France,12507542,18.318,7.0
d46ebd09372e83f9c56a60b67cb5fca10fb7b12cf0e997d0a1afb0fe48d02221,e8388562a4b284a1459850a7736a3f7ddaebfad5b0afcb762e1f390a07890d57,unknown,Data,2022,25-29 ans,Auvergne-Rhône-Alpes,8238335,12.066,6.4
1569e2435336169a0cf5f202a9c0714d9267083836836bdd60582c01ddf74c2a,646c504bf7cea99fbe90510088fe2585503da5f1ea2d6356537a0bcfe4ad9bf5,M,Data,2023,30-34 ans,Centre-Val de Loire,2588006,3.79,6.9
242561616570309fe250b6c2d7b7806c4e807b2f563b8a80f5f4f84ba7fb817b,b11089268a64ba73564e0435f7e2cff1c74888be8a1d4161f3180d7b0cebc21b,F,Data,2023,25-29 ans,Île-de-France,12507542,18.318,7.0
7775b9e8e5428aaeb88df04589a670238d70a97ba3eba9d6c0dbd0d372299fd6,9051cddf7232faadbd55dd1c264c0d5fc2f6cf1b708eccac8b3ad2491721be40,M,Data,2022,40-44 ans,Occitanie,6165869,9.03,8.8
20ce3e23cd9347b4e3fb6cdf586c3f69d8636bc55231f82bb8ccced65fa630d6,562f78e3443676c1c07bd273e7f5f0be7def1aafb8b142da03e337fea73c2241,unknown,Data,2023,35-39 ans,Auvergne-Rhône-Alpes,8238335,12.066,6.4
e32b60b666ec28ce612a2ab840365cfe29693e3abecab3c97681a743e625e313,0d3beda23bdea8af78db28eab3ce6d78bba3487bf4c8d16c1efaea4ae3116bea,F,Data,2025,30-34 ans,Île-de-France,12507542,18.318,7.0
8c8bc12d39a17a3f48345752f619be8307a9fdf0d703a25576dae54c5f20c3c5,9da0098da2f230da6030f04207ec117e25ab6a76fa90667359b8c192f1cb0527,M,Data,2023,25-29 ans,Grand Est,5557457,8.139,7.3
aea3ded78dc99d76411193b6ca2d98ef5f6042b206f6f5d91158daa240d1fda4,858df208149293894866b3d62c7a7c2e7839b19cb111df5577510b91393a9454,F,Data,2025,45-49 ans,Auvergne-Rhône-Alpes,8238335,12.066,6.4
5f5b7d4ff7a8c54360c94a1ff94368a9fc3374a3e3b0b9ee4c4c21d2307ae138,7109fbb84e54e28ed5248962fc12b704961097125ee532e19a8e094b9457c3fc,M,Data,2024,25-29 ans,Île-de-France,12507542,18.318,7.0
ed832d4f583a489657a67fbdea192f664e1a1b375ce310bbf62799b2d1daada9,3093351833dc06c162b95165a013057c98c197acc0a9d63b9fc3929f711800ae,M,Data,2025,35-39 ans,Île-de-France,12507542,18.318,7.0
6bd61a55445242e4f0495a000f6c80a6923bd882fefa3db52f35d490419a2bbd,44edc57ee04f8adb784ea3c70f85697981865d465386b083fbf6a1ab94df445a,unknown,Data,2022,35-39 ans,Occitanie,6165869,9.03,8.8
c9ff1e9a60687fa829e3881a808c61c7d2d1b29609e848781eadc7ad52f3c3ea,800ebf34c7985ce30b7367ff79010e654d07a4b19e598aab21c23280561c5df8,F,Data,2022,35-39 ans,Île-de-France,12507542,18.318,7.0
0f7dbd2f4645376fac36f609795072947f20d3f7f98d01e3d499ff916408efc7,6550edeea8e30da9198c05a7ab76a34888a3b9dc44aff3c818cd08e74470ad26,M,Data,2023,35-39 ans,Bourgogne-Franche-Comté,2800180,4.101,6.6
e52127a909840bcdf78666d8ea9e09ebd1527dd227ee85f87da93fba4dadfefa,b97def59059af650c7681a4052ee500a4be67f3a6dc6d6512fa09ca10d9cf695,M,Data,2022,55-59 ans,Hauts-de-France,5983840,8.764,9.0
2e3099a8ab521a6f3f71889c48ffdba398d45864addd362ebae41f823e4e11de,48e39beb1d1f33c928df94510a8bfe33a44b061978ac9de9184fcbac55ab5b03,M,Data,2025,30-34 ans,Hauts-de-France,5983840,8.764,9.0
e5b6e8e77746df0e3418f5d59a023cb2aa8df757513aee1172a022086a603b24,e9c6c8156c07b9746406915633b98782275cb7d4efdefe6a5faa60cda0dd832f,M,Data,2022,35-39 ans,Centre-Val de Loire,2588006,3.79,6.9
e52127a909840bcdf78666d8ea9e09ebd1527dd227ee85f87da93fba4dadfefa,673d441fde0d23be9e19a90d160806d46bdf43d083acefe51b4136a0d21cc059,M,Data,2023,55-59 ans,Hauts-de-France,5983840,8.764,9.0
3ddbb10adf342a678b2f8049288d1e2652e19f5580fea39b0ab21ebddc76ab90,7aa533021a6bcd206d627327ad59a554eb179e71345894b7c8f86dd3dc0813c7,F,Data,2023,20-24 ans,Hauts-de-France,5983840,8.764,9.0
54cbace021231c8ce8d29e733847996ef9d69de54d78da87070ebdfbb68e2436,4b180e6845b7189918babf0c97bcf68208a85610f0d22e6d61f5bb3b43a5291f,M,Data,2025,30-34 ans,Île-de-France,12507542,18.318,7.0
be1e5b4c48cd334dc289a6ec88d0a2ae8da36f149e3f3fe0a215288866db73b9,ae458593f7e656d2e78b212ca2e5090bd9d3f23c0a5b7982c732bc02df9826dc,F,Data,2022,40-44 ans,Bourgogne-Franche-Comté,2800180,4.101,6.6
0ee986efb8f89771453c75b2546899822bd1be0fea0b9d63eeaa95dfb82feb45,5d783cb7a56f6630d760d5ca142d9182b6ea9662f6149d53f493227041d164b3,M,Data,2025,35-39 ans,Île-de-France,12507542,18.318,7.0
27e2ffe8c4aff72cb1067cdd079f8283becc0419ff3a2dd739e6288f3a406f16,0949d6f734ac39921ffc890e3f175085ae82f8f7361e8020cefe033037161261,M,Data,2025,25-29 ans,Île-de-France,12507542,18.318,7.0
4f689aef9947c99c174338d05eda07501b61a2d7ece6dd91c83c2e6e3b131576,133e4e84fabfdec4e4a8f427d0956f56d965564ec8a30529c2aa44d2a12330fc,unknown,Data,2023,30-34 ans,Île-de-France,12507542,18.318,7.0
1df389660f1bf55be30ed5c6f6749370c61b1d0566fca48c9447701e039380de,fb46a53054472d624c86366500b243760ae3ba7bba9d682d9f865f67b767697e,M,Data,2025,25-29 ans,Nouvelle-Aquitaine,6181885,9.054,6.6
e665c958834ab2788c68c4faf3ed83ecce8a3f1c4caaab89e5af77dc350a42a0,497b52cc551c5563e091049ac5d503e55ace47df128051c52a36e9d5d0a9128a,unknown,Data,2025,25-29 ans,Île-de-France,12507542,18.318,7.0
3a5745d5b3b8671688d952db97d1c545f419e5b38961c870912685285f4eef9a,ca18fbe3f96b39ed8e78942e54596e3788478ec9f194695c62e321bb0cadd8ad,M,Data,2025,40-44 ans,Auvergne-Rhône-Alpes,8238335,12.066,6.4
daa5cd21273dae87df2d19d3a74c05c78024c4d3d04578bb3575e5eca4dc0407,a6751e49ec56d6dc30ce66140565d3ac17e6b200cdc066c1076b5ca032a169b5,M,Data,2023,30-34 ans,Île-de-France,12507542,18.318,7.0
daa5cd21273dae87df2d19d3a74c05c78024c4d3d04578bb3575e5eca4dc0407,0ebe849a3a582eb4bf732cbac97f6e8f9678004c80af055b264dd821c28e0109,M,Data,2025,30-34 ans,Île-de-France,12507542,18.318,7.0
d8fa264c3fc03f49af066931daf030db6fa67993c77ff93089d009455f84c5c4,9e878e8413ed7ca4f3ebe976b589e8a6d3bcfe6d56c5c5207616abd336728d4e,M,Data,2024,25-29 ans,Hauts-de-France,5983840,8.764,9.0
3f4b262cee49cbef7e886cf8008358b2e56288fbe02fbd8f3cf78bf32cc75eae,d50bf83879bebdea4c11fb6b3b5e6eb84d4c123fbd28730bd054db8a0e59bb86,M,Data,2025,30-34 ans,Bourgogne-Franche-Comté,2800180,4.101,6.6
aa3fc3e03cf20a65358b3446a226fde77a7888dbf28ba562bd28f54b95f7e6b7,65e56cdabd074c2c870c836d45e3e1061148ea0e8cc29d22f16362957d9a085d,unknown,Data,2023,35-39 ans,Pays de la Loire,3926871,5.751,5.9
9d49abc61e43e960e8140907fdcf29e743da3321a8d3ef69aa7ea365b489352e,5f950f9ac6257324819f90331fb67b37db8fc22463d67e2295b71c93cbaf95ac,unknown,Data,2023,25-29 ans,Île-de-France,12507542,18.318,7.0
2b6e71d893bed1cb5ac36fe0cd553bad79dc823018573ca1416935af0f960508,74d4001c60d23d4e1ea621c99f24781c4ecd626df50cc6d67a6fd0ee4e2e8269,M,Data,2025,25-29 ans,Pays de la Loire,3926871,5.751,5.9
776c47d7da9b6e07d52e1a1450fcbc25dab4d25542183ed61aa2def413cf71ef,85ffcc45fce534d51cc833e58f0d8c69dc64362250dddd2944cb341d0fcd0a7a,M,Data,2024,40-44 ans,Île-de-France,12507542,18.318,7.0
19d10475e790ec842ce99d462f64c6b4661c0f2005ae910d9e7f176c13c4b6de,21172f8b61045aef6719ccf2d14491e19696eea33b29513566e140301f56696d,M,Data,2023,45-49 ans,Île-de-France,12507542,18.318,7.0
5c6f16cdc59f83520331d5e781bb5c3afe36eddf89346cd5eb11cd0da3776534,2ffc9416d52b4527ccfbdc509051737d7c0ee02b1bffb9731b23b4599573826d,F,Data,2022,30-34 ans,Grand Est,5557457,8.139,7.3
ebe9deb6b597a79a7f829fa0e9593a3d0d69170dfeaec6f05e85a5866eae5aae,94b32513182c8ce242d343d2cb545f507931054651b6e3cab3e1f0acdb327a13,F,Data,2025,30-34 ans,Grand Est,5557457,8.139,7.3
45dd31770e8b95b78663ef129e053d676f9671fe971c573e7974ae6788d9cd92,8d664a9d64bb280ab0224db251c8c4d94b25dc944597a8179f2eedafac8ba92e,unknown,Data,2022,35-39 ans,Île-de-France,12507542,18.318,7.0
a60cc952a4b97cf3cea3d0c95e6e02fecce19543351c9b9d451d1fdbf58fae1e,f840b3122d18803d438170ebe3ae6a44aa1bb763408189899d072a4d66192208,M,Data,2022,35-39 ans,Île-de-France,12507542,18.318,7.0
a0d0d014489180d252ce7fa6c99e3e86156ab7c5ee8127b6d4a996ebbf773b5b,465e9a73d2929eb16f9d2ba5d828ce199a8496e74fb5993dc031a33077968e7d,unknown,Data,2024,55-59 ans,Île-de-France,12507542,18.318,7.0
0776ebaab70f39ed17b2251fbfd479c3f75fc65b7a15ab759ca663b952529a42,ce045b113002e7d66e564911d31fea607c8a6f60fefb7dc1b0e0f6a6efc35ae8,unknown,Data,2024,30-34 ans,Hauts-de-France,5983840,8.764,9.0
fc97b9f7542d32cec2f0fb3924a4aff7b169f22e31fefe12dd677d1d83cea8cb,077a5644445c6996ba1368db134977d4f450f57f6c19f5602f1246dd708a7b47,unknown,Data,2022,25-29 ans,Provence-Alpes-Côte d'Azur,5252362,7.692,7.9
67acfb53ed56cff498d307721b900e54660bd3b00f4bd02d0e5e87ad1ff4b032,cc5fbec1ef691042c822d346e00d608ce09e2b3741582c27d29fbe10f7c31710,unknown,Data,2022,50-54 ans,Île-de-France,12507542,18.318,7.0
b9bea352a1f12fc94f6afc38e17235e047ced6f622363b2e2a1ce33e874157f5,c7e4a880532eb8d27b3dfd1fd556b50f6221563d44b3f9b108190779fcf630d2,M,Data,2024,30-34 ans,Auvergne-Rhône-Alpes,8238335,12.066,6.4
0a80730e14eb4884c027d50987a3b263b0e845e01bfc8f0710470d25896482ff,0812e073963cb23a88f8e8cd51ad5280788100b439c6153bc731f114a86b31e6,unknown,Data,2022,35-39 ans,Hauts-de-France,5983840,8.764,9.0
e40cb7776beb7b23c34a4c26c0684c74b16b92b3d2be8072353129f0c67f93d1,8e174117d0b7a0265b1b5d38b64544487efdc31b8a30dcbcb073bce485ba4682,F,Data,2023,40-44 ans,Île-de-France,12507542,18.318,7.0
abcfa6c5a4b5a4a814356874529e3c62cde02ec5b8ad1d06e9fd23668a9a7272,738da18e5b506b1fd910097b7c0f6cf1693c9edc1edbdac89f85001bb41631c9,M,Data,2025,30-34 ans,Île-de-France,12507542,18.318,7.0
809d9c9c9ebc1aedf02b17aed17b08de472a6a5812b1be05a6c6badc84fd80b6,f74bdfefab9bf2d8d74926fda6241ae93cf5d585ca365761ad4fccfdfafa653c,M,Data,2024,45-49 ans,Auvergne-Rhône-Alpes,8238335,12.066,6.4
4fc558683de719eaf04b61636840c5c9dd17f66cbe420fecfdb4372315f84039,a04d9934df9dbcfaaf22c226f2e3639942fb3085f959430d8dc84bad5708793c,M,Data,2024,20-24 ans,Hauts-de-France,5983840,8.764,9.0
6663c0a82b35e4de8bdf3c2cfa7165dc7bb997033030c50af60525757a310053,02a298b7bacddba3371a91d14bc486bd60bad862febe7079794662f020f0f935,M,Data,2022,30-34 ans,Bourgogne-Franche-Comté,2800180,4.101,6.6
df50525320b8ff3d5df4cd59b3129d196dd963893d9c4a8cd5fd71afe4630e54,08533090b2b88053e98e25a981d1b3d025a722088df9fec33f75102439852a80,M,Data,2023,30-34 ans,Provence-Alpes-Côte d'Azur,5252362,7.692,7.9
2d3597df6520ffd652ef38dff0df75aa1121aeef5f39a6089f7504ad933b87a7,97627f60af31e698e7aef89439180482c97e54374abbba2acb1f255f6b15a971,M,Data,2022,30-34 ans,Auvergne-Rhône-Alpes,8238335,12.066,6.4
52f500fb37c2b4be5efebee71a7c0f918efc42b6e704fcd87ecb533af857a187,5003bf79e5062332c4a0a0c978b678fa594e84a64c7f873d68ae359e5c397c3e,unknown,Data,2025,35-39 ans,Île-de-France,12507542,18.318,7.0
5df62e9ce2cc5d4d86db2e96968f6ec29322ba995d27eb7db5c14e695169d8e7,f56f5dfce56df39d63c523273c279d69c6a412824bb50b0ce24415c0b0df2437,M,Data,2024,30-34 ans,Provence-Alpes-Côte d'Azur,5252362,7.692,7.9
50506386e0cb678b08ebe63f49e874c61f46a9055f7f886ff8f23479afdfe9a3,900a37f68309b63915381c5698972c0da71dabc8a054e4e9416eab49dae0bafd,M,Data,2024,20-24 ans,Grand Est,5557457,8.139,7.3
666574714faca8aa817dd805846a261c50b8c202146be25abbdf5bb37bb8e820,d0c92047cf1876b51c41622d2c65813c7e499d53001d1473c091cc7d6f5e399f,F,Data,2024,50-54 ans,Provence-Alpes-Côte d'Azur,5252362,7.692,7.9
6b4e81db824a4d979d7d6af958c460dab7f4b8b7881b69c6bdfa2b94a0c796e8,8e988631fd3b7fe1347f5be030b44739ffe566b15c4cf21868e6f036ec883848,M,Data,2024,20-24 ans,Île-de-France,12507542,18.318,7.0
e479935f90c57a02b26ba28f1c725a7a0f54444014ab60b8058f402b7864eef0,f720c601ba457c430acc93300dd8639f5660a4604fce769aa37a4f8a9d2974fe,M,Data,2024,30-34 ans,Île-de-France,12507542,18.318,7.0
325ffbe15f068829bd7ee1691391de12e2bbddfc31dfd8448acbe88a33fef722,18a4f25d8d58abb8e95ba51c718c76e8f5c0a8f804dc9b5c11b552a82eda5794,F,Data,2023,40-44 ans,Île-de-France,12507542,18.318,7.0
68f667e92b3266df0c7f8914394a71469f808fc6b962a4bf0ef8ee4716cc95f3,295e2351ccd192a1855057a692e2013566786a53f7e36092b9aff8dea315a808,M,Data,2024,50-54 ans,Île-de-France,12507542,18.318,7.0
f2e82d004e69634f0ab4491b31a356687cfce76b022ccdc63634bfc0db3d2e64,1a5933113f89e0768448a87f46ade00b06b2464be515ffa3dafc4a8348fd44cb,unknown,Data,2022,40-44 ans,Île-de-France,12507542,18.318,7.0
8e62804b81c56be6c9ac98049de1e73785c6ef62db01e00e36ef41b09e3d59f0,a6d2b02a2f1350e881f3d9fd925ee61fd7dcbb184f321b3b8447305134966afa,M,Data,2024,25-29 ans,Bretagne,3469711,5.082,6.0
9792e9d670b6f61bcb2da21fa6bc2c7fda3abae94a4a8ce36e3283c95dd67376,ba1a2a0fdea01051ef14d5a2037624cc364b1f0e07f346e9f23db9f5ff22ed05,M,Data,2025,25-29 ans,Île-de-France,12507542,18.318,7.0
52d8d9e319e41c5ac56ec82438e706053948e0212ee7d130c5b7e624e8d901c1,880899033a22105205b41ab85493a648fd3320c21d06f4150898d9e2f7bc87fb,F,Data,2025,30-34 ans,Provence-Alpes-Côte d'Azur,5252362,7.692,7.9
a2f4e8e285aca51e78cc6b9af94958a230d67d94f5d78aba917d22d8f36c424f,adcabf9c90cc5558d17e3cb7ef590e4942ce3e892c2a8f7ad731c4563a5cdb7f,M,Data,2022,35-39 ans,Île-de-France,12507542,18.318,7.0
4128cf2fa9ec5413af0c19231014045515453cc37493c4ac8b4ab2cc86886bc8,91f5534d47c40f8d8e0cc9d992d8645554c8fdbd2f86fb10d868ed94b469e307,F,Data,2023,30-34 ans,Auvergne-Rhône-Alpes,8238335,12.066,6.4
e19192b724f3db034f77074cb185f102dfc4e83b452f4164e0908e256cb2ee75,c7fb0f180833373af9a927b08717feed74e1d4731b0a77d558a9d871f222a330,M,Data,2023,35-39 ans,Occitanie,6165869,9.03,8.8
6059b61ada6efdb2d4fdf2cfe9b401c17b4ad34896dc5eaa0b14becb13da1d8e,0b3e233a9c5bae3f2825bc3dc5c8c07c8f02fc020a6d6180afa561b7947683d4,unknown,Data,2024,45-49 ans,Île-de-France,12507542,18.318,7.0
38a5fd79a9848cca854bc9e5c8543f5c27507cdd63446b1e02bb7246e4ca29d0,e8d2466d850cd6c91592b82a2ad83e4ba9d3291779e05e207353244bbe18d382,unknown,Data,2022,30-34 ans,Pays de la Loire,3926871,5.751,5.9
f6b8bc3a991b71d942480af6af3c9b39d8e0c3f3a41ebc973a3b786f71d15a4d,735892e9dca1d7c3ef8cb59f34b59c8577cca5609fee6fc17a80212c56ddf02a,M,Data,2025,25-29 ans,Île-de-France,12507542,18.318,7.0
e0cd1da04fd94ca90864149c2a88a83c13f5bc73bf36bd7268d3233fd40b64a1,c72750f3973fef30b315951945fd5d568f4dbc22c000088c9b25b351a058747b,M,Data,2023,35-39 ans,Hauts-de-France,5983840,8.764,9.0
51c3d0771293452d211f4f7a3aae46c18b711acd940b2dadd9a18cd3b23200c2,5a5506ebead0f29d19bfb523ded41fb18ff4166e1d72f5733d3d3cff2b9cf8f8,M,Data,2022,35-39 ans,Occitanie,6165869,9.03,8.8
964aa6bdf32dbceed8be75151cec19c92d08b90a1bd27d2e17764baebf498979,59f426166d3d21e2409cea38948e1eace7ade538ce0c21aaba0b23417135c1be,F,Data,2025,30-34 ans,Île-de-France,12507542,18.318,7.0
9c4614230087d0daeb39b7e2c8f4570ee6c0e44cd7c1edebcddfcc264da5a58d,c7b597b1c5dd64ca0d993b022c08e1a7a9cc3960d2fccd6b7aca35ff8e901063,M,Data,2022,60 ans ou plus,Île-de-France,12507542,18.318,7.0
186a28ac66913b215a7f2b24272a38a17ddd4b002baf8aa59e52e42fca35db0a,5d6c8aeb4591b9d3fc1cfcaef7ce0be475aafb03596c0c3a8ab4e5a07c358866,M,Data,2023,35-39 ans,Île-de-France,12507542,18.318,7.0
81678d9be7b421f3fe71e94cede26f1fc925af682f057c47a54f73fb69f5cba4,1b400082b929f496f866854e9d7d5c57dee76c11fab8d8b627b1ec45de061d73,F,Data,2023,20-24 ans,Île-de-France,12507542,18.318,7.0
d95f3148ccb71f3f2214326d3b2f2fcb5331a488043dc814398eec302f83d463,be8906b757b5e84f4acf1c559e9b574e5a2ed11be65f3aa9fb5ede94a1eb177b,M,Data,2023,50-54 ans,Île-de-France,12507542,18.318,7.0
921dda9d0fe071a38acb761a360f8b96931cd239ac087d28ab605e9c41f407a6,1f299d4a7385f92d9051e4f45c336452bd3e983bcdb8e22e3bbb256da23d3581,M,Data,2023,50-54 ans,Normandie,3348960,4.905,7.0
106b58e75b70f90b9121334ec30c841d986a0099bcc73e88f3ecdd1533ed4e52,54cce2dd6356aab8e6ab9fa3f05ca5f995e9d48bef6827728f7a02701767c398,F,Data,2025,35-39 ans,Auvergne-Rhône-Alpes,8238335,12.066,6.4
f6c5d3f69a730ba433719476ef67abad025d07105fba3b201466e588fce0c87d,551f8f7c63a4c0b44ab5a4624492b9c9f1e4ae6ede66acb423074945083cdce2,M,Data,2024,30-34 ans,Île-de-France,12507542,18.318,7.0
a459ddc4e59a8a7fc1b3994f054006682b4de0af7b48878232af6c9dfcebbcb3,a7bcca8c6e8046d45ecf752d0b515e3f1bab79c10121866e4cbd2b1b51b0b5c4,M,Data,2022,30-34 ans,Nouvelle-Aquitaine,6181885,9.054,6.6
7807484b5c2ef5f02f6f9a14b543993f35eccee1eb868ddb5ea2e473313aa750,9f76c1dfafadffdee2b872ba0a9297b48294e0a135d2ffee925a99816d510fee,M,Data,2022,50-54 ans,Hauts-de-France,5983840,8.764,9.0
eb3b5e200b9bf71ec9131b5f2019d5e7ded394cb52d7b44d0a5349dcb29ea6c8,7937bf3cd041e05231cd1671f1e8aa7c44b05ee73e2d82c877816f0794074032,F,Data,2025,55-59 ans,Auvergne-Rhône-Alpes,8238335,12.066,6.4
6965a982eb066c7fcdab2ba60340def6f13481300d89f824f988101ffa101bde,0ec6e0e100dde0be9bba72e735908d304884172b3e522550f559a6f4a194463f,F,Data,2024,25-29 ans,Île-de-France,12507542,18.318,7.0
2fe1c4f14c4dbb6b70ce7792942f66ee9dc0adedda7ac02b06a2c42ba6e4ba42,6b80a24a97ddf0b5802217fc7d9d4379315c5e7d89833dd0cb7d212606aac99d,F,Data,2022,35-39 ans,Île-de-France,12507542,18.318,7.0
6610bcbd2417f196cdf1b94b6ffdcdc7ce0f2c89f14527725ac8320285f7646a,d349b3e10976a5670156cbd110c3d904538e38d935ddbde4bbd7f682ef9abde3,unknown,Data,2022,35-39 ans,Île-de-France,12507542,18.318,7.0
4b156dd3bf140c5541a90c98abb0da7598e70740c70fe53e6946913ffb94b72a,949f97f92303c1e9ef4bf7252331c6eb574615e68793cded8c17a97fc9d36328,unknown,Data,2022,30-34 ans,Île-de-France,12507542,18.318,7.0
b4fe812e2b43518d8fbb67199d330e0e0b0619e546a59939f96cc7853c6c3dc1,074e0ccd31dfb3c7306a967f22d83987d680ffd189a0f4ba9809e13759d82bcf,unknown,Data,2022,25-29 ans,Île-de-France,12507542,18.318,7.0
20d9b057a264c5f85934971dec5a3f7fd592cd443338067c55a4e7d6614efcce,a40a91aaf78f652395a1386f0bd53dbfdf645356928693489c98a4e2a008aad4,unknown,Data,2023,50-54 ans,Île-de-France,12507542,18.318,7.0
56c5627f5d5d50200e4af1756f4c32b0099facd5fd4bddf55e557f361188f898,c6f3d9dd911b868cd147a86a43f645da09b2999abb968986dce1b96d1dd94b87,unknown,Data,2024,30-34 ans,Provence-Alpes-Côte d'Azur,5252362,7.692,7.9
681d6c69a223cdc79ec8b2390b6fcf87d4244df45c53b343375b90fa0beac712,f5f3e6509c4661a9d675f4907a60881396aa85ac33f2bec6d44f654cdb9f18f8,M,Data,2022,40-44 ans,Île-de-France,12507542,18.318,7.0
193bc2b35d65d21942953854df4e2286dec48fe038f9394a092a0247e0c2d4dd,84d625d46504b5a7b2326d94b87c6e1f4532912279150538b4a20bb960ecdf39,M,Data,2023,25-29 ans,Île-de-France,12507542,18.318,7.0
a3786e5e36366fde063efca454981292adc74e5513e196a0e5e48a73eea1d960,c631d25eb4c21df4ca66a65add8cf02daf3b15f43e7ebaf1f7a47d6fa3d69507,M,Data,2023,40-44 ans,Île-de-France,12507542,18.318,7.0
279a766d4d58560336f1ab42271f03f10b543eeb75a93fc4ab337d8b5398f0b4,2014e1ce9ee85ba7a1f1ee7859471f68cfab6dce0452cf7670bf6f8e26ba4b63,unknown,Data,2022,25-29 ans,Nouvelle-Aquitaine,6181885,9.054,6.6
afdf9edfe36bf6cd84d7bc998974cc57eb85de17947ef8c6357baac209c040b2,d5d087c82a053291d38e6ceb28f4735ad4ac7cee966cc09da1e550bb13d522e5,F,Data,2022,55-59 ans,Île-de-France,12507542,18.318,7.0
9a2a9f39ec9fd7a7aa0d2181fe837565301db4d8644e41ec142b84018b26dd40,ac7ee3d1ce42b1ddd6d16daa051ddae722577f961bc307f3fa8969e866bdb314,F,Data,2022,25-29 ans,Auvergne-Rhône-Alpes,8238335,12.066,6.4
c0ea02944624d57f67dc6ec5fddf9e892b7fb2a77f26c86d06d2253c5bf582bc,74fe9342e23bdaa36743083544b16d4c78fef622e0368341a58a175e411a3507,M,Data,2022,25-29 ans,Île-de-France,12507542,18.318,7.0
3d93706c14428c98c6a177d64cdae78aa8a40aed308a2b00d3b7aa95f17aa4fc,4edf554455998e531669d1dd59f13026e63ec2a87cda29316a4fa51cba6c0107,M,Data,2025,45-49 ans,Île-de-France,12507542,18.318,7.0
6e4b9252dcad9327aced306a413e78462e50f0b37f47f1befd61ca700f195cd2,87bf7b62587cfe581b435c08192e9c9927c8d3fe113408bc708c866791ea96fe,unknown,Data,2022,35-39 ans,Auvergne-Rhône-Alpes,8238335,12.066,6.4
5ce3d04be8c6b5cf84921bbaf20f84d92d5fcf1bd7b9c65f4d8aa35247a3a15a,011f652b2ec2914546e5bf8d93358fd39c86c806f96076c501ff2272e772ceba,F,Data,2024,35-39 ans,Occitanie,6165869,9.03,8.8
d8807ea23d165cf0e582d2fa162800b58175118638b2eb70eec2f8d9d87ec2d2,1ddc83e48cd874ddfe374aa8cf3a2d3102fa75dfc22c6faa1eecca57d4765e70,F,Data,2022,55-59 ans,Provence-Alpes-Côte d'Azur,5252362,7.692,7.9
5f167479f49ae3d1cd16ac5f57f43d03a65cc6274ea51b8fa96871d97a3273b2,a2cb2560729bc7d45b5e96b587ac8547296a9163434371a6f0dff0161527029f,M,Data,2023,45-49 ans,Île-de-France,12507542,18.318,7.0
2608e78a620718429fd915ac4a1a8a4ae93910cde8fe8925b15d73324f6080f9,4ea198cab288bdb66d2d8273280ea8f1f243e78c3fdb367d8c79507de006a87c,M,Data,2022,40-44 ans,Île-de-France,12507542,18.318,7.0
492c8d0c91e1254fe68aef8069b2a7c1432fe50e8d6eed9c13600a994ccc6f01,068d3ef9c00f38c2328ddf727cf480358d202780fdc11640be90ea79106bf577,M,Data,2024,50-54 ans,Île-de-France,12507542,18.318,7.0
4572c761957310d60ef6f52e9a47b5f54bd88ba06b4acc54c0880072783c925b,63f57d5041c933eaf02139b40308370b17aea81b11fb4254e4d6cb2824610c51,F,Data,2025,25-29 ans,Occitanie,6165869,9.03,8.8
9d47212162faf32fe6c814b3cca227950998dfaba2cdfe365887ad6f5dbf17a1,767a8453564be2cfff6b7d109cc8feecd9b62b47c69506eb95605a0e4630cc4e,F,Data,2025,25-29 ans,Auvergne-Rhône-Alpes,8238335,12.066,6.4
0958241c847825a6b1f49109ccfde7a1c80752a16e4071285cf4bef2d6179969,5fe4d1f997906b57fef675f0fd736a1033365211014cabfe4771201475b154aa,unknown,Data,2023,50-54 ans,Grand Est,5557457,8.139,7.3
96832348c470c9b28b54f534530406f15d0470b4a9bcff5dd084ba76daf16bf8,3d80ae34b93da105242f271ce9824c094df845f014ebaf5ebceed73b3a961e7f,M,Data,2023,30-34 ans,Hauts-de-France,5983840,8.764,9.0
ca5f033b622ca38fd121c5f18692d75032a87ea0e429fed10a1209b84e32dbd1,fb8f1f0bfd09e62f61cf5254805db8675e9aa50427ae30876ed3291fb3def359,unknown,Data,2022,40-44 ans,Grand Est,5557457,8.139,7.3
08e956bdf46a5754ca72005763ec898bdabf08ddb98a432144d02f35988b3dd1,58afb3ffaa8fb199a9822a5e816e90cb79ecc4a3c8dc49e1b9ce8d4e2bef8be5,unknown,Data,2024,40-44 ans,Île-de-France,12507542,18.318,7.0
f7b0d3c33f90750dd26e4f34288963fd081b9a9ffeec5002964c480be878113b,1137c638753add1d2b62b0d30e0ed41205dc0f4601cd054a28ac2f986aecf26b,M,Data,2022,30-34 ans,Île-de-France,12507542,18.318,7.0
eaddd8b8ea20a033383817a702d83a8b9dc1f77b5d9c63694ec6994219ab0691,7fb9ebe533931674b9e8ef5e9c3d84bd77099646c12cd8ec22ab625687bcfe1e,F,Data,2023,25-29 ans,Grand Est,5557457,8.139,7.3
adc214bfc931c91bfdd646c6121fcaa327900dea6c3abd34cc70fb8538254141,3ac54f863a66b26dd2e4842c075ba6d746e8f9ed29d670b1da70f00ab7a4d4fc,M,Data,2022,40-44 ans,Auvergne-Rhône-Alpes,8238335,12.066,6.4
6782f5916e01616174e81dc3d03350d922bcd39d2f123238be3f3c840df5eb88,207b0d7d323adb9a1d8d293227ae41ca16f3d3cecad543d7ab17417b6fc171f5,unknown,Data,2022,30-34 ans,Île-de-France,12507542,18.318,7.0
a661450bd340d40d10844c3d1ba24729e33f269279ea17b15d334fd6e9489750,7a7c7495c16132a968d5ec8210afecaa71f66a06b355df0111a4a638ecac58d8,F,Data,2024,30-34 ans,Nouvelle-Aquitaine,6181885,9.054,6.6
f8b5d6aa4e8e4fcf231f8bc1f4e5da0accb42c2ba13eb04470df4d50af499caf,188f60eef970612cffa55ddda8993dcc5d29931344d3528bd1ce78a3398e1390,M,Data,2024,30-34 ans,Île-de-France,12507542,18.318,7.0
650392570441db6020c41e3b47c6400284e5e37e87543a61f434530a48648f3e,66270a3d6b24813f7ae4734428898ccc55de94c9baae2df969adbbe8782efff9,M,Data,2025,25-29 ans,Provence-Alpes-Côte d'Azur,5252362,7.692,7.9
857165acc156bfa3f329062f6152573c86454bee9c4df50e10f3695473677cc7,180c2cbe833b51ded27a0684c94abd18183028d6deba94168c690c9200286987,F,Data,2023,45-49 ans,Île-de-France,12507542,18.318,7.0
398e1a77d0e560a03e31017919c461b87187ac5d83038f4f362343dc7824de34,71e9effae39a2d06365f1d66ab018faa9c024f4af47a3811aeb4a728da455c72,M,Data,2024,45-49 ans,Occitanie,6165869,9.03,8.8
53e76f64f6472eaaccfcce396f7d8a32f23e99d4cb44150fcc252bfb566c11da,06f270ec640486e3a380c879fcd3091974c711e8e69936e7a0f47f8e5319daad,unknown,Data,2022,40-44 ans,Hauts-de-France,5983840,8.764,9.0
dca19b2ee77700f0d298280db2af70d4c94298d35e7441677b45dfeeb7c06454,3ed0af1f1d1d8adeac7cbb4a224651f97c631537badafb6a18bff51c131fd9ee,F,Data,2024,35-39 ans,Île-de-France,12507542,18.318,7.0
4e1e5a1d0c3268a5fef05e6d8db56bd3710833ded6beeb7429e885282d6d7fe1,e5c29c0ff9a9fd45ccc9aaea392d468072f5baa3b08dcf3eab9e160582e7a387,unknown,Data,2023,40-44 ans,Île-de-France,12507542,18.318,7.0
69ede9d49ac38bb50bda686c6eadb381637baeb9f3c905fa227fb8bda71acf36,dec85ecdd15bb0944a5943163d6275cd1bab9cdea1d94f7a311ce3736e22f5d9,M,Data,2025,30-34 ans,Hauts-de-France,5983840,8.764,9.0
4c62a278642fda5e7300b4d14c9eac482de8637ec0af21b45ebf0affb496b44e,1a45640fe636606cd88af4e23440e8eee6c313267e049c5e4245fbfc29de3d3c,M,Data,2023,25-29 ans,Île-de-France,12507542,18.318,7.0
277397dda5781e540befb10f580b1a154bbd47127a9d51a247d7e9352aad3a8e,e6eb730caa390dd0fada0ca34b79708e6e5426f282a4ac7708c58a6af6df7ef9,F,Data,2022,45-49 ans,Pays de la Loire,3926871,5.751,5.9
9efe74139951c8a7846f276007774a1feea416119f1190451152c557e7c424a5,74e97b45e83e300e9bae858e5b01ad5eea031a921307d985f54db428d1a5ad11,unknown,Data,2025,30-34 ans,Île-de-France,12507542,18.318,7.0
ad14f887121f3f9cf5eceffa1192e2bdf893f05d8cff33aece9810c9fff4da70,acb670c07748a02a9e665f33bee391f30d3399b8c776a0a965afdfd74384fb2a,M,Data,2024,40-44 ans,Nouvelle-Aquitaine,6181885,9.054,6.6
75d7a15d4c00f02c21a1b2954e2c50cacadd9f46a19a2cd1c851c53116db9bd7,af6eaf568adcd721730d7ebc1b0122df22b7812a199f191d0d514ae21754a77a,M,Data,2025,35-39 ans,Pays de la Loire,3926871,5.751,5.9
973e87ed90259bb9b7524187a2abf862994768a5c802869aad692e04d441779e,c50b4ee0d077c4f031e0c8dd6584d5158837f1a05f3067c1a2411820160a0026,unknown,Data,2022,30-34 ans,Île-de-France,12507542,18.318,7.0
fab85664c2a473a60f608ac9cf5edfff12533416356827360f8b8c557d87a127,7a832c0828f86f9aff1cc60c822980c1ba281cd0e2a09a0009881317462048b5,unknown,Data,2022,25-29 ans,Auvergne-Rhône-Alpes,8238335,12.066,6.4
f6d3744f36c68dc7b88adb652f3d817cfef697a2a781475c0caec19e8bd679e9,6fdf31d14bbffc480da87f87c2617937230f1a8d9bc6046de6691d0bd522bdca,unknown,Data,2022,35-39 ans,Auvergne-Rhône-Alpes,8238335,12.066,6.4
e399bf9a2199b1b43d99de6fadd782e8608c29c77e22c18878c9ea1fedd5d021,168ea784facc46cd55b85bc7ee502c64f7c79205fc4548999df2d820eaf63388,M,Data,2023,35-39 ans,Grand Est,5557457,8.139,7.3
e27b27640c345107e587fe9882f93523ef10fd8b3f7614366cc67de2793f01af,3aa3b486ceaaef78b4b27d3f25521d5c8008ddc60553cecde805218238960792,M,Data,2024,30-34 ans,Nouvelle-Aquitaine,6181885,9.054,6.6
6e855babac8cf66eb1c67bcf96746aa85e983d9d1e9de558393523d44665f9cd,5eba70490c1fda31429c641d0d563c04036508361e6ee8c5a1c1b60966d555c3,unknown,Data,2022,25-29 ans,Île-de-France,12507542,18.318,7.0
168c5a62f1081b89f6a817715b8d1299a632219b3dcb055cba8e9982a89ecdd8,9c638ff3f906435e185e2aacc259ec4fc24b2e87dee74ecf2669477b23312498,M,Data,2025,50-54 ans,Île-de-France,12507542,18.318,7.0
253457c3ab058d1355421ded1fd261ef38ee9550cfacc51fa5c4b666fb16e426,53da4e3657532560073f70b70f1096efae26535429344ff206ac607e70a67e00,F,Data,2024,25-29 ans,Occitanie,6165869,9.03,8.8
24e2d242a4325750dd55eb4c7ebd53732787d77388a63d0aba964fff56a4d549,a3dd5c558fba61140af5e2f9d8247cf3201306b049ddfc14e49aa7e9b6e443b7,unknown,Data,2022,40-44 ans,Provence-Alpes-Côte d'Azur,5252362,7.692,7.9
458a2f8cdaa8909d7b30dc9efbf87e1bf61951f99b60daad8524bf3015d295a6,a629616daa814700afbe72795326671d3d869d5b62ead70435179a615ee1d632,M,Data,2022,30-34 ans,Île-de-France,12507542,18.318,7.0
9dd96085c0222608b818e1e48ff19d44f8dcdedaf6b8743b4eda6bfd0f54d5c6,06d66ad210cb786dd055acc4728046547ab9f1c3fa0afc8d25e3b2228724b42f,M,Data,2022,30-34 ans,Île-de-France,12507542,18.318,7.0
e6b65d48f663ac27d5ad571487e6c9738445d7b459cc3747c043b82763972f13,2aaaf9c71ade0e7828e526e80a1dd7641a370ce72cac87420e9ec6c9a06f393c,unknown,Data,2022,30-34 ans,Île-de-France,12507542,18.318,7.0
40d4aea9d2d10d5e269dafd88cdfc08b28c5e62de96b138f28c1e6040a641450,d228f5bfbdf652b35b1d966952bb37147d9b533396b7272fd7d3ddc096896c1a,F,Data,2022,35-39 ans,Île-de-France,12507542,18.318,7.0
e77f5069f124039e43d89c18f93dcd055645efe9ce952016729aa73b27f6e4d5,33c6ed9fcf98e620d804c74625b4aa6851c4c4a60583f43535d3cb3190468cc3,M,Data,2022,40-44 ans,Île-de-France,12507542,18.318,7.0
2a2ce94210df980c6b468c4a2d5037b1e840075e425897a9869b33c6e0d540c9,fb61e138355652546d775c09e0c4b5ba72d888dfb636edbdaacd44bed727df7b,M,Data,2023,60 ans ou plus,Île-de-France,12507542,18.318,7.0
ad515305da60c6fffd2555fb7f86f0e490e7d7035e531c44d255141b712a49ec,3a24f7e58878fd050882be36d94d7e9b1ef248cd290c5381962bc9dc0ee4fbd9,M,Data,2025,40-44 ans,Provence-Alpes-Côte d'Azur,5252362,7.692,7.9
b12a1132123e523b10366d24c3f981bbbac1c42cfea288238ed7a6f50b09e197,8a77b3eda6cf709a707eccb64f2ba1a24b58267dea0063e54bb541dad431ce0d,M,Data,2025,35-39 ans,Grand Est,5557457,8.139,7.3
75ae5306ecd4810e036ba7aff6273ec79127eb596887b7ee9cc623bd76765b5d,104ddf7ab56fca0f4e8dc12ff6c854d0207428e79e46418e3f40396d2d0510ee,M,Data,2023,25-29 ans,Auvergne-Rhône-Alpes,8238335,12.066,6.4
8e0f2bd8d68453b6bf143671e50fdfef37e4a173a371c9bb71482c0def5ef1ac,bcb6157c36f99371dfafbc227d67f2850999a2d2443fcef5098c4d5719ac0f6a,M,Data,2025,45-49 ans,Auvergne-Rhône-Alpes,8238335,12.066,6.4
22d83a96714167de976e6fefb7fc87f4a3051662ee90d3b6736ac66b8f045d74,5c2b30e7279cbfccf7789cff91fa1bb6abce8ef537eb51fc60577476be0f387b,M,Data,2022,30-34 ans,Nouvelle-Aquitaine,6181885,9.054,6.6
744d4d8f322949cc9e8874182f2b300e63beae4e4becd049e25d9c7955e8748b,3e43044c66302017889f86f3da982da0d4931bbc3ec390b64e8621f8fae28e25,M,Data,2025,45-49 ans,Provence-Alpes-Côte d'Azur,5252362,7.692,7.9
ee911955bb142b8b01d53f50bef2822314cc2dd1e0f2445eb2cfac08f6894bfb,7287549735738648da8974ee6a11a2c4c1bcaa08f7e1934a56320459f4ed4c42,unknown,Data,2023,35-39 ans,Auvergne-Rhône-Alpes,8238335,12.066,6.4
0856a7fa70b3fe842c790fac8ad735ddf63322286fc3876d849ef46e89a65df7,12ad39a24a115caf53abe8215ce2a659b37bf18324a297f54d536e9591f47f75,F,Data,2022,45-49 ans,Provence-Alpes-Côte d'Azur,5252362,7.692,7.9
3bfaba0ba1ac994457d5679640338dfa7a0a01981b89f74ae912458f81ea8dab,ddfff58c42972001d7c81eb4a7b4e7403428c40a3e825aaacbf10a95e4d48f4c,M,Data,2024,25-29 ans,Hauts-de-France,5983840,8.764,9.0
0dccded0b633bfa78b0ca9155c4e3564523bbcf1ede9574fd1c384add72df62d,7a00557ae3917cdf7cdc6a82342d0f2780abe77536deebd5d4628bb7677b4527,F,Data,2024,25-29 ans,Île-de-France,12507542,18.318,7.0
e0631a6ace0d07fdb4a95a17bccf8521fcff5146c88cf6efc10f6288f8953d16,f9d937ad0168d7383ad3956d4ca140924ef7a7f1d01245305f326aeabf937b93,M,Data,2024,25-29 ans,Île-de-France,12507542,18.318,7.0
ff0a34ae5b8720430b81926078df3f8fddddd3df58a711e6627047f9f6c3ac0b,abcd4483deee9321fd6385d7098472cfd2aacf3c67fbb2adff3af252732b0a55,unknown,Data,2023,25-29 ans,Auvergne-Rhône-Alpes,8238335,12.066,6.4
f89945d96ca32caa39b969e91741279d518dc24b18bedc6bb0b489b879f780ac,f11a4a0c54d1592394ceecec55435038717762e6d4203192644f0a0adc0a73fe,unknown,Data,2022,45-49 ans,Île-de-France,12507542,18.318,7.0
2595bf9384393b41891787eb4eec943bfe142e0b167476679daa6d48ad2faba9,998a72c861cd08c6366ea61f588a5fd86aee3cae41af89cde5bd7cffd42549d7,F,Data,2022,30-34 ans,Bretagne,3469711,5.082,6.0
8b1220067a1185e7c1990c1815e1b62f9ed255bb62cfa8324d8f3cb15e5bef9d,622da6700f1a92f0264670dc727a8f78b22a8d2b37f6e82a5d19bc60ab4e163a,unknown,Data,2023,40-44 ans,Auvergne-Rhône-Alpes,8238335,12.066,6.4
b169d26ba0d687ef5050b216b5b6a51896c757d954edf45b2f03b77dfaaba7e3,a0f20f5138bc519eeb60e52f3aa96203f0a10beda163b933c60d9d6a75b3f5ed,M,Data,2022,50-54 ans,Provence-Alpes-Côte d'Azur,5252362,7.692,7.9
e2832192ffd454bb52f251eb038e5a23fb1df6f84affa5c5540821fb2eb11a3a,2ab8e6459abdaf93a39aa5b8ac44fdd3db4c0477bba96f20d9e88bfeea00885c,M,Data,2022,25-29 ans,Île-de-France,12507542,18.318,7.0
61a717cd6920d4e6b8f959509a7ba9defa450545903d30790463259f71f5dc15,23f494ce10132bdce7cefcba44006a671fa7eb2c449d58ab69f0d6405bc0117d,M,Data,2024,35-39 ans,Île-de-France,12507542,18.318,7.0
06f5adb7c3f8680477cb9db7674312b89d910e92e1d5fca9355712aa390956d6,af16c5d1820ac652f21879340a0c004af01e781b5e1ef1082049798d5e6206bf,unknown,Data,2023,45-49 ans,Île-de-France,12507542,18.318,7.0
1ad4c172fb99362814b3d211e2037ea44b3180d1174ec051365dcac53d2a872e,8a6c583ed8f85864020bdb3d04bc8c2d1720f55f6c5d59337e4923a84b7aa49f,F,Data,2022,35-39 ans,Île-de-France,12507542,18.318,7.0
161b24b689ecb57b27ecbef84be6d23bfa42f11122d330b00ccb079b666cb361,f1361bab25e7e843482a2bb682b33e22b10985aabc6fc724fd292cc567d2570d,M,Data,2023,30-34 ans,Auvergne-Rhône-Alpes,8238335,12.066,6.4
6cbf5fc05e6ee74061a62348d44f80e5f15f0ade397448ffc3214f193bd34e13,f62779e861db9de92bd5d89ac7897ac3c9dd61d9d1cae03cd950dea73a19805a,F,Data,2022,25-29 ans,Île-de-France,12507542,18.318,7.0
d43a610fbe8622d06fd51c3543868ca09bdc391e8509351b3b50070efd4937bc,381fa94723db437c3ac615457795463cf06a01d74583b6f6f58d0f7632f8b165,M,Data,2024,20-24 ans,Auvergne-Rhône-Alpes,8238335,12.066,6.4
34fec2732629801af0aa396ab7cd1545c08e2457762a64862dca9c5e523f6ee9,8ca638e9f9e7d84ea1555516d967a769ab6fdc5fc696d9ec9de51bb89556530a,M,Data,2022,30-34 ans,Hauts-de-France,5983840,8.764,9.0
8f5c51304d8d12cad89b2ba97b2a42883869a1b44ede1cb564a0aac60e32c18b,42d228036df7e7a8050bde8ceb35eb84e3f647116496b4efd0105aaa6503ee3c,M,Data,2025,45-49 ans,Île-de-France,12507542,18.318,7.0
69fa2e9e7e33d98af4a038c6f4e3516cd0eba4ab3a4c07358db3aeda7216ff75,1a8234581b0e8d67ee1c6ba22d00df7d5a6b23f6fbed4f958e73cd62411e5b39,unknown,Data,2022,30-34 ans,Île-de-France,12507542,18.318,7.0
5e5e0ca2ec2e06c7b84132b5c91351ee0a607ca1639429967c73a40cc223c2fc,26fab38bd631b63831fe446f53a42d12361404efefcc632a518434ea5547aec8,M,Data,2025,30-34 ans,Île-de-France,12507542,18.318,7.0
9e19fb489018c22ed75e6aefcff19c504a7d0fdfd98d98e08cd061bf13dd9b3f,676b768aeab261313667ea1000c56d29debb6daafbd84f3b3ecfacb275ee89ef,M,Data,2022,50-54 ans,Île-de-France,12507542,18.318,7.0
d437b7e41cf2621a28da78327fa334ba7261c45331c3bf19cd4e58f61166de5b,865ef54d75862289460e753670a0d90cb14546e395ec4a09e3231b5e6f0ce32a,F,Data,2022,45-49 ans,Île-de-France,12507542,18.318,7.0
0f73402c33786481de212e50c08198fcd536a7e2c99b4d58a1c33d0e8a7faa8a,ab1a8008c591a081a0d8779921a54d4127fc555fa5aac92e7d2bb75ae6faacb0,M,Data,2025,50-54 ans,Île-de-France,12507542,18.318,7.0
22eede85e4f64a8de40f690e5b6155470358ebd45d9d9a3e8b2a8c26ff5856ef,05d61ea4f7e0b0e13c1c11f0f308960aab2e7683ae55b24462698cfba82d1a8f,M,Data,2022,30-34 ans,Île-de-France,12507542,18.318,7.0
4c231183bea1f273d3f4fd46fe173c3d78c145585a93512ad718ef373815d271,ff45eb4be844e03c0114eca527cfd49d6bce8df999f6e711da99be0fd480f307,M,Data,2025,25-29 ans,Centre-Val de Loire,2588006,3.79,6.9
d8dc6335ba22e8135bb6110b3c4466e9719f062f836d4fd28c3ebf9b1ee793bf,95aba4c1608e3d89f71fbd84fb80a4de397da55fc4a6fb980fb9d40917e0b0ba,M,Data,2025,30-34 ans,Nouvelle-Aquitaine,6181885,9.054,6.6
6c8535dd3bbe65659348198abccf71d5ad276e520ebae7bb575247d6657f995d,4b29704d0dd03daab528ce545195fa2826a463368ec5e8c494ef7566a843edc5,M,Data,2023,25-29 ans,Provence-Alpes-Côte d'Azur,5252362,7.692,7.9
ab5074c17e96627b6ced1eb2cb7f1cdc87d8d9e33414d3488dd133bf48c3fb0c,bc7763b8e9398c129c5cdb70a2f61904f186ea0b6161dd0c200f43136ade4d95,M,Data,2022,35-39 ans,Grand Est,5557457,8.139,7.3
161f72319bbd437157157617a6a1a2c4da454e66f205225ced6e6b6d7d40c495,a4475f9bdd9b894e11f43f6bd61272963b7019a1b2eb691a2801bb2b79cd8755,M,Data,2023,25-29 ans,Hauts-de-France,5983840,8.764,9.0
71055eb7d7e2e9948d42a225068e174dc5f0115493605a9a6b795896e1374308,7a8574790756f4b50cb1a643cf56967e069e82a6b00ddcec174b7f2e41a17c24,unknown,Data,2022,35-39 ans,Île-de-France,12507542,18.318,7.0
17932db9d1e53b743d98d04154d5d858ec3195c47787b0b034790cfb0db1f35f,dee27b2eed3102ec19859c951598718a5930fcc90f60f080bbdda2b18f5e9d29,M,Data,2023,30-34 ans,Hauts-de-France,5983840,8.764,9.0
5ece89eee6f35bdff3cbeaa547c80c802c4185502072e17457287f9fbb98558e,553fb10dc1a3beb84ed65bd8645ac0760f6939ae889fe4265b24901a1aa48eae,unknown,Data,2023,45-49 ans,Île-de-France,12507542,18.318,7.0
ffa72bb6b75601aec2bbf9465ea93db1bc35875810a1053e1ea95e7863d2ad18,77edfc42af69d247db74fcc910d7734ed766edd66272365dbb4a849a0abd8d8d,unknown,Data,2023,30-34 ans,Normandie,3348960,4.905,7.0
c1fcd460794e75b9d086e8d7f07a2103b5c93c0dc1166da729746bfc7cfbdb43,96809897d01fcf643e1dfc41adde220dca8d8ce4c80ad660444d7047373444a5,M,Data,2025,25-29 ans,Hauts-de-France,5983840,8.764,9.0
35e18372edc05ad9f83e3176763a6540441cb3fdaa1b486e740d39baed9f1eaa,3be7bf48d081aeaf69528c0924688b3eda9097edace1e51b11f64cdb94cdae1a,unknown,Data,2022,40-44 ans,Grand Est,5557457,8.139,7.3
a393dc5586c47958bf978accc4c961d7261e7d6d7fad598747c34bee3074c61b,4516d74191342a9ba1deeaaa0a2d587b7e81f7cd815fb453706840b47788bd6f,unknown,Data,2022,25-29 ans,Grand Est,5557457,8.139,7.3
958d2dc5dc3dc096a65d089366bce92d6709f497f9cdb4a207932350cbfc6304,18edf39c7c28b381aabaefa505c115187614a46254f8110126ff5ecf5b9d2d83,unknown,Data,2022,35-39 ans,Occitanie,6165869,9.03,8.8
307f057a1619445dfd7d9c10a3ed212d27780d02b04b5acd128651c2a74f283e,b83d0a875cd8bbeb4c8ef35c77ecd27b6b73465e728f304ec1ed7d1cfa8bbc16,M,Data,2024,50-54 ans,Île-de-France,12507542,18.318,7.0
fad14046cefb2c69a0a531dd5bd7f9c7358dcb2c83dfacbd1d26d9e7d3628d9a,af25658532516c4656474995ed7eefb4250dfd6a85a821bafbd80652d4aa76a6,M,Data,2025,25-29 ans,Occitanie,6165869,9.03,8.8
952516213acc0ad5650fd6e609729177c1904f6dc965f651fc9f5ef38c1d66a4,903b20f63b09de721fdd590c82c6c6c26a411aaacb53d9d3a5e9458d47e09f2f,unknown,Data,2022,40-44 ans,Île-de-France,12507542,18.318,7.0
007c3fc9c63d503b6258e033511ea7935f0fbaf078e2df77967081441f6122bb,57b8900f8c35d2c1cd5656d817afd59dea53480958d660d7c2950276f13dfc9f,unknown,Data,2025,30-34 ans,Île-de-France,12507542,18.318,7.0
4aaf996e7e2052437bd3b9bc10f4968bdfc18f9d18ec56a4a406f8f11b0c1112,1c36f0d7b83bc4f1eb1bebe154065aa47ca9c6cc5d47da49050297a0dde65266,M,Data,2024,35-39 ans,Île-de-France,12507542,18.318,7.0
210ef438de5e836987ef644219c8428e9bd898750e25ed7b7a7f88cd618cfad5,7245d4e57622a75b583d45f85898bca60df60444d5b6cbf525b8ffbf10348365,unknown,Data,2023,25-29 ans,Nouvelle-Aquitaine,6181885,9.054,6.6
38dbb2d2e2a3fcd8b9982835468d791efbeb7d92691e9a6e67272cf02bb26c4c,73d12decebbe717dbe86234eb7aa38fa72a679b288094e937b7ea7d5bec59fae,unknown,Data,2023,30-34 ans,Île-de-France,12507542,18.318,7.0
a7e961902f1341e00429f76a9e98fa9ba0c4040773d90e91df72c0435bfd56f4,be73b0dc5323ddb231f1a4ec3d8ab68c3fa2b202f6b427b2f59fe1b75f579816,F,Data,2025,40-44 ans,Île-de-France,12507542,18.318,7.0
e565d8973048b3e2b91f259c5ab44e300677599b4f76d5b12b42f4963937bc64,af1ff1f100cdc4d5e91b13a4a3774dfbb36a8120a964698cdd6afa3f122ae3ed,F,Data,2023,45-49 ans,Île-de-France,12507542,18.318,7.0
2d1ed0dd1ff73c7f29147762484df1d1cbd4a508eba035c17e8e89fc0450f3f3,083e38028f89b459ec60723a5f0aa37269388bc3cb4522985bffa51c020cfa8a,unknown,Data,2023,25-29 ans,Île-de-France,12507542,18.318,7.0
a6314d5ba25137fc02cefd2f52ca528cd9cd491b2b6f8f2fcaf6f1bff8fac7a9,f41ebf3013e327a0f596ef2ca3678547387d69fb70c51b3dd2a53d81409f0fdc,M,Data,2022,30-34 ans,Île-de-France,12507542,18.318,7.0
7c8d75220ee2b6dfc59637c3354c5cf25604707299f6c7ffeed1c7602131e99b,a25c6ce924eb9e101c2e2d94e15b6987286b3a1d642de74a901f0b4803e4165d,M,Data,2024,30-34 ans,Île-de-France,12507542,18.318,7.0
6ffcdbde52f6bba303738e5d5584bcb284ebafe9bfb66b1f10212ce12b625fe5,be210ff6a85acf2d32f53ec9461375821ccd2da440a4a853aa7fca4bd1b92c6b,F,Data,2025,30-34 ans,Île-de-France,12507542,18.318,7.0
b68a3bc64e94c46da6c450820c62d3e6d3480396fe0e4e595fe1d6d83eb9dd66,1223bdd0b16284c818797f787a8739cd141c0661f96ba3d4d26829352c60e60d,M,Data,2025,25-29 ans,Île-de-France,12507542,18.318,7.0
669bd46a36ad8aed8c55cdcecfd2f014520099a7674fbb3b37c67f92c2289cf1,35023abc21dace015c00e68d93d3d2e93975b65d33495dd8a43d6ea6417bd113,F,Data,2022,30-34 ans,Occitanie,6165869,9.03,8.8
8218f934a2e76011b7c8524be68f2409ead462075c36efaa3b8292dbef27a2d0,9a3fd30279433bec077eae4ca0e4cd4d0d6a7e1542e0bbeccd0145c09e556648,M,Data,2022,55-59 ans,Île-de-France,12507542,18.318,7.0
8a16860b71b2f396056804664db768aae99a4a6bd8e6a9b50300b0237153bfcf,d3191742b2cfae51c02e9151cd182004f3a736e71d6be832efd341db0a01b0ef,unknown,Data,2022,40-44 ans,Provence-Alpes-Côte d'Azur,5252362,7.692,7.9
fa75e61de43b8ddb088e7e7ea7f3778d37c207db94adcfd4b4842b035fb99afb,b0bbda97f158d96c888873640eb1efb91b1ac2ab54498e6438c6fceac7d2c3af,M,Data,2025,40-44 ans,Normandie,3348960,4.905,7.0
5498040c36bbb7450529eab282ddaa8fadb2baa2832fd33e8d87a4310dfcc086,e9f1e2616f78188b4247a3b21e2a179084140d1b57fe044dc5dc660fdc5073c6,F,Data,2023,30-34 ans,Île-de-France,12507542,18.318,7.0
807f63166ad092eec7745a21c4752ce261dfbd695191a50def327635265a1e71,dad130f7f799676eeeb39112610f3cfaa50d76ad0be112d2b8d4ab78f519c510,unknown,Data,2022,35-39 ans,Île-de-France,12507542,18.318,7.0
4e7fc09ca28750f4b5fe9a837347145c5d02f74b8bce522b11a91eb394db0844,8f344a96fbcf11672e99d8f9f45e42f54be1894d817472d420bd4a671504c444,unknown,Data,2022,30-34 ans,Île-de-France,12507542,18.318,7.0
eb7b861fd173faea7bc434bcb821148b15f9a9f40a91699c77054c1bd1f1394f,7ef89198e41724eae9ddd2e1499596f23b033ff521453e10d32e07d981f3d0fe,unknown,Data,2025,30-34 ans,Hauts-de-France,5983840,8.764,9.0
686d06073732159bcfe6d8a348c478eea53422a73db241afd31fd44dc5770efe,872ea60385153c42dfe084536fc9676d40c464a0af28a729d2ac62152ddcc675,F,Data,2022,30-34 ans,Île-de-France,12507542,18.318,7.0
8e90abef889dbf840521b80101f3d21e850a6d71e4bff3257fcb8745574f380e,700e5af3ad43d06a3445423755f0ec16686becc8f1ba874cc107a31a0f4469ad,unknown,Data,2022,30-34 ans,Île-de-France,12507542,18.318,7.0
dfa13a8efc8be5cede80078e2694ec6fd48764e33093e06c7293928dd3af2bb5,ebfc3206a27353c7301e514e25abce67c67a98dffbce8ae5f93839c0530cc6da,F,Data,2025,25-29 ans,Île-de-France,12507542,18.318,7.0
55bbe27e56874143db15cd3dc0450adb25898bf408d23ae23634231694d8ef44,47b266b057ec29eeb7627c0cd093e2b0c70b1949e20877a60f8ff5cb817790ce,F,Data,2022,35-39 ans,Bourgogne-Franche-Comté,2800180,4.101,6.6
aafab2ffc10810c746cdfcebb6baace6a5d2394344d827a877bb52229caabf25,807bbdd1e9b978c9c8e7bf1b8d91aec02f109619705aa037d6890906a968faaa,M,Data,2025,30-34 ans,Grand Est,5557457,8.139,7.3
bb619c0d828182d188b2fda55cbe6fc8bed90a670cc4e00300af464bd7ab52f9,1f68e4d2a11c8451b21d785369549945f84e2919eaebc3ceea3d4fe6942406ad,unknown,Data,2023,30-34 ans,Île-de-France,12507542,18.318,7.0
4b37330885e42dbecce780785b8dd45710ed1984289db6320f44e195f80b2fb8,40d33847df16f9c6420737d4b1bf3d0d548c30aca791aa3ffcb995998e81bdca,unknown,Data,2022,30-34 ans,Île-de-France,12507542,18.318,7.0
dd7ea9a85c067070d4022516891b6e24fdf58f4dc9e3ee96b1105730f14ff4b2,15bb34fa90918ee71613ec358a1b0399cc37676f3f3cad80d8ca26ec26e06b42,M,Data,2022,40-44 ans,Grand Est,5557457,8.139,7.3
781d3002dee083845c1f07871e7d71d850e3bcbdfc78a0568ae4bd3ef8bb01ca,e72b90eac48d5573d52c5de51a07fff9c16305f96b3397892aebab064646bf51,M,Data,2025,30-34 ans,Île-de-France,12507542,18.318,7.0
d65d4684859a9f6c02eabdafa055275e465660fbdb48cb4f98b7f3c0aaf48747,b5a50becf98df28577331b3703a1589d251750828e3cba08ced04a5120929b25,M,Data,2022,25-29 ans,Auvergne-Rhône-Alpes,8238335,12.066,6.4
710e4a94e7570c0890a133f7edf1ef481d81eceee96e7e3e7ec553c41b81b869,0fd787e2e244a3b043f1b5d310991050f5895bef37e15fa2db31dc6111791cef,M,Data,2024,40-44 ans,Centre-Val de Loire,2588006,3.79,6.9
c95f4ebf2b50dd229235f49f03fedf5177cebfb69b0f10f8c5e905b57486d2a5,15ef2afb976303538dbffd61cbf623c398e2a93297412df8a3f3ca02dc4e7023,unknown,Data,2023,30-34 ans,Île-de-France,12507542,18.318,7.0
7c90d2302347e0c8f770e2eeb40622a79fe66441c095285f3a05e186888a7696,f127ac6bb6aab922ad656e62d35a92c373b3937c99a1a709a05bd87838dc7d5b,F,Data,2022,35-39 ans,Auvergne-Rhône-Alpes,8238335,12.066,6.4
2c447030fc8e77cdbcda79b1e0823f12eb50c347bb1caba783b5945d77307dba,6cda6d9203865383e717cc2c7d0a65bb8150def5c839a144dedd2c39717c5165,unknown,Data,2022,60 ans ou plus,Nouvelle-Aquitaine,6181885,9.054,6.6
a00104fd80ffa44a7b56f8e6ab79b43ff2b7327d1e7c562ba995ee0b7e0a29a1,05ffc0c7b757db043cea39eca257660df7a05b3a4d5c7dba39d66e74c5b2e1e3,F,Data,2022,25-29 ans,Île-de-France,12507542,18.318,7.0
03caab4b2b4288d0ce04bd31935081ae3de49ba7e25bfb8d9e44bdfc6de03abb,d501613723779ae36d77e2e2d5273f7afe3ace45ae74824c0018602b1b46120c,unknown,Data,2022,50-54 ans,Bretagne,3469711,5.082,6.0
3d3de5ae57d96ecdd3243a6cece3a97fdbc84ca07befa830ce0a64d34caf5e7a,79dcdc85a2cbc46bb0bc5e9abce1c7597f1e88d476e4d7f461c79b66d0e14780,F,Data,2024,45-49 ans,Bretagne,3469711,5.082,6.0
b70c172e3b000a30cf69552fae02d1f684d3057e1610b46210ca941294b13476,2494d5cffc11cc8d2acc6f4871a8f52fe535a8863dc3a981fb655cb4694dddd4,M,Data,2025,40-44 ans,Île-de-France,12507542,18.318,7.0
42360979d6cdce0516c84879f7df44b32f56b662406e672868c02a69c4e76658,a0b482f66f5570eaac4e9146577846f24f31cdbb5ff0f333f47f615ea0e2085a,M,Data,2023,25-29 ans,Île-de-France,12507542,18.318,7.0
7b86aae4662e9cafcc7bd9c9eba33f1cf6a30ce17934473be6caebb42beb5601,eaee4f7656fd0e83a05c313d7449a87d08e06844ce036b78c2bba2f6ed663378,unknown,Data,2024,50-54 ans,Île-de-France,12507542,18.318,7.0
8d43d3ce8a835c8dbb7df6e3772e301d5c4958c71bf51e8ba1890b399e7ef66c,449407081e9f797910c66cccf36688205daea38f4f23fe038e431a34ac3a6337,F,Data,2023,30-34 ans,Île-de-France,12507542,18.318,7.0
10e38487d6470801c7fcb871a03fbaf6681e661311b405f80269fe3b528de884,7c6c3c48140a7171df8a57e8cc7a0cd578698e28a1a8a121fe4571d4b4323a38,unknown,Data,2023,40-44 ans,Île-de-France,12507542,18.318,7.0
9dd5ef9a609ebba0d8e343a6ae022cf482db952c885c5a4493c6cb27e23ecca9,70d9f913b2da9ef358f45ce8da367d5d527b1a4cdf8fbd30f2979e2a2cfc21c5,F,Data,2022,30-34 ans,Hauts-de-France,5983840,8.764,9.0
4e06e166c0d56467cee2f8d5e2054df11067f1f12c83020ad297d081e15eaf7e,f66f5cef9fc0850f36f31eae77cc511227b2abc8af50a2d644949ce08e25b796,unknown,Data,2024,35-39 ans,Nouvelle-Aquitaine,6181885,9.054,6.6
96e4c05aa4aaf79436de1d33efd0b124e5a4693e091ffc6670a4634fa34c28f4,0a477dcc5d78f3473f27e89ebb4c5dd587294696d81a98502736322e1050a1a4,unknown,Data,2022,30-34 ans,Île-de-France,12507542,18.318,7.0
813819acde6f2fe1cdd79f5c6e3289008e77943f02966e51451bc7b0f66e41e5,0f78320a7a068f3b10700452fa2a4ab8a6a97919cb75d8a45993c0a16636d246,unknown,Data,2023,40-44 ans,Île-de-France,12507542,18.318,7.0
f5f39f54fe282338f82bec21048d972977cf80b5476b142ad0da93078fc24c74,c06aa5743d0c66b9f54b00edff91b2b1fc8e63222afd23b5f2ec9eae47472181,unknown,Data,2022,55-59 ans,Île-de-France,12507542,18.318,7.0
f03d3d92af68d64e6cea006e1af2f4133456bb427eff5c4e7156150267cc8a53,a9d430488dfe7c4fec640794d4e45b7f75f46b396e42d4fd77049640b96b4baa,M,Data,2023,20-24 ans,Hauts-de-France,5983840,8.764,9.0
5041d271468702126e5aa345ede776aae3a2a825808f3815e197857648f65488,9512c1c9c7b15cfb196bbdcfdd65e99d2d785f69d9b9543ec6b070bd8564037a,M,Data,2022,35-39 ans,Occitanie,6165869,9.03,8.8
68082493cb3e263902ccfe69461263014cb0364942f72af1784163628061425a,f9269d5cec3e10b36bc3371672c9daf6889be3d9ac8493440d5ccc81a4143a96,F,Data,2024,45-49 ans,Provence-Alpes-Côte d'Azur,5252362,7.692,7.9
c96fc888bf870a912d13c1cc22bce07738f6c5a13287377ae3691ceade0c9ca0,7743743b58c33778db6e052b6d529542af9484ea92ff229dca4e9c7a8be175e6,unknown,Data,2023,35-39 ans,Pays de la Loire,3926871,5.751,5.9
efc62504ab4982ac62486c583d761fa40628c6aad72559ec23d22737deb4728a,2f123d9ef01f493c30eda0f954d9007357de6ef8260e8fd30f0c8b602e8b6fe4,M,Data,2022,35-39 ans,Île-de-France,12507542,18.318,7.0
3aa012e945aebff30dc10d91b2160feb0a90501ae456b9a50b285909d4ee1bdc,d99252ac19d8d1552e5a711bf6e95ead1f6d8d9195f9a7cf402e954babfc1dbd,M,Data,2023,30-34 ans,Grand Est,5557457,8.139,7.3
898b1a14de47cfa9a2f1f613c365692287f3483f69a87e071b1cd5cae03fb83a,4e5043a4f68af73fac3ae5f3e5f4995f54efadf7c5d4d08ddc91bcf13c913af9,M,Data,2025,25-29 ans,Île-de-France,12507542,18.318,7.0
020899b4cc10050de39040c23c51edb0bf6341c79e1871affeaa7c14f0a978af,7a5800e2ae6cd633a4bd1d68de899ac3078f0889699152e892a835b7d153efd3,F,Data,2025,20-24 ans,Hauts-de-France,5983840,8.764,9.0
b3c45fffc08fdadc775eb8341cf8b0a6ea89b717cfc4951ff0d39416ba37ef33,042aba40d2976c743861dfe1d0a3df4d72688c7d0a7ba742cb76cb8d8b69fe61,M,Data,2025,55-59 ans,Provence-Alpes-Côte d'Azur,5252362,7.692,7.9
e3931c75423aac41c99a5089c59e3ae71e554709e7b109ba37740f5a7abc8543,72fa142ac4cb0b2cfdbe477624ce167054672e701684ed240f51db415bea7498,M,Data,2025,30-34 ans,Île-de-France,12507542,18.318,7.0
49e4573b6d003f23326d231b32e7807952ff38fb57ebfa5624def70f953a7524,c1bca9e542ab504c3d312d6f81f1dee33e800b7f0de453eea90ae6e67aee5307,M,Data,2022,30-34 ans,Auvergne-Rhône-Alpes,8238335,12.066,6.4
6a18318a727d65d10247193a342b02b155b9634dc9b0ca8223434ba6ce3eaadc,15dfd64627c05098d4d5c20081c670a740218023eedfc86528f4406e5c9e7931,M,Data,2022,40-44 ans,Île-de-France,12507542,18.318,7.0
7f501c57b03afd448c8090d1331f554d97d4686157fb08d8ca8421ff2675ba3d,ecb4ea64c75f954d3204ac1e3b185a1de73e858cdbfcbc2b105aeb4e6ff56e61,unknown,Data,2022,35-39 ans,Île-de-France,12507542,18.318,7.0
0c4737c75959fbfc5a45f76cad8f88e19781472f0f138a0b61e3f897b7a8a321,eb7d76dcefe013cfc035ce65b6362a4f24ba4ba0a1c2c8a3b8e5e4a18dbe2034,unknown,Data,2022,25-29 ans,Auvergne-Rhône-Alpes,8238335,12.066,6.4
8767433130449f71cc1bb017f9486932b7ec9376f4b16949c32fa385b40f2f3f,377d7e686b321af96378609e2d73d21f07c12b0eb77741324e7d2e27328f0002,M,Data,2025,35-39 ans,Provence-Alpes-Côte d'Azur,5252362,7.692,7.9
a5299ecf57af5508186d9c17dd62db24a16cc9ee42bca7a5e4cb7ef45db0fdd1,27b535a57ee5dd3adedaef7aa56f0b6436f9274ad45b3112547d9a45f301da4a,unknown,Data,2023,25-29 ans,Île-de-France,12507542,18.318,7.0
4d8e9537ba14158639a8adc14c1ea72f0ed6006b61791f586813e4ec7a9da173,b5ee875dcf9975d9c05de93d7113c7b6d75360701b32758bac3d73776a4bc59e,M,Data,2023,25-29 ans,Île-de-France,12507542,18.318,7.0
983e38385ef0e4aee79880fda92a69d6c58398c8f5af617802400654ed3f2fda,dc6f6bdbc8ec2be41a7f4f3f92afbeb7c11ff3359446febfcdf8024111069dcd,unknown,Data,2023,25-29 ans,Nouvelle-Aquitaine,6181885,9.054,6.6
966a65998378af54c734e7075d0a1425a4801b0a9e5d5bedcff8d1cdfeecfeea,37a611fff4885e00a92d2cd2c60e384670633d1b4473030f62c480733cd744a2,unknown,Data,2022,45-49 ans,Pays de la Loire,3926871,5.751,5.9
817b231ac325fb3f87869e82dedb8a0d8b042fcea1caa54a30eb83f9ef4702c5,28ad54529ec1e1ebbeac9df9171ad349ec4337f6a78d24cd0394bae134b2156f,M,Data,2022,25-29 ans,Nouvelle-Aquitaine,6181885,9.054,6.6
8ce06fb301383ad1bfb196a6145d916ddddaf796be32f047592a70b6288dd1a9,430323cb66937c9e69dc5aec4494ded744f6c3e39bed8903eabada84c3284ae8,M,Data,2022,25-29 ans,Nouvelle-Aquitaine,6181885,9.054,6.6
4d559ec9dbde8be685c84b5b8bb147ae3bfbb1631bc23cff38e88d545e41dc05,326a05d8937b20b1f296e749a39b9b6aeebacc2326d1da083c29ebd113f4d759,M,Data,2023,35-39 ans,Pays de la Loire,3926871,5.751,5.9
dac95e252818564333bc82f6e590bb7cf1a3e6b89249eb468a6982be89a6b4c0,32d78ed16c8cc428f4fd65db186e6b91366669667bc610f81b0914fd94017ad9,M,Data,2022,30-34 ans,Île-de-France,12507542,18.318,7.0
cc8f0c625ea29a83ff14e702c4d44570e9be388af4efbb6b61e40f06768067b9,774d652435b5982b75958edfebd1170fc98ea4f8d00a110bbf877f5e7994e3ce,M,Data,2024,35-39 ans,Île-de-France,12507542,18.318,7.0
76d9e18cfbe1af5efd1ba2eb3d639f921c51f3851ec6581de1d5654ad6bec092,1ac429a2936993171e1e7077787a03eb1145d451bb4ca43ec8ec6c8a2a3a37ac,F,Data,2024,25-29 ans,Provence-Alpes-Côte d'Azur,5252362,7.692,7.9
78ab78cadac557c99f099bff9d83476c812d97ebdb23aa081cfd7c42e35895a0,57b474dd68d06ad5616dff6f35c89d14ec86af4b27cd2e07b2334e05a5fce055,M,Data,2022,30-34 ans,Île-de-France,12507542,18.318,7.0
e7aaf5f80f66af09b6d99481d97498b813faf1d788e63956c2d2e5134152797c,8a49a9e4f9f00f4d39fc9548096f10cba2fdf557b421d14b8375e696805bbee4,unknown,Data,2022,25-29 ans,Normandie,3348960,4.905,7.0
7b59ac45ba8cf5841659d6ef9dfe7b70ddaf2af25d90eba378fe4b24083d2308,03baba0758988f30921c2e06d22cb826d531f20b9b1170b457571c0c5cbfd273,M,Data,2025,25-29 ans,Nouvelle-Aquitaine,6181885,9.054,6.6
bbb8e1d0b5ed6eb5d58abe8a44555078a14500007c12131a71715b9264e0300e,9785d35f103c5c912dfd8cab79a094b7dde17bf8c4fd5f1884b809f153f35a43,F,Data,2022,40-44 ans,Pays de la Loire,3926871,5.751,5.9
4302993cc70b6bb90a1717dc501ae5ce340e1ccfe62d7bc5ca47dddea0625d99,801291ea9ebce1fc444912e0bcd0a6605387fe8ed00644e3422b202dda9f6214,M,Data,2023,30-34 ans,Île-de-France,12507542,18.318,7.0
cfd00d9a52d8c1c3c00a5f593942a3834f10f1776eadf7ad9eaab39f40abe1ee,186cc09850ba1295a52a355a2511851af9e03efe8cd8f39c1a2aa9732cbdcee5,F,Data,2023,45-49 ans,Île-de-France,12507542,18.318,7.0
8515baeb444240767cd0d477387c3f1c43aa3e41b7870636bf3daf8c2cf74951,596443a52e82da56a069afe28afe4d7f14a937bd8a1f2378eccfcad05d1bd040,M,Data,2025,30-34 ans,Île-de-France,12507542,18.318,7.0
bf03c7dfed749c978d939477665a7a596fb823b929a90ce3bb262ab2e58e86f7,c0fdd34c4eaba308f162a8f5b749fc3475b7e8efec2482b0df6fc16217c64bc9,M,Data,2024,35-39 ans,Île-de-France,12507542,18.318,7.0
29500ea4b3c801a0e09189c3cbf0ed62140adbe55be4053643d44f61820bb497,e615f0321a9c58a722606a20f6f98a7f63c2f1932e3891aa356725c133e88a5f,F,Data,2025,25-29 ans,Île-de-France,12507542,18.318,7.0
9fe8a37d310e30ff6c212956ddc91075d41dcb824bae2e76a85e520a9bf238fd,de30d2c9b2199b83c072b1880d0da7971d02db1e7c62fbdbd58dc429c984a569,M,Data,2023,30-34 ans,Nouvelle-Aquitaine,6181885,9.054,6.6
ce2a3009328eb3ea072b574cde3634638f62ba89701a1bdcbf7233c61784758f,b0d31fb1518476436fd7ff65e4b3f86752d907cb08abc77bf5f9744c63116715,F,Data,2022,50-54 ans,Île-de-France,12507542,18.318,7.0
29686195c21b6f450f9a791df35cccb14991f1649e020b6d00ccd1b2d84e0fbc,725e550e2c404287d3071b04503c93c411286771bec6e754132a4853ee4f22d9,M,Data,2024,55-59 ans,Nouvelle-Aquitaine,6181885,9.054,6.6
1ba92fc593f6934c31d1d5c35227ee1bc287b77000177e3cae8e5380248175aa,c0acc8b0223e4434b69ae0f77bb45f16b29b0fb255570a650df628586f4b5da3,M,Data,2022,40-44 ans,Île-de-France,12507542,18.318,7.0
35c3df43eb0f02c6d9418161548fa3b0db7a0ae412a0242a4d419d1a364ac10b,a85073182a0f815a880852043cb10fbb9fd4926c89f2e5853aee4d382a8bb452,F,Data,2023,25-29 ans,Île-de-France,12507542,18.318,7.0
ff419a78bd0ec3acca34dbceffbdb0493f63ec6ae3581addaddf1dd7640f36b6,087dc4baf4746fd104feb99e4b604b928cccf4bd57b7695d9e76eb93bb63f2af,F,Data,2025,40-44 ans,Nouvelle-Aquitaine,6181885,9.054,6.6
913fb08f1cfa0e61fa172d6e3f8bd6e09262f18ec7652fe77c065041fbf99ce1,56695357858e34834848ddd78717b496a41ef3f870e77d9c20ac2e423e265047,unknown,Data,2022,35-39 ans,Bretagne,3469711,5.082,6.0
1228f3afdbe83bff7fd09a2fafb797a768b55aa24b0346011b748eaadaf39cb2,65bb97728bccf14216947ae221c3fc8d73898f08c65af525526e4055c9fc511e,F,Data,2025,30-34 ans,Île-de-France,12507542,18.318,7.0
e5833eed2e02066e873ae93e83e914490e3e37f934ef86709c0eeaeadd75a061,4ce93f36c15e78c8024b750ac26f2d71a7e01a9e934a8ba8b429717734d27b41,M,Data,2022,50-54 ans,Auvergne-Rhône-Alpes,8238335,12.066,6.4
b43897e51d014937ef84515e44c2b1aa02c035f8cc05546b01a17922e2703b53,c0c8a0e7be10884c39290fcea6a1a4cd0e626ababbf4bc1c2f81fc57c132350a,unknown,Data,2022,30-34 ans,Île-de-France,12507542,18.318,7.0
669bd46a36ad8aed8c55cdcecfd2f014520099a7674fbb3b37c67f92c2289cf1,09123f784cec4a09d22e82b11e9f3fd7d26ddd8ad6e28a886edb1202cb12edbd,F,Data,2024,30-34 ans,Occitanie,6165869,9.03,8.8
80a18c4305f5f6859201513fd9001c9e46b2034dd0ec414aed80a85e549e6ee9,9c7e29244864a191b2847d28914c4f804a6075777cebc081d5266c3063390c84,M,Data,2023,25-29 ans,Auvergne-Rhône-Alpes,8238335,12.066,6.4
1a08006f9d66cfbcaac92057db95c05da759fdd8fb32c6d99f8cc0917d35de60,9179b061303df273109789d88084a6a88365e6967e1510b306b267d880b6ed2d,unknown,Data,2023,25-29 ans,Occitanie,6165869,9.03,8.8
36ea890baf3ac7901ff70112265bf0151d03334ea431a3a94c49cbc3af1176f0,6e8ac07113d74091583aed55286baae30601550c7dde1b77f19e32d20eab5898,unknown,Data,2022,30-34 ans,Auvergne-Rhône-Alpes,8238335,12.066,6.4
e771347316c4a21c08aa6021ffe52fdbdf90bd9133c215136cc676c758ff0f41,5e48a91d7ae64b112e29e2f65fb73d327d07b1fb1a85e4fbbc168bb28be40f2b,unknown,Data,2022,25-29 ans,Île-de-France,12507542,18.318,7.0
619691e70e71b14168e43221c849e74a9b250f931861719a433ae68fa2f2c74f,8e0d2baa23c5ee743f9ffd673abbcf3d33424b85027cd5ab627145b50e1e3613,M,Data,2024,30-34 ans,Provence-Alpes-Côte d'Azur,5252362,7.692,7.9
90ad934bbd762e2c56d5949be1381e9c79ef000250de1e300fdc494c290e1846,bfa34c621b0d8a09d4d5fc286c3b033551c92c21faafd60aead079eb22538023,M,Data,2024,30-34 ans,Occitanie,6165869,9.03,8.8
b1c21590b6474d8312f88568a832e75a12d0b7cde2888b474a7ea740d22b27c4,c0664a8ec8a65fe21b711f168596a33542b984c1eccd210160ff90232e90dae2,unknown,Data,2023,40-44 ans,Île-de-France,12507542,18.318,7.0
36a3db7c99281b69522dbc8c2d699e85847eb15c1237a44f3ac091c35fa910ab,cada5b12b92e813615a85ed04dc4431bf1bba792e1bf6e8de1f5e9775288cb8c,F,Data,2023,30-34 ans,Île-de-France,12507542,18.318,7.0
5d7327fc9a0c6ebbd3a15555859eeeb308fd2163a7a2edc166534747fafe70ba,f9b3cc76dfa96a1a6186cc2c9a8977cdbbb8c2956ac685c7cbf06c13d003ca05,F,Data,2023,30-34 ans,Île-de-France,12507542,18.318,7.0
5a1673d57548023c54211fbc5e7569672e69581c60102c0d5f3431f6ce81ba77,6b9e7794b8a94611dbc80cc934304d5a1a27c665000c9348848117123c361982,M,Data,2023,25-29 ans,Normandie,3348960,4.905,7.0
5c995e9b0f17fc5aefffa45c0fff7730cb05ed572beb45d013c8d24d85276bb0,09775f4e116be404ba49d668dc251177dceb1be403df99305961f30dffe4f05b,M,Data,2022,30-34 ans,Auvergne-Rhône-Alpes,8238335,12.066,6.4
4806654ec34c69f6f8714b07bc772e86f544b02438d621703bb7ffd2d50be5e0,ca66117fa2ac0e0d4db79dd4664f32a61dd3fc79a9e91620498657094b7e308e,M,Data,2024,30-34 ans,Île-de-France,12507542,18.318,7.0
3714dddb830d1adb474c109f6babcd133db86e40af24c6331ec5f7b69d5d8ec2,96d2b215c9ce1b361a67db67339c4843115b35a480fefedbcdbef63eeeab3059,unknown,Data,2022,40-44 ans,Île-de-France,12507542,18.318,7.0
6fb5a267e8569ca20576464aeae360fef0a74de13d174fc1bc29f97c86968066,169db06312ee35b7bf3ebf40a27a56e0ab686a6f2c08d7fcd9fae942c12c5386,F,Data,2025,50-54 ans,Île-de-France,12507542,18.318,7.0
477ed4e5a8936a139dfae6dacab60fa10f513441b168e2b47ef884a1344a3b20,624fa0dca0c2189133198d311d322252f64d8b04739039541f5b8bcd285cff58,M,Data,2025,30-34 ans,Île-de-France,12507542,18.318,7.0
5057fdafd026cadf874e04fae637169cd5ab728fba871f2bfbc409b4fdc944ef,2b3b4ef70d3b52e03b11113ace6496a81ab8d9d4ad330b667f03f0e1f7d53f89,F,Data,2024,30-34 ans,Île-de-France,12507542,18.318,7.0
db8f0f1b0846b0bbacde80bad8cca44f8b87eeb9958a39472954d8b1b10f0388,192088029df5630d13ab56b0afad8f2b327c45b2559ad485f3d74f5267eaf265,F,Data,2024,40-44 ans,Centre-Val de Loire,2588006,3.79,6.9
25d2d7f2a1ece66ee4e01f4936c72aa9b80b0e38bb08ac0236cfb9b609b59470,5758c579e7272187bf017ca0843a56e0b6e039964d9bd90b336dcf24462805c5,M,Data,2025,35-39 ans,Hauts-de-France,5983840,8.764,9.0
cb5723ab0e838fe93269b5a27c5c8711f3c681aa187539474bfe9b27f787e4eb,d871586c0aeb51a576bdee36f572a0c921b66ae272b5a616f8f98370b47058dd,M,Data,2023,30-34 ans,Occitanie,6165869,9.03,8.8
d50fb3011e5a4b4c7d76134870519861d916878406d1a2f87530bb52c26abd62,f693817adf1c50d69fce45b9f9f652645d3329e5f5b0111f6cdf439b699a7b72,unknown,Data,2023,50-54 ans,Île-de-France,12507542,18.318,7.0
68695f3c679ec6cd6b9a1c37f1f1c354edb8af3f46757e8472372b1092c02933,9e26a3736c068601ef0964ec01cfaca01d1c6e65b64caa7c18fd1d31f8013c22,F,Data,2024,25-29 ans,Centre-Val de Loire,2588006,3.79,6.9
af7f5a6f38ee342f90a18005edc398343b3cd1a91db6f86dd69265c50ba4bbb0,f312b467b3459565d02a54eb4e7ccac5d0a9f3181089e53a5884649ce7e0c358,M,Data,2023,45-49 ans,Île-de-France,12507542,18.318,7.0
070c2b89bc7f1455fe91fb9df381c858e6c65deba4ec71dc631cc8eed5b4e9c8,7745dd23bec05bb4c05445b2a071b3bc5d1f68e7988bc42fae163b3f891c97b0,F,Data,2025,25-29 ans,Occitanie,6165869,9.03,8.8
ccf5ac1ff2dcde512c5984b4c426e61a8f894ac8777551f05d4d46e6a59afcc4,e08cc8ab56e9b6eff4ec38b18d2758aae0b5ed92bd6516213ec66d75acbc4cde,M,Data,2022,30-34 ans,Île-de-France,12507542,18.318,7.0
7dcbcf754edbdd1ca7d3a3d5140db4aa9161026b9ad529a555610db6ccb16fbc,33649855115edfe8f3e017a4d7e053aed2e6ac4c4d61e7613066eccb0edc10b4,M,Data,2025,25-29 ans,Hauts-de-France,5983840,8.764,9.0
f1c78e7d576d6f94a623f2a0e5f84e716755208caf11e6b78b5e46c22a2defc9,561967c85a1ad03248b90999eb20d65e98ce27b5fb510efc2c181bb33207dccf,M,Data,2022,50-54 ans,Île-de-France,12507542,18.318,7.0
fd1df49640b3b1b34e7479016f054b612649634e6a825064a7c64ff8f4dc19c0,1d41c5bcb573bf50d954d27c1612245d146d479d6df6a6c5a422ca4148e28654,M,Data,2022,50-54 ans,Île-de-France,12507542,18.318,7.0
231a1a76120679415692d2810de8c4bc1bb4f47500d13fb38a8fccd58def1bc7,96c76f7f3ceeab141f64a863feae8ed4476b6de7e693a20972d64ec75d22d867,M,Data,2023,25-29 ans,Île-de-France,12507542,18.318,7.0
11a746809ecd04c9ed1a13f272aec649af0793a81740ba82e284a5be3a2fe1aa,54d5ae530f4a523567b006c3bb1b3f0a1efdefa09f552e3cea3ca83efd84d2e8,unknown,Data,2022,45-49 ans,Pays de la Loire,3926871,5.751,5.9
56eed66deac1639f74e9264ad3ebd9b1bbe3105440ab44c7627f5d71054c2019,1f56b50f5aa9ad5cf570fb22c792400bcfb08a64f7fc40c4fb7f2c2e58f9b664,M,Data,2023,30-34 ans,Provence-Alpes-Côte d'Azur,5252362,7.692,7.9
396595ea4c6d77f4a585ac71d6370316dd5e9a24491ed4954325ff5f5ed92b9e,dcee5fd0d64d6fd921b7c4eded15c580c50a9994f3863c5ab58867bd4f55fc14,M,Data,2022,35-39 ans,Île-de-France,12507542,18.318,7.0
a3a55a2353a98df9627a091ce1d5a6bae091f906c5aec607ca39539f8bb81837,2fa87ebc528427fcd97824a2b8a44b2311aafa7484776beca91091f0add12222,unknown,Data,2024,30-34 ans,Bretagne,3469711,5.082,6.0
36ffb07ddb9de8740e4c3408b98666704e9dea6570bdafceb85524a275d0c28e,f9f66edc49bbcc37b6392cc0baab5557af8b37e4f9192d9c97a44a91978272e8,M,Data,2023,60 ans ou plus,Île-de-France,12507542,18.318,7.0
2a104cbf3d21f5defc3fdfecd469199888b4d7441e25fef38ee6ccfea1dc5186,9f54c2db66e0f44d2ba5b414a38bbefd374348659afba429a896b5d6b98d2de5,unknown,Data,2025,35-39 ans,Provence-Alpes-Côte d'Azur,5252362,7.692,7.9
211fcde118c6c01196f3da063d714f6c34a4cb7f69f155ca800667712abe11c1,6deadd731e9146b882717faea9c698c40aefc4919193edbf576e1426cfa8c788,unknown,Data,2023,30-34 ans,Île-de-France,12507542,18.318,7.0
8c7e2cb983b1ca645412aca1dff879d2c3b840f44aa9b91e65ef0aa4b19cd455,917d0324ee4e9d35f07dde0f989b0d4f70b93463c52c12cb0b6634f5ba918aef,M,Data,2023,45-49 ans,Bretagne,3469711,5.082,6.0
69d28a1767ad63640ff66117604be3ffb7dc0d31384dd15650cdaa8b3b87a9c2,cbed879f8cbd21a98ea941fcd30d0c6c9ebb898a43b9de1c2e5fb626a7a27164,F,Data,2023,25-29 ans,Île-de-France,12507542,18.318,7.0
26ea323f78880df0fe06a92190d03bb2ca064e36429d4bb3391bc17a79282a1c,25e947a3478523f048fd68366946e8c5cf17c1305b3a96dc5aa3b5c24e632433,F,Data,2022,35-39 ans,Auvergne-Rhône-Alpes,8238335,12.066,6.4
a6a1af28a14282c4a80308d080b73731672bfc27140bf6bebc9b8ac68bfe4b58,47f724017350572ff0eb570e16ec023a79a2e231eb1b52d2123a7b36c2222692,M,Data,2025,30-34 ans,Nouvelle-Aquitaine,6181885,9.054,6.6
b3940afd3af9c90008630a8482e9d649eed37055e73750190aa4b45ec2b38363,3f0ad5fd22b123aea885e9d9da556e1be8663caa696cb8b44786d45b5d4b0127,M,Data,2022,45-49 ans,Île-de-France,12507542,18.318,7.0
7f14a811392ae5c9ecbafdbaa7454aecba753d45bfa26aa06f1216e24d045f90,2ccd739a56cb3fac9545c32f0a83a748248023e22b4eba8d7ab202cb184e8031,M,Data,2022,45-49 ans,Île-de-France,12507542,18.318,7.0
4153a4754e09ee81709cd0eb11128834c34726d9cd172900d9205ba858d224f9,ffc7cb2bdca9d335e0be2e31f1185f5f92500f6773946d75353df8b525346515,M,Data,2024,50-54 ans,Île-de-France,12507542,18.318,7.0
4b6556362d22da0af94d1729d8f5a62b207d2c2ab212dbf68e83a22aa439dda3,21af3c99b92d7d3e0128a9f0b547b44c259d151b485e348557c5ec6489f46cbd,M,Data,2025,40-44 ans,Centre-Val de Loire,2588006,3.79,6.9
2c202d2e68abf4e4158d27c3d9670b46daa9f2de8e9637a4ee18f1f144c5cce5,a7c6ef8c790c1e774d17ad247dbff8f8a9eff11f14580482251827e7294a2c21,F,Data,2025,40-44 ans,Bretagne,3469711,5.082,6.0
f618826f738f052002d2622b699883f68c704971a546c2d25d88de5c749dbc8d,29603dd02c42381514d114c3ff199a74096bbef3c2fd1db7949e942f2c5f36b3,M,Data,2024,40-44 ans,Bretagne,3469711,5.082,6.0
bd33237b7b53950e31f97786a845b4917903be4fefe640e889f8308d8ebbe809,fac9e0983dce62e2a8cc007403e3792ce7740280b6b7fb2bd0843799bb3aba16,F,Data,2024,25-29 ans,Auvergne-Rhône-Alpes,8238335,12.066,6.4
7b88ffb574f1d0bb2018c57b857dae5047be61e2472151e3c278f74aa743a4ff,43af0a6694b4c7eeaaad3e9fda40de3b8dcd765bc1a130d05641a8a0e783bb64,F,Data,2024,40-44 ans,Occitanie,6165869,9.03,8.8
021087e9612a7d66d7406d9464ac80d1c872999de11a57cbb3c4b6633904ff38,f9743b62e85fb1e2d5c8b615ca62573c5a10799f322870c99cd4cd0ad77dfe19,M,Data,2022,35-39 ans,Île-de-France,12507542,18.318,7.0
27ab672b02b739ed662eaf87bbc55f033802c7f1ffddd6c58acf98b530ff37e8,6ed30705216d1e51e73f156fc0f758a2e9c9310dbbef50cc324bd52196ef029f,F,Data,2022,30-34 ans,Île-de-France,12507542,18.318,7.0
1fc998093b0c60c0a98167e2908f8385579891a973685d0f5231a472003ebb75,a966eaf1ad7afacdd0087e102eabd7fe0bccae1d74745fece54f91e21a0c06aa,F,Data,2024,35-39 ans,Auvergne-Rhône-Alpes,8238335,12.066,6.4
42c5e388701d637629d43b09c36d45375d34e1163330fc9f95f51d0c40f75bf0,65ad317573b904bcdd67e2f6fd442f432262b4b1ddb25dfa5ae26784bafca639,M,Data,2023,30-34 ans,Pays de la Loire,3926871,5.751,5.9
bae009e61eb36860232f8149b885259ed8e80d9f808420e3ddbe0cea6f1ecc9f,786db7b77305f14533f5b8a0a058757a1e7d4424b074561e4e6de38b953d9f8a,unknown,Data,2025,30-34 ans,Île-de-France,12507542,18.318,7.0
0dafb8d9c6bd795f97688be0a0a8640dae3625eb556b047f28154592e4e7fd55,0d415d4a60f276f52aaa6e323c8d725caa999f6d70e279e180d3d7b505111a06,unknown,Data,2022,35-39 ans,Auvergne-Rhône-Alpes,8238335,12.066,6.4
f9a3a43f63b811d814a05bc66cadc25408875e11b50f1dedcb9f4d6fe8e94918,1f15a4f51b8dd5307377cd2d99c26b3c51d661198a1c7a59106669f6807441b2,M,Data,2022,40-44 ans,Auvergne-Rhône-Alpes,8238335,12.066,6.4
dada5fa17b1536bef09411c9966d0990d96dc937f7cdda4bd592ecae55362ca7,347441ecc9c29b3a28f161845e1b1c25f9149c9bc78c1c3588ddc380a350c614,F,Data,2024,40-44 ans,Normandie,3348960,4.905,7.0
1dc19f205c4156994f4fd2b05adc85708dc3e772d2a91e7eaca8245af78da38b,8347a4542a970b16b0a7af825ccf14da14e98f5a20b5a55498978c4c6b4f56f9,F,Data,2025,40-44 ans,Île-de-France,12507542,18.318,7.0
9564634905af358ac65461a3a0260ca4c9d57b690207a26fa62edaa51e067dfc,e4d42e838108039f90f7d480a9a93d6a700602116299fe2a0f68719eb0dea17b,M,Data,2023,30-34 ans,Île-de-France,12507542,18.318,7.0
62e5e42a3331e3f1e7b4c9cf449c7a74dfadf03cc35cd2559662d97f80bef9d6,6310f79b95b6db8bef37f34288cdf217a6393a51d254e544258d49efcd3021d2,F,Data,2023,35-39 ans,Île-de-France,12507542,18.318,7.0
f0411dd8b71fc06b90961d5878062d05001fb2a319d3b83ffc2a3e9040953da5,2fb40e662a76a8a612ca293f07636b2c5460551f7fbbc732010d75a4c3ee6ac7,M,Data,2025,25-29 ans,Île-de-France,12507542,18.318,7.0
dbe0ab56c3d3d6953dd66c971357deaf6426ad3a1426690f4ab143b0592a5a78,fe5c37b3966c830df5aff1ba850c14579fed23ad2cffcfd37d438b5103792a56,unknown,Data,2022,50-54 ans,Île-de-France,12507542,18.318,7.0
003f57a6d603d23108a6f5734444324a9a3226562e7fe5605a2543a639a96aa5,81ee2f40a39a7963f194bea9a94e0d89e6ca5a286e2c84112d32b7a7231356e3,unknown,Data,2023,25-29 ans,Occitanie,6165869,9.03,8.8
ba8a674e58575d5e73e831c420cbc266f38fa084f90c0c0bf7c9c9ae651a0bd9,0c7e239ff62f215003e4b3572a9c65c676c983b7de8c411231061058db8038a0,M,Data,2025,25-29 ans,Normandie,3348960,4.905,7.0
0d9a58f035c2ea916e034c350e1e05e891a8c76cf4d543e6fd0b75e64c2c113e,5338d860618d48229826428948f340c275ef368352cd44963c22b7e847dc80c4,F,Data,2025,30-34 ans,Île-de-France,12507542,18.318,7.0
7321606c2f8c44ebd28ecc4656636da18c87446108a3b37bc80afa70e5e888ec,4f68e4f728f0e6aa916fd260fa49da68be080d489a775e2263eb3957ae07581b,M,Data,2023,35-39 ans,Île-de-France,12507542,18.318,7.0
a7eb4de989505ad5b658f2ec35ed67399e9600368671e4486e151df3ef3bb7cd,d425a48ecda1c0c4d6fae1b94865a37cc50d0298461324fb6761e53025fc8631,unknown,Data,2023,50-54 ans,Île-de-France,12507542,18.318,7.0
ed427d10e9fa477eb674e585baacda1381f124f4c358b37584adf14c1edc8a38,e4bae987a15f7559a99f88edff2c947086013265c3e353ef3eae7826f74662c5,F,Data,2023,35-39 ans,Hauts-de-France,5983840,8.764,9.0
c4263f43ff306c4258260eb15288ec43fcaabd0373eafc026a0259a93a124e97,d8dfa4727afe30bdd9ca6f257570eebe8e0ea6b60e0689f1cc85fd723ec74acd,M,Data,2024,40-44 ans,Île-de-France,12507542,18.318,7.0
eb4544eef5518076dcac668577d260effa154d52a6a08ddfab1e15f8eaeddd5f,89ceea6b87049e0762fb91dda3a0209dac7ff064f0488a6ae2219fab89b938b5,M,Data,2025,40-44 ans,Île-de-France,12507542,18.318,7.0
eeeff4a581a96dfb106abf3f460f3c6661447abd8784719723488c81e5dbacf1,70ed40efdd09698e89e55d98ff08b7ebd9817e638d8b82b9aab009cc07125cae,unknown,Data,2023,40-44 ans,Bretagne,3469711,5.082,6.0
e5da042fe263b55aa0aef0f937d53db13c61916d81b3169956cbfe50cf1afe12,9c4c7b92ac48e9f97f0c4243d48170b542610d2d9f53039b14f7effcb6fd56c6,F,Data,2022,30-34 ans,Île-de-France,12507542,18.318,7.0
9ba98d9becf45014d5480a4b773d11b206c8c931543aac4b9c9f10f0e73ad54e,3f7fa9cb15bed32a9bb323a117832bd721e6f9a017106d7d93abf1fd017ee7e2,M,Data,2024,25-29 ans,Île-de-France,12507542,18.318,7.0
156b5eaa2a426d056616bfc3f4a1cc21d6897b9da7683c86a82ac8d834dce3f0,305cd7a3e282000927929cd180a3398d3d2f25eeda53843a824430bec5d7b81b,M,Data,2025,25-29 ans,Occitanie,6165869,9.03,8.8
d56721645dfe624ce607373d87346451a40540d1667fb6cd3a3c4e1e58866791,8b579b969e50a34e036d61d796985cd411c92749063e25683c35ee88fbecb34e,F,Data,2025,50-54 ans,Grand Est,5557457,8.139,7.3
76948f8b3ad105485e67b92248a5db7f836d75028d199987e12145d5c33f48b1,c53969a3fc643691aefa8b5dababe4aea657d67b220347d8f283c1e72e1946fb,M,Data,2023,40-44 ans,Île-de-France,12507542,18.318,7.0
932d06258dbc69f4735a808710fad0fc8b5ef2e236629be926f3dad68ec91043,bec5fac82ac67920dd1aec9191c1e754076623c66a7fff921b59d41d0f4d2b05,F,Data,2023,35-39 ans,Bretagne,3469711,5.082,6.0
79b22a6c0852b0804a20e7c429b634c9a5ff355233db656f86418da34bc26f30,3c75ab241938226c3103790e1662568d417a854c5f10fff4ad76521aa31aa3ba,M,Data,2025,30-34 ans,Auvergne-Rhône-Alpes,8238335,12.066,6.4
c53bf9bddd98995b83c5db38b5af3c7c0544a7a6dfc2251b91e77d0fe54228d0,2fd11600ae34421dba3605d19185ea84f1611425bf4014ca5b439b218ddf0d64,unknown,Data,2022,30-34 ans,Grand Est,5557457,8.139,7.3
1a23c35c6daf16dd777c10f13adab017dd91eef9cce4e4e550b17130b8c5cb02,4af642e21042bd344be6082952b4a8e46b57a597d9a4672c0e72fd4d9d5ecb81,F,Data,2025,35-39 ans,Occitanie,6165869,9.03,8.8
82ce1cf0e383b493e33e1c9cb564c64701f50ff70a459b61822f2165feba8ae1,5a64023bff76f9e08287f28dd4c647609ccd76a7b1aed3c99fdc094af4ea50ef,unknown,Data,2022,45-49 ans,Île-de-France,12507542,18.318,7.0
8b96cb20531328e8358e8b548ba6b13bfd0b1b0e50830abe3645701b1fbc8530,f4825ec3a28a5dad9cf18db2f0e28306c5e3fc7f150acb1772b9353faf701760,M,Data,2022,35-39 ans,Île-de-France,12507542,18.318,7.0
89d63cd3821c88458cc788cbf398e6187dd3c3db8975f2024d5999c826107508,bba163262785c731b6d7e2d724e02ccea96b157727bb4d98b462046260c8ee37,unknown,Data,2023,25-29 ans,Grand Est,5557457,8.139,7.3
8f4ba816ba7ac74b80d3f6482b11453ef4a5b8864a5c6b5f544497cf3d604419,3811432019e39e4f1892f7b62bfa08c4b58f92b37133171833111461e7e71c07,M,Data,2023,30-34 ans,Île-de-France,12507542,18.318,7.0
cd11d5809fefc02df749373825ddffe814f46d287fb10e8d1fa3fd7a4fdcbfb8,7f4ed7a212db3d93c17fa123c75a771eafd3a37a4d9961777c5fbacab5528acc,M,Data,2022,30-34 ans,Île-de-France,12507542,18.318,7.0
a2a222f9a1a4cf22cca18118d8b058871cc1f85898892ffd0edd3734688bcd1c,76e8822a671cdd1eb9957a9703f974daa4422fb917959c999f714af56783ff1e,M,Data,2022,30-34 ans,Auvergne-Rhône-Alpes,8238335,12.066,6.4
696370aabbb3bbea5ae28f3d75be743bc5ee45a8d2fa3dd065489ff6428ed4be,34c17baa418b87d231cda657a7714373eb7018863107c8eeb6dfd5313e8b94ad,M,Data,2024,45-49 ans,Pays de la Loire,3926871,5.751,5.9
30219a1c195f8a6254da55590309b946cec400318895050148e6991e8a95cf5e,8c68e8b76dbe4779e00f04d53a43059f6cc82f27df5f74005b99022d1a3306b2,unknown,Data,2023,25-29 ans,Île-de-France,12507542,18.318,7.0
de8f78a2d64c71bb79142eb917e970ec829325ca7e209d0be71158b8413e387d,d6868f22dd8b46f039eeefe0c3db5b43fe1fc9bd4c5395b6a2b963f7f4314a12,M,Data,2025,35-39 ans,Auvergne-Rhône-Alpes,8238335,12.066,6.4
beb52c062031279a6f0d8ec9b55f9b3a5cbf4714430d2934a32012b064e6a329,87d945f9b468bb0a647e68aa4a153988539eaf217c40b9dafeffe0a3147264d8,M,Data,2022,30-34 ans,Île-de-France,12507542,18.318,7.0
960335ba2df2f1d562d32781f8f161e0b08ed27ce1687504063813b83e37a4f8,72571f2110198ab78b38c0e793817cd6c6dd35c1b00d87283a3896c9a4bc499d,F,Data,2023,30-34 ans,Nouvelle-Aquitaine,6181885,9.054,6.6
39d82e9f64408455aeb6a960339c3da65c412ee14c282c264e5209f3b7b6979b,768dc64e1dccf3640ac1b251b7bea224a7e9505df23936d14162fc25967798be,M,Data,2022,30-34 ans,Grand Est,5557457,8.139,7.3
cfb726dab93d93675248cc67c8cde23de43e337a3b5a6cc3da5f54b16d1b692f,da7af97022b15cd988a4ff58e215537a13827b912f0375103d32d4ac6665d267,unknown,Data,2022,35-39 ans,Auvergne-Rhône-Alpes,8238335,12.066,6.4
fa063b7f6b6c82073ad4766c0988e38f0d6dddac661877c3758c2f0e78ad55c2,95d1f2a607f7daa4c746049f8df79c9aee642cc1d0a9cce8921f31c5884aa3b2,M,Data,2022,25-29 ans,Nouvelle-Aquitaine,6181885,9.054,6.6
bac64b7dab4a0b9c6f198f8cac55e8c68e219fa35aa58fabb3637bd5396b082a,0c5539757c52aa2f43484ae675855dcdf8ead07049462f549abd40dbb98c8dd9,M,Data,2023,30-34 ans,Occitanie,6165869,9.03,8.8
40d58e0d482f0af66ead66327477ab853c36be537cbf4a81169a54506f0b480f,1bc43655d541001561440a47b47c30c3d7566826e7bbae47eb6ff459454e052e,F,Data,2025,45-49 ans,Bretagne,3469711,5.082,6.0
a3a55a2353a98df9627a091ce1d5a6bae091f906c5aec607ca39539f8bb81837,f871d684d9b0d320758c2ec628c7cd64b0def09b54eef43b76beb8c2e42b3212,unknown,Data,2022,30-34 ans,Bretagne,3469711,5.082,6.0
41a97f313e1e40d92064fd843f67a970877a08d80f1dd0c0ed3e1b6276eccc91,286386829c1fc64ceb997758ba1dbeccbcc14c7d4b5ea18bb08d4f81d99d1110,unknown,Data,2022,55-59 ans,Île-de-France,12507542,18.318,7.0
3063391630ffb59d3acb10db0abbbe2cfa5a198173b4a4f29398e34a12eec87a,515fe8623a5aa5004e9c010ca74f86ac457fb2423f7e541069fe0833606fa86b,F,Data,2025,50-54 ans,Île-de-France,12507542,18.318,7.0
f55a37fd37ae00882df2427b4d060beb148fed4a42967b59221e0f6f036489f1,33de49473b401aec3bb3996ccd893ecfc2555836ce34451ee2b17030d8d4c8d0,M,Data,2024,35-39 ans,Occitanie,6165869,9.03,8.8
3c6167e756e14ba72d0453b11a96ab86660c6a6e2bdec7b20f5b5d0ca94bc647,60391b4366f7110603210b8d65c09059b6fa365c437bfd6b2e6651cd54a92494,M,Data,2023,45-49 ans,Île-de-France,12507542,18.318,7.0
7cfcce276020165f134d4b8de2d020789554294799a3e719c0055d64d080278a,b7b585e44b04315b4f0292b6401c06b4d6972d20057b35e5d778403557a0e988,M,Data,2023,30-34 ans,Île-de-France,12507542,18.318,7.0
03280cef8192974ef7a3852a9af621cae3f3ba30cea97ae84234579a32734408,330abfc9181ceb9e3fc09eb32cf3bfd62b86f393607ebe0740270d2d17fcba43,M,Data,2022,50-54 ans,Nouvelle-Aquitaine,6181885,9.054,6.6
5a104878a395e3702863bcac6880b7825d054d136de199d3a4a37b630dfb885f,4ba430b30242d86b95554d39ed977585396571acca64898d85adad47e087bd0e,F,Data,2023,40-44 ans,Provence-Alpes-Côte d'Azur,5252362,7.692,7.9
b9440c034fb84728ad89bd0e07a3b5132a83e8a93ce9ed6399516bcc8ceda389,6c67cdefb8b56b3f4693ee43edb690e0be79fbc79647448fbcde1f93feea6da8,M,Data,2024,35-39 ans,Grand Est,5557457,8.139,7.3
10e702b0647339e5c285acef85a09b2fb4302b82117ef07f93b6aee0109802ba,3e128e97a7aea006161c68ab7924c4cd08970fbfbb00389a71001c11d5bd68cc,unknown,Data,2023,25-29 ans,Île-de-France,12507542,18.318,7.0
6bbb0304f76b8fe1724b42ad7929f81b3c03e59e733decf551eee96590cce7d3,14a59d7c90d6c0ef6cc815b8dae396fa3090db62da0df44a5e498c89483a9e06,unknown,Data,2023,25-29 ans,Occitanie,6165869,9.03,8.8
0698abb5fb728e7dda21cdce9bda55d866d77f60f56acd3677e4dc253e59e785,c3dcd71645af55974eed00e67301f4a5751523aca4646d9d296dcd9a57c08b83,F,Data,2022,50-54 ans,Provence-Alpes-Côte d'Azur,5252362,7.692,7.9
81833cc6c18fa81cb631e5002692ef1233759aab92735bb3423cba013f4f978a,b6a4de1c14fee1ed1de91a1829ab82449d5799f2770c02bd79e8f2fbc7f3075b,F,Data,2024,30-34 ans,Île-de-France,12507542,18.318,7.0
7d93c4c78bf82b692e364245b24a9b7bc6fba4c9c84731f32bf3de459a00b7e0,d9189552916bbfeb790a07e44e331456809b959927e54161c71c75285da91262,M,Data,2022,25-29 ans,Île-de-France,12507542,18.318,7.0
c79af6b00cff0b43dfd3a68d6f367ae79fec50be59aa27f97d24eb2f98216459,81cd1ac7b9417ce2aca954498df6ef17d39da1fc1e06feec7953f07645590ccb,M,Data,2025,35-39 ans,Auvergne-Rhône-Alpes,8238335,12.066,6.4
4299c9f7affae4dc082965bee0258e84ae944000e1308b8dccd24676282b4ff8,8ef83953edfbc70013fcf3cb52e977a9427b3e84a923ed8e71b3a44e66ddb1ac,M,Data,2022,40-44 ans,Provence-Alpes-Côte d'Azur,5252362,7.692,7.9
0d50201e3f5c60adac82aab82d41b0b50d5c82ca42c939255e167efe012b998d,3b69fea939301798aaf111ab41e778f75bcfb3a5b17b8645971c9e734e795707,unknown,Data,2022,30-34 ans,Grand Est,5557457,8.139,7.3
44b0129628b67b6684135f3dc026d94e974804a1c85ed5474fb6852914db0cea,a9ab36db94189aa2744de46c5538d2f7ff431a52fd187c1e2ea995605a4dc9d8,unknown,Data,2023,35-39 ans,Nouvelle-Aquitaine,6181885,9.054,6.6
389fd43592c4feaf7f98d2e7d73ed1702dbfa9fb0038de5da38a6272815ddb99,82054bb846c32df2287af3748a84647f95127e3fd97215e8cd4e74f595db2180,M,Data,2022,45-49 ans,Auvergne-Rhône-Alpes,8238335,12.066,6.4
5e5a9b9225146f55b197a53b429141cd38d7fcb6e621481f37bd1bcb1a5ce255,16d2baccb6d0c1b3e4b19fb3fcc06be890640002cf3b90bfa5211d433decc9e7,M,Data,2022,35-39 ans,Île-de-France,12507542,18.318,7.0
ba4ca3832358d3fa476108b7c21e84ef278ffb2984764ad5e77176dd0e49f6e5,99d930d83f830eaf613e1fa11e23652c23b2c52d0f5b2f509e7c60d65e2d0d8d,F,Data,2025,30-34 ans,Provence-Alpes-Côte d'Azur,5252362,7.692,7.9
ea1b723ba8c7a50347adbbc448e118aa530c1e5f67e5244d546e60d003027182,5465453455b66ea47cbb5383063a36fe7df79d5753ab5e09145977c4df68b598,unknown,Data,2022,35-39 ans,Île-de-France,12507542,18.318,7.0
69956438b8e52f83579b894792b63e9bee30d96d241fc8ec1b42700cccc3aec9,4bd9d709b81a4dee0bf301cefdbd2dae1bdc2672e51bbb7a47fe7dba04d3d036,unknown,Data,2023,35-39 ans,Île-de-France,12507542,18.318,7.0
8ff6e09b63bdc008f8025da881480b9b0a2a4a12628adad284ef0f4bf371fed6,672bf8e6f1af616cb2afb29e551a362c7a14897c55abe47a718cf949202499fa,M,Data,2024,30-34 ans,Île-de-France,12507542,18.318,7.0
bb738fce5f41de92abf09b3f110c5a709ac537358c602d937b0af12820b8407c,b865831ad9ac19d6e8dc5d1f71e505f1e06527c34403e5a38efa6666618e7eb6,M,Data,2022,25-29 ans,Occitanie,6165869,9.03,8.8
9d4587fefc6ec16e32d77194b7cf7dcd49de0cf55eae8d370e1c034465162cf2,f071157aadfbaad4c9f1b5fa9e01e250c57a146ccdb56ce563f7806403fb44b6,F,Data,2024,30-34 ans,Île-de-France,12507542,18.318,7.0
c3fc2eb2f65f679dc81957fe4448d5c4af823a7115d0522cdce1c88f8089b3de,51fed2339ffd38ae4330265ba59975565a07ae9358c850be0370063528146a61,M,Data,2023,30-34 ans,Provence-Alpes-Côte d'Azur,5252362,7.692,7.9
cbbac0aed99aef82e6667391e136d6e2ab9d6639a324aca7bc306bdd81418445,0d59fb28ac519fef4a4f1bb6bc2f93daed367aeb08b6043eb29ea4c69a66a026,unknown,Data,2024,50-54 ans,Île-de-France,12507542,18.318,7.0
0919a5a3654803f250a5cd0e0adbdfa6cce41a0b9b116778ac3bf2c8ceb4826c,820f629e141518c24e6fb5b9c55f7dc4d70ba926b5e94a4b295a7dbbff757509,M,Data,2022,35-39 ans,Île-de-France,12507542,18.318,7.0
089ccad06c0f23e9f31a706adcc52d70718829348666a862eb466bac513ba72f,48fe5b4d5a89d109590dfe2e84406024fc24cf22111134351248aacef0f68b74,M,Data,2024,45-49 ans,Île-de-France,12507542,18.318,7.0
960b7bed12d5e139d654d34e6e7f15c57a658e783993f5138b0dfa807fe1b390,d7ed4e5af74fcfa60db021c64329e0b1ebf1109e02a6e2b09ee966087763e00e,unknown,Data,2022,30-34 ans,Île-de-France,12507542,18.318,7.0
c2dca228007c8177f143f1f5c437e427aebe83edbb201c09ec70bc403ac3a065,ba9fc6340e6f97c886304930034cf3037d81b1144bb9e0379392ec5969e3b295,unknown,Data,2022,55-59 ans,Occitanie,6165869,9.03,8.8
3b37491b8d2b665a40230562ef001595626cb47b2405116f98a1c4ac8c24fd61,83755310b2c232bd4a85112b2c883cf8af4f15ec147b47f9b9177e35ad474f34,M,Data,2025,30-34 ans,Île-de-France,12507542,18.318,7.0
c3630aaa9d0bf3fc679d907242f2045c84f0f99f83bd999fd4aefffb8b0a6877,9fadadf8417f9d27498dc0afa2c58910e856aa1ddebd22ba6179de8ee937c0cc,unknown,Data,2023,30-34 ans,Nouvelle-Aquitaine,6181885,9.054,6.6
a3a90b1ba9f1c5dea2cc69d5d1d6b64d2de0887d3101469126f70d5101070208,b474ff3f6a14d258d1f44f3f18d1aba3054e8ea99a7d968ea3111f6e92d4081f,unknown,Data,2022,40-44 ans,Nouvelle-Aquitaine,6181885,9.054,6.6
52b7c7b4d322a0f63b11fb6b8cd02f854496e7cff34d2ebdd6968e89ef77dde6,d7d5e37bc2d73b7e64a8389098dc4f8b714ec31d106b76a8514e584dc846dc2a,M,Data,2024,35-39 ans,Normandie,3348960,4.905,7.0
b6a97f3331c751580e98934dcff756eab06eab1ac13e61fa239fb68623f09e4a,1fc127a54641f2f51b69c299a17c59c07ff501ed5cc385f9ea3e26eedbd83445,unknown,Data,2023,40-44 ans,Bretagne,3469711,5.082,6.0
e45d08bc2a026d241c5d1b46810bd0608fa9fdf2fd5e6043843431780737fb82,bf0c39e424b07d172cae66188591c119ef6742acef2eb3f8e46f10c71a538aac,F,Data,2025,50-54 ans,Provence-Alpes-Côte d'Azur,5252362,7.692,7.9
83bd1cb2623a2887cd71c6a3cb90685aa32dc87a09784cf3368e29457ba6bf8f,149293d271efeb2b5fb7612d1cb43830f00b5082f945ecc314d878b43bfef31b,M,Data,2024,20-24 ans,Auvergne-Rhône-Alpes,8238335,12.066,6.4
c6859c6ba6ca110d01b0bdb1060dbf7b28abc377ee31afc6390a208365605f7e,9347e572dfab09f9043359410d0bd047847d9a674f971488e8a90e4fdfab9fc0,unknown,Data,2022,25-29 ans,Nouvelle-Aquitaine,6181885,9.054,6.6
d0d296743b2620fdee95c24491c415980068d53fee3230e3b43f64094d76fd9c,724464dc2d6784cce8e0682b38e536c347973fb4a9b6e79689ce3bbede625be2,M,Data,2025,30-34 ans,Île-de-France,12507542,18.318,7.0
beaa191ca63be22054e3a8ac6d782589ca10efef8cff642d677d4d1241ba1b2f,1fd42f7329962a423e837bd90f5789705f7fab20005dc57744df6117332fe930,M,Data,2024,25-29 ans,Île-de-France,12507542,18.318,7.0
c0de1b41a4f5ddebd84824c0ebc3d32b2287771327af01a1b990cb14f16d7a00,52d1fbfe4a6dd535ac987aeb209dfa20eae62b3bec8a621017a0d6f8b38dfb33,unknown,Data,2023,45-49 ans,Île-de-France,12507542,18.318,7.0
8cb9c69f24363a66f7e6905b14fc602188d1fc969778100e44a6a9d4262b09d1,15c33f92feb483e70898543964d08321c1a06d42731e3db282bd24c735f5b765,M,Data,2024,50-54 ans,Île-de-France,12507542,18.318,7.0
0ab7ee07e1cdc5edcd77a0a9a956c9411f9a8368f8debce0b0ceab86b1c18cad,b0c9f929ddf23457e2982d9a72da202d8099ba178465226ab868fae62f68d91a,F,Data,2025,35-39 ans,Provence-Alpes-Côte d'Azur,5252362,7.692,7.9
91a897ab9cb9d78e576dd11a2e812ed328e8ecf5859781b7fd3e0b5adeaf02a8,decd0e748da3a9511bf490da9572ff91bbe7ba63caef1f179d175eb2465ed803,M,Data,2023,30-34 ans,Île-de-France,12507542,18.318,7.0
caba3fdde7b4cc5c2e58c20cb221035970bc68aaecf15fd0f07cd9fe30b301dc,17a1a821e663a745d0b39a96e2c825ae3a26da6b359d7f0ae9eeec72c97636dd,unknown,Data,2022,25-29 ans,Auvergne-Rhône-Alpes,8238335,12.066,6.4
9e9dd1dbe899e11a7d64b5f9c60ad173ddd1779314ecfa7d04c9ea0f9e1ca490,5b2ff6a665a70b843dbdd301b8cfc5d5b8bc2a9ed06aab293dfc6b621339ebd8,F,Data,2025,30-34 ans,Provence-Alpes-Côte d'Azur,5252362,7.692,7.9
d5baffb80968dea8030540a2ceb24228fbb885125de7750203f3f92782921872,c6fb34d9bcfff9f666a179b8b5434fc4b714d814a402bf4223a03c53211d767c,M,Data,2023,50-54 ans,Pays de la Loire,3926871,5.751,5.9
78115364884f5fdf9664402f034cf113c09c018e1cf08d04b61f0dbb06866164,89a58146f813c4224e9089f73b678267810004433125392107ac3d63ac7f40f1,unknown,Data,2023,25-29 ans,Auvergne-Rhône-Alpes,8238335,12.066,6.4
22dbe7d12f8b97b1a38ce88ef2378addcb885422edf324db4c9d36bd0c1d1104,5bbfadf46ac45656a74564943f6da0609ae3b767c39fda96bc188a0ac633438a,M,Data,2025,25-29 ans,Occitanie,6165869,9.03,8.8
843f17124578c635a8f491085ae2d57768ca05b8c11bf7aca90b69265101b97b,7f3f01466348069905044ad33c10c26ca976e038746646d749e03be38cc5cb62,M,Data,2022,55-59 ans,Île-de-France,12507542,18.318,7.0
d34431c945d7fbe5cc7a2392a4c7a24cbea55427ed16583cc80949f4cc989367,32e9efdbf43bcec598d9f9715ab122074e989541f4bb8718e23bc76aa68a8ad7,F,Data,2025,40-44 ans,Île-de-France,12507542,18.318,7.0
70c0bf6c15b07ec07af9a58c92ae8eecf67b3055057fee37f9a06ec45cb6400a,7e5474a374526d49fe147efcf56f339d9bca193b8e19a0f3a3d32d4ff39d7850,unknown,Data,2023,30-34 ans,Île-de-France,12507542,18.318,7.0
24cb4eb5982a68d86eb87eb104518103498a05303d9f01c3d81388522db1c31c,054e65ca9bac04bdd43f2fe585308999a45bc214d764a1d69a55ff5897409c88,unknown,Data,2023,25-29 ans,Occitanie,6165869,9.03,8.8
2c40162f2eb01eb4e9fc6100405a1109f006f4105df489cb5731d0f66d237566,350c12485fae5d45e945b0e4cac6b400c3a69853b0e774d2ce3c01ba8f038821,M,Data,2025,25-29 ans,Île-de-France,12507542,18.318,7.0
114bc61b677a1898df6951a345efda696b3d6d0f9951b8cc236beca4ce1304c8,b16ee2048cb3ad1ba2bfe95de34ad1cb014b87705ea7ebd72858bd002e1be2e6,M,Data,2022,45-49 ans,Centre-Val de Loire,2588006,3.79,6.9
6ca12005a11a2dccd3b6f09fe4e5b25b997c484a8cd44b1a97be577567f0c43b,f031f90477c382a57610a475917135cac2c15ed2e49a067f33f9edb83da4605a,F,Data,2024,25-29 ans,Île-de-France,12507542,18.318,7.0
7a39c1c1a1d7af94654605be002202dd19fbab259da991b3e09193385265a146,8f84c19ae946f3331e18e83fb24612fff20e5a30552fd688a4b2bc15e189060d,M,Data,2024,20-24 ans,Occitanie,6165869,9.03,8.8
16ad9a586a98a432732a59e193a380f168225886be3fae4ee3a26472fd79e52e,d31038de165d0f16c388ca8290106a07ff9aaecaf3cf8d03697a1b1e25827874,unknown,Data,2023,25-29 ans,Pays de la Loire,3926871,5.751,5.9
a7ca3b07974755da833ad0b7662702a0dfd47284a562cfd727eda5e3f162979c,32e420a145e06274c76969f5d4efe87bf9a07c2c9e4cf898f870e68b03a2b8f9,M,Data,2025,30-34 ans,Hauts-de-France,5983840,8.764,9.0
a8e063e38fc930349ee85ad541013cd1be473176d1eb4aa9af6a6996ed1a0a98,c4133a910c835a33125d7ed763e1f6df35070305d453b5c161f2cd8a55ed353d,unknown,Data,2022,35-39 ans,Île-de-France,12507542,18.318,7.0
135f1afdafa97ef80e7f33f82731a7ca10cbffadf0c348b0c6de36b091e867d7,6319418bbe861b461c2955e0af137bb0d81826dcd3b46163dde3589899b76577,M,Data,2023,30-34 ans,Grand Est,5557457,8.139,7.3
d38395c610de828c02cc5121c6d71ba3ebf7234023ea141d4487ea55ebb48f48,9222efabe0c1730a2f2c2411af9ccdbb7388aff6cd31534309b9ff2e091bca8e,M,Data,2023,25-29 ans,Grand Est,5557457,8.139,7.3
79f2090eb525ec6f9b47ebbcd29be978305f4e690dee2a00cc0e41b823cf52f9,54af9759c116aeb36bb547291ab85688962267b0ae18508b54517f61589d55fa,unknown,Data,2023,30-34 ans,Occitanie,6165869,9.03,8.8
b55edd23f93f85fd33c36151b6243a2d9f00c276c8ac2dc029cb82f7ab6ac7a1,8a96bb2e8962067f43b2cf069ade5dbe35a4999154268f07498cd7274ae5943d,unknown,Data,2022,50-54 ans,Île-de-France,12507542,18.318,7.0
7798ad5b9aa724d369a6e20dab56711931c808466e097a83b7d1bae4d6c3f98a,ef475c95a0156ee95b651ad68b030e11e3538b186627ebefd89895869c29759a,M,Data,2025,25-29 ans,Grand Est,5557457,8.139,7.3
79f2090eb525ec6f9b47ebbcd29be978305f4e690dee2a00cc0e41b823cf52f9,87e8fa58c38b5b14b08739392aa97b001a0dab9e0d8ca8212dc1019bc6a68ca3,unknown,Data,2024,30-34 ans,Occitanie,6165869,9.03,8.8
dbe9dffb41fd004ffceaf6593302747479a7a3a1c4a998166cf902712fd1d307,926a6244f3ef07cb50465b3a846e73c9e78f4a5b6756a465bdb44dce9c45d709,unknown,Data,2022,50-54 ans,Auvergne-Rhône-Alpes,8238335,12.066,6.4
4162b42175b95f7b0e709ab4c01bc8defe73a2ed1cfe8130a0c1cfb833e58915,274702c35459bf88a948225e1bbbd59d77d58e2161f2ca4841875e1738b8985f,M,Data,2025,35-39 ans,Île-de-France,12507542,18.318,7.0
efa4ede76a1182d94fe18423fafa6c0c3e4512fb521325012f46747878e568f5,db7b2b51d3aae06a1ce3347dde62cb8636e3e73ea5d6fec5317b5bfcd15c5fbd,F,Data,2025,35-39 ans,Île-de-France,12507542,18.318,7.0
9fb582470b2609281eb18cfee91abd3004c3519dd9976c89d309c30bbe19ef5b,4c479c0e8b670187ee8ce277ad79dea0bdc0571e222393045377129e56fefdee,M,Data,2024,25-29 ans,Île-de-France,12507542,18.318,7.0
b9183bcec0bf69301f75d2e9a169b53b690e7c069da73a14e5896a6b2eba53ea,3fb604026867408c5f3eef519b4c80da7b0d24c47ef2561d17dd10a1d1a237d4,F,Data,2023,25-29 ans,Île-de-France,12507542,18.318,7.0
066c0a5fe030730534d5f336c849f52bf8476fe62fc3d3a0f3c7e98678f93178,5b5a14c163ab06ebaf85effadb6cad501732e818fefb3e57a023ba8ed577d46c,M,Data,2025,25-29 ans,Île-de-France,12507542,18.318,7.0
4b51e72f37297c7666abdcabb4314dad25bf75503de2343ab3735a77718699a9,26586d28bf710270c69608099e325e667566f4c305417d90a9197aed134d96b6,F,Data,2024,40-44 ans,Auvergne-Rhône-Alpes,8238335,12.066,6.4
1f758e09588e50309e760db7475339c43a317ea37addc5805b1aa61b6fe9267f,c253eaaba4f6eaa452d9d9b0e74812fb2476786031b189d4e5d29421a68412f9,M,Data,2025,35-39 ans,Hauts-de-France,5983840,8.764,9.0
bdafb560246decada921448d6ee857a09db165c5196243778b9420f88473a150,d4f08bfa424934495fc44c2c5c1c557f7df3c741da9f807a3dbdca6cd2ecb327,M,Data,2024,35-39 ans,Île-de-France,12507542,18.318,7.0
9cdaf6c52bd2342ceb79fe4469d779580694ce59d40e2dec765e0433a18b46ec,1f48a039f2933af0a43fa1f79d44d9098c7ebd31c44b0d417d16cd2078d557b0,M,Data,2022,30-34 ans,Provence-Alpes-Côte d'Azur,5252362,7.692,7.9
f7e0c085392c6b6727ed61c315fd0726d08718488ac2af84aeaceb9ec451802d,700d2b67ce79d3fa5e59f38071c080a83af5010a1da7b4d58a0d6e658f598171,M,Data,2023,30-34 ans,Hauts-de-France,5983840,8.764,9.0
f819b24c3282bd4fe42ef036b39ce623334f682c0983e54c3c93b43198666a19,74fcc3575aa080299232a9c3946d3a8dbd391b97901dc74c7b5c89747f63139e,M,Data,2022,40-44 ans,Île-de-France,12507542,18.318,7.0
dee1de423459da90a3e191c3807dbb7c45323fb34f9113930a746e6dcba65968,db4f38f0d0c6c0ab1227dd40831151470ceadf64e9f591ca2281f5a9414b0629,unknown,Data,2022,25-29 ans,Île-de-France,12507542,18.318,7.0
c6d4d031482ef14ff3ba5a541f4e5075e56d3caa34057eb7e27c8f4417a6b4f5,437d609b10da3b76806d6d418756108fd432825e5b4e66eb701b3dcd5e5e0586,unknown,Data,2022,30-34 ans,Occitanie,6165869,9.03,8.8
f2e98639489078e0c1ac8a010b2926cdd5cc9cbcc7387c4e450fcc94170dc797,c31145d99aaf1d4599bed0dfa65119a6050fbfc7af0fe8b545b1f8a27cd3c191,M,Data,2023,25-29 ans,Île-de-France,12507542,18.318,7.0
16f8307415e31ff4bbf983c0be4a56a43b45ba5089de3ccd08a4af85c3823b0a,452bdca1d7bbbd31056fec894c3080e785317190088818af09473c0235260d5d,unknown,Data,2023,35-39 ans,Île-de-France,12507542,18.318,7.0
3b94051210f4f52882edcda7da6bbbc1a50b7954f8426051e2f9f7163be78267,37440603254873ed46aba40d214eb95aab486d2f12be6bffe388ce0bd86cc283,unknown,Data,2023,35-39 ans,Bretagne,3469711,5.082,6.0
8e041ba096d2ddcd9d326f5ac8de296df95622cd235351c0566da84acbb4f824,9196bdf566573938ed1a15e5144752943891d79a3d102047c3ec77b237f27c92,M,Data,2023,40-44 ans,Normandie,3348960,4.905,7.0
30a87aa2450a0f8b3de6400b9091f0f56246c94856e489a6f1797243d2c66d5e,669da57a8988c575b9d46786bed333077936548ff4109809c6c5d34d2f925bbe,M,Data,2022,30-34 ans,Auvergne-Rhône-Alpes,8238335,12.066,6.4
34c24f5fa9da30c294215d76a8702733d6378b2b030e492c9b51017e6c512ec1,527444bb06308b1f8667c7b02affa8f993248cd25b9f047b1477ec0017344548,M,Data,2025,45-49 ans,Nouvelle-Aquitaine,6181885,9.054,6.6
57d9a4015b6258a40a15b18f6c42407318e74c8ea69ed7ae543738b646509344,d76a92df6ddabd00b2299f3efb6a519b5026255a743191af68dc5cc983c812a1,M,Data,2025,35-39 ans,Hauts-de-France,5983840,8.764,9.0
42ec97b9704e464d3cd7b9b3d56fa7d6a6a46d1b0d6ebc5672262032022fef9c,452e97cb2266f216185e5013203340aa222d1f551be00cf4d83f207108bb8b58,M,Data,2022,45-49 ans,Île-de-France,12507542,18.318,7.0
40c88864fd33a0d3ecc464b4b6fe01e95106446857a0106492271d7ffec0e4b2,80e70e5e44fbf9b2df82e2a709a0a3cfcf318743c81d9afbfb7b6dad1c3661c7,unknown,Data,2023,25-29 ans,Île-de-France,12507542,18.318,7.0
ee19988cbaf6774ba77bdcf564433093fb828cf17d4590192b2f26366a37eec8,bb90fe10fea3757559e9d264c8ed5f066701112b190955f2b5c78bf966e32615,unknown,Data,2023,35-39 ans,Île-de-France,12507542,18.318,7.0
33f24559dff065736b3b4fbce8582e6a3acf2066b6cc6c606dbed3495c255ed8,820d25d0572b513ce37e57105438363ff4234728826b317efc56fe06ce73d8ac,M,Data,2025,30-34 ans,Île-de-France,12507542,18.318,7.0
f18aa4b8622770162e0783e99192f0e7340b89bfcebbf40cf012ea6217a75b3b,5a969afef12a9fcd31e93824397c05f8ffaffb5df667cc71349c9fd18dac1291,M,Data,2023,30-34 ans,Provence-Alpes-Côte d'Azur,5252362,7.692,7.9
25a8f0def949603d88fe4173a53ea46d518737c38e785b7995fe7bbfe8cc257d,36ff4c02c46dfc3fd4b3cc365e0ddce00ac912970b6e3d02eee0e4359e9fde52,M,Data,2022,35-39 ans,Nouvelle-Aquitaine,6181885,9.054,6.6
1fbf6cedaa7298586507abc28aeb1b26c61c3ba2712df5f1999eb0a70d88e1af,f8d0909ec5f579530241e784400e289e51874c346bf13b11efd305792f3e3020,M,Data,2022,40-44 ans,Auvergne-Rhône-Alpes,8238335,12.066,6.4
7c2d40b63cfc023455554b8aa1a973616cf5441c497882f6b5324f9428e1208b,1e3731c1c9fffe4b2a32b50f87bf87b2ae4e2cd5347b9ea90917d08abe8e24ba,M,Data,2023,40-44 ans,Île-de-France,12507542,18.318,7.0
96b5cd0ed06440e28248daee0d7c9e7ca6faa632e5083e63cc7b17bfa904de90,75d178d5bdcde7db0642f7c327fbd1a3edfbb06eea71c538d5fa9fffc4e5d3e5,M,Data,2024,30-34 ans,Hauts-de-France,5983840,8.764,9.0
2e9db810e22ee063c297ff5c5f624fc64aa306dc61c83d53ffc98f86c34c6409,91f536dac1313f0732f7764aabf2401753c7da2c86af6e906886d15cba9b0cbd,M,Data,2023,40-44 ans,Île-de-France,12507542,18.318,7.0
72c0532e79c23fa556b325bc5ebeef0156c0a1a0549a283950bfb13a2779e14a,f8ca906f00172d593c653556d5877a194b6ad226055246de6e643103285c3a6a,M,Data,2025,45-49 ans,Provence-Alpes-Côte d'Azur,5252362,7.692,7.9
07f44f03bea66cae81c36500cf563adcf04d062badd1aa8030e65029ea10f09d,e4205d0fed5a4f9d4aec87d505428a614782b5453522fe1df793cf308894bedf,M,Data,2025,20-24 ans,Île-de-France,12507542,18.318,7.0
9802b14cdc24125c673134d6b14a14f8bf866ac7062589dc59db32f205d58e4b,f40c8ef6d6711243ea47e0ce51c4bbb23a8a43fc7f67eac614a5fc68510238aa,F,Data,2024,30-34 ans,Occitanie,6165869,9.03,8.8
15954c3946e964dd16dbc8d521f2ad366f632cd736fb56f42e795395a8dff7f3,c5728b9c95f2d929ab7d715c230da0243d9ae7c35663310f5130de00d0e24f3e,M,Data,2023,25-29 ans,Grand Est,5557457,8.139,7.3
250e9d92d650352044312ca91a9d50b865399ba4716bb7e02b5586dd93cb60ee,4de8fa11a0a67f67d11933ef55c09a263f869fe24c19530806f2cb35e3f9243e,F,Data,2025,30-34 ans,Île-de-France,12507542,18.318,7.0
289d1a27265fc6c79b941401c239b2023b55b219b3becb74de69e721649923d4,fe9062f106258072a066887015e10cacbb17c466945dd789ad9e9721dfabcb3e,unknown,Data,2022,35-39 ans,Auvergne-Rhône-Alpes,8238335,12.066,6.4
c4eb6eacb03b33c09ee0ca9b8127378569a5b4795de841440efb01e1c017b143,0871775f6978785723e8746d8d8a889e4f5bb2211da6da9e2f3ceafce6c0e293,M,Data,2025,35-39 ans,Provence-Alpes-Côte d'Azur,5252362,7.692,7.9
771295d3979777eb954a12382ad6adf12df9f1ca9bd95a61e2de2d05e8602ad8,ae53f913fa405e7740474c2567e467b18d1ac5284951c5507bde3cc623ccadb8,M,Data,2023,35-39 ans,Île-de-France,12507542,18.318,7.0
c967c0e6948ba108d8b0ea31a7281e3d89a2d942ba9a097580e268a366ef2653,cde0dcfe93ceb023cb902b906d8bcf773bfef6baac2a47562da63bb7d204d762,M,Data,2023,30-34 ans,Île-de-France,12507542,18.318,7.0
e619a398f1385a84c07117cc8a587758955c258e16fce274ee5041d3bbe982de,a2c36328ff6055cc5f19bf02b67d33bf5e70bb7cd6ebccbd3fc0b90e52308bd0,unknown,Data,2023,30-34 ans,Île-de-France,12507542,18.318,7.0
37f66894410ea6228d3b0a16c0115d141cd26b0c6c5ac5920b1e18532beeedf2,27226414c5f41801ab95450f78c9f90a7e8381f72a0cc5f40c31dee1442822e1,unknown,Data,2022,25-29 ans,Pays de la Loire,3926871,5.751,5.9
123253a79cd20a350fa07b69bd213b28e1e8cd164615449496a547553d67fb6c,48113e6f8a548abbbd2e3966230ec97430f8dfe55be20d8ffcffda09d69ae9cf,F,Data,2022,45-49 ans,Île-de-France,12507542,18.318,7.0
707d50a2f108b573cfcc910f583ed4cffd5e889953dabce5f0c3c20ec66d4015,ac1e4215cb90c9c621bed9b76a4a11d34c367ee153aef2768e02642e3e1261cc,unknown,Data,2023,25-29 ans,Bretagne,3469711,5.082,6.0
e132fefc9abf01206bef9e752d0c4a90e05c1600b87d18ce41ccd89c8f217b90,ae344a07f621c72a16c8ca610fd62e328500dc6b5461bf0e4d7b0e2e46936339,M,Data,2024,25-29 ans,Île-de-France,12507542,18.318,7.0
97881fd60d6aac72337378773971f55774ea59798dd47554fdf2e5c0b1d12544,3230ae02ef91a562441689a2cac1bc70d0f4d617144933020bfa7afa63b62025,M,Data,2022,25-29 ans,Bourgogne-Franche-Comté,2800180,4.101,6.6
4c978eb2095ee5a90a4f0833bf1aa7bf8f4d11a5d43ef2c70561364974468afc,ac283439c6c998ccd28ffdfd9e5fe34bb1c84b16d0ec08804880eb57534c6c01,M,Data,2024,25-29 ans,Nouvelle-Aquitaine,6181885,9.054,6.6
f5ef5742fbbdbb343b59c11e1a2832f4c8d8ef178f654cdd16ae945160fa4192,ef66e14a466d424e7559e88d6418a4b0f960e5185c5ba115a11e901b99817b0c,F,Data,2025,30-34 ans,Nouvelle-Aquitaine,6181885,9.054,6.6
20ffebb77248941eafcf42a47054fe2babcbdc607e9d7074b23170feb04e230f,22561bf62f2a1872a81b8824f36c002b9b7ed6cfc1657c5c1b0b696bab290bce,M,Data,2025,25-29 ans,Bourgogne-Franche-Comté,2800180,4.101,6.6
30305321f88cf28367e6500f9e4c6b8a4823d87d00e3181d515394b5b873b8bb,a6aa4971037dc478ceafefc6b2af5316e24e0cc867e405863b0e2b065ce6419a,M,Data,2023,40-44 ans,Île-de-France,12507542,18.318,7.0
6f63caad5c85a5e0391b08e87b6fdf6e40ffc912dfc5e34608bc98dacbf9d2d7,c37696b559495cd2d7ef4e3f7c3aec3e37aef2f8d65a83e813ff182a737f562f,unknown,Data,2024,45-49 ans,Grand Est,5557457,8.139,7.3
b66960d11189d079ac7972976e0932371cf69835b3043c1c52d88fde2522ced3,fec5f2866d7d8c7a2892a2423a9499d6a5064267ff5659f8d18b721eee385a05,M,Data,2025,35-39 ans,Centre-Val de Loire,2588006,3.79,6.9
24aa5e4d08b55a480b7a208edb5ee80f1fcfff4e333b661e65ae4e493b44c696,3d73852ababc21594bc7cee3e805d766f280fcdfcce452270ae17ecccf002b97,M,Data,2024,25-29 ans,Île-de-France,12507542,18.318,7.0
df63bda8e49838006e5b1147258d0c0afe56d464880c7aab993db043f751fe45,99dd3a2353733cf6dd48a0adcf9dbf661352a300d097d0a5dea26fd430ba657d,M,Data,2025,50-54 ans,Nouvelle-Aquitaine,6181885,9.054,6.6
8f9c4200b520d96c261e06e51c4bea836cc868b19aae4bcbf4a390cf8af67c85,55c207df41ca357cf2e03932683681b8c44869b2f9480ec89abe5380c3920d46,M,Data,2023,20-24 ans,Auvergne-Rhône-Alpes,8238335,12.066,6.4
2c22e75e389f819e228b831749292c59ed9b69ed14c1107ebf8a5dd0dc29f5ad,88f3214b240b24e44253d6a24b87e73494c80dc714d9980acef8e75a6fed7b21,M,Data,2023,30-34 ans,Provence-Alpes-Côte d'Azur,5252362,7.692,7.9
22a68b3d4ea5cfd7178299a61b6231ca033aecaa7cf9850d976edbff1130eb38,bd585cec11f142cd94af657a3fce5811c63f9d536ff58ccf7b5a7fa5776ce4f7,M,Data,2025,25-29 ans,Hauts-de-France,5983840,8.764,9.0
5b869c2c684273ac12aeb697ba5b5a762da2cd8b59ff9c249c007178fe456eb9,99f1d0743d4296ed248e3fa284e2e95ceaf023083873daa42fb6721ae90a9071,F,Data,2023,40-44 ans,Île-de-France,12507542,18.318,7.0
0d0b7469c52822bf720d6c7138f6d512555b27f1fc518faf0e15874cb126736c,9ef95e943210f2e203bfd9a227771e13588f6b10846f6b3f51cc29b80f560814,F,Data,2022,40-44 ans,Île-de-France,12507542,18.318,7.0
07e3f4e5bb47ca42f0ff4ab0befdcdb7da8e982df47447cd3c6f61c5b27a68f0,bc6e8f9714247df876285a774c28349b32ea722c0989bb6469a16df0a3747e75,M,Data,2023,30-34 ans,Île-de-France,12507542,18.318,7.0
02ad5aa853e9b0ed41b605ceb20f4f06fd21927313b77ffca5e3ed1927c02693,81a4427000dc36283e8ca17db8bd8952d560fdd4d0c1d03cf46b4b69ce51f06d,unknown,Data,2023,40-44 ans,Provence-Alpes-Côte d'Azur,5252362,7.692,7.9
0f17ec08e4de388448d29abd75786b2d39a9e9296bf18a7e3a5a2e2cfa047709,12ad6036264eb0b8adf27f67d04aac462c0a7c5317ee5884b39188df447782a8,M,Data,2024,25-29 ans,Île-de-France,12507542,18.318,7.0
51fdadb5898c98878c13dccfc7ad87ee57923040852a0fa86112e4231e161d4f,2ddcb53c79808070c2378c7c8a57f8e7bdf99ed901fd4fbd77af5ffb6aacec11,M,Data,2024,55-59 ans,Île-de-France,12507542,18.318,7.0
533e0b9113a49d4b31b7710a9be542847647a1f660ee264296ca7398a3d43b8d,bd7ed5eabe6087a0ff6f878d31ddb38ad73560d4fe538e11fc1bf3a194401769,M,Data,2022,35-39 ans,Nouvelle-Aquitaine,6181885,9.054,6.6
05005303de6d2aaa95b9736dbf373d97dae68b2fe8cba2bfd006fa8c2ff72dab,52b2d272d1a00476d0cb826726221ee4d0e66984894de896afb5f56f2bf6f7dc,F,Data,2023,30-34 ans,Hauts-de-France,5983840,8.764,9.0
895ef2ed60b148f93f3ee7787abb8b5f5c838f3bcf4add54e26fcded74893414,eb85b6b5e5d699eca6bf15c651c373e479d30ce05e39d0c7007c5032d6c939a5,M,Data,2022,30-34 ans,Île-de-France,12507542,18.318,7.0
5a6dbce796ba85eb30306b5d51e06ad120943082d7b8455277f69bcb09dafaea,e59e7107cfe7edf2a65c39eb19da9b6febd6a851a770c1996806f22738dd487f,M,Data,2022,35-39 ans,Île-de-France,12507542,18.318,7.0
8666c1700dc463d8165f7804fff341783a50568c46f3bc00361bfcfc9b5fbc69,b6cb6b6b0b86f1bea29cfa97843c02f47a2f0cb7f50e9b366208b784777f76a8,M,Data,2023,45-49 ans,Île-de-France,12507542,18.318,7.0
0a522f8828ee96314ded0de593e3ec4ef9d37618fe16af0ee73f5f82b570c037,6e8ea96789d78134c40a9fcc4ba5f5147bedece5c859a2b28dee9dc4c1ed7672,M,Data,2022,35-39 ans,Île-de-France,12507542,18.318,7.0
120073c2ee71ce64917eeafaaa08a0a8fc0626b9801f2c93b57b356ef1015d6c,5908b02cea76570368915ef28b0dc32b33c0d927ea7f2b0bd4e52b7ce7c12d22,unknown,Data,2022,35-39 ans,Grand Est,5557457,8.139,7.3
ce82dde2198ec7ef8a1f7fec3060922d8009a9a58d10460ce6c258b4def46354,82d8aa9a2219060517c25f282bc595d78cbfc2c15aee567da254b751ba4740a4,M,Data,2024,25-29 ans,Auvergne-Rhône-Alpes,8238335,12.066,6.4
7c750ef753cf9c287f0f646dd0c56d48fd50f41d10b67068b437389bde8f2bf3,3967cd80d3b5f138a6488b1a3641182c6151819bca8f91e50776f236c7e7e7cc,M,Data,2025,20-24 ans,Île-de-France,12507542,18.318,7.0
2d0236a0b094ead979c40babddcb43be685bb9d93edc68a03613253704783b59,f373f0e1dd042cdb1ab884eea279a8fbf49450fb3ebc1286239e04323ef3a902,unknown,Data,2024,45-49 ans,Normandie,3348960,4.905,7.0
52f76a695df461539ca7b7d672bbd64215dca1f53ca043cacbd68df3985b4464,4b34944efe8346a991a4a9aca3f8f7f72d298d374814deca8dc8b73deb56ca77,unknown,Data,2022,50-54 ans,Grand Est,5557457,8.139,7.3
16631c675e938ed0c1b6c7f04315a5005be5c9ad5379cd36001ccac1bc75d48d,a9591fbcac27bf62e53219f7f15c72ed754aeb2c5fd42e30e353085fce1989b8,F,Data,2025,30-34 ans,Pays de la Loire,3926871,5.751,5.9
43f69368f1bc85dbbb19fda8dab1a7187a96330d5ef5f01411e2f612dcdc3374,86fa0ad34d274806cae9919285d7e6ba510dd4c900cb66bd6eaa0c9d78d53d55,M,Data,2025,30-34 ans,Provence-Alpes-Côte d'Azur,5252362,7.692,7.9
8357d05ef02d46c1b58ea71e206e92f22c56e8d314640297dabfa84921f64473,8ea9a1414c9846af3b443fb72e037e9dfc8f7f90a9b35bc32eec65f625605504,F,Data,2023,35-39 ans,Auvergne-Rhône-Alpes,8238335,12.066,6.4
fa8cbb3abfc52179f9dc20094b024e873acb7a90d5a91dccf31c3d8efd91a300,59dfd6dac8acd4e78b24bbe8ef7788573bd5abb3b4da944d9d3f7d6e6b655b61,M,Data,2025,20-24 ans,Occitanie,6165869,9.03,8.8
5ea685cde223c0660b20855b550c6d5b5ff1fa408e5439f04e7a97e0047afd02,fbc8ddfbf06dec73b4c575342430fb9c367b3599a2775ccb16c5b07dc1201663,unknown,Data,2023,25-29 ans,Île-de-France,12507542,18.318,7.0
9e9a645e355a158dd28676fcbda363e19c09d0afe9a75aff0cb4df2261f10a8f,4889a5c23c0b515052d799d9b7ba020fa4756bf077d73b5d0d7f1daecc1168fa,unknown,Data,2024,30-34 ans,Pays de la Loire,3926871,5.751,5.9
25ca1c343dff8cee7e4a4aca6b1b22d5e08f66b8f7b4e32083382e57c54f61c2,a8457bc59f62c79b58d3b97a8d3ffc04abbd24ff0c79680fd908615c1e80fb5e,unknown,Data,2022,30-34 ans,Île-de-France,12507542,18.318,7.0
b63b979b33eb2d4e036f2298033a99ae5912f3c29e75bc8c1d1b8d34bfc9c1a7,23a4e4b7293aae7897a2336acd5f6758025ab7fd62b9f4c7a128e15993e62ce4,M,Data,2023,35-39 ans,Île-de-France,12507542,18.318,7.0
8a63516c8045ee68410d9270418ef553fef4c2562aaa10b9a3e8dd8bf0db6809,215669cd8c7ba42cdeeb9d2223b5d4472b9638d7e090814b80015bc9c7d8483f,F,Data,2022,30-34 ans,Pays de la Loire,3926871,5.751,5.9
aff6d34aaba410102719b46bdadd59a57c6452281e28445638c2ffcb7f4aecb1,88cd792072e276b711effe9cb80f15723f5e2f31cdad4b49a12086f43343d016,unknown,Data,2022,30-34 ans,Occitanie,6165869,9.03,8.8
532537262d5140e68c502890f426e064513ed9b33911bc5e0495b2e27459bb5a,61a7353d147f36d62a87ae895b1b278d46389512bd8e480361ba57d4d758d3b8,unknown,Data,2022,45-49 ans,Occitanie,6165869,9.03,8.8
324edc9654beba6838390961db53ed3e1d0f48be0fc97c2bbe6b2674a3128273,e6b1e05dcb13c7c2a79ae0c0e24f9575765d463f86b9435c7f93a6d6faf229c0,unknown,Data,2022,30-34 ans,Nouvelle-Aquitaine,6181885,9.054,6.6
42c7cc86a93899034121953f479dc37ab37321192555dee211d46e6e8e4a2b65,001e6adb03ae2bcd1d072bba2f57dda3d1273ee847a40e7bf1e35abdd64bfe08,M,Data,2022,30-34 ans,Normandie,3348960,4.905,7.0
51269bd69cdf28e46c6be1517c3caa6d7b4379900415a7e2226dba35827b3039,a1ae0586fbf2d4a1a552aef0fb9084f6a079db5134f2327f1be57b973c183b5d,unknown,Data,2023,45-49 ans,Normandie,3348960,4.905,7.0
6642d76da0cebc16028df07dc1d52c715d514cf7d972336ef13470fa7664ba85,5a93b54f156e328f479922b0454856938aa62156724e4011b3a92d9858fba95f,F,Data,2024,25-29 ans,Île-de-France,12507542,18.318,7.0
99098af884504ccb84f600bdd886aeb4d0d4587330c925b7853f975b45d4f541,60564cce24d1eff7f23d1e36ba135e595033f8b01dde9e1283259c0d07d64150,F,Data,2022,55-59 ans,Grand Est,5557457,8.139,7.3
4995a32b7854e704329537ac199bae8bbce2a0c3defa69936a96527f94ec5288,d3e1bc5cb8e6978fbc3810fe243a9e0684eb0f7f28811501850883fc2589fa02,M,Data,2025,55-59 ans,Île-de-France,12507542,18.318,7.0
cf1f592bb914de8ca108d72722da2d47cbbc11f2d745feb527086173473a9ba1,890d56aad65ae15d351c13f54b9b27b2871e355436f448dabe9c3a3ac4c922c7,F,Data,2022,35-39 ans,Auvergne-Rhône-Alpes,8238335,12.066,6.4
784f159dfa18db8f60594457ddea5ae02f47c93033a093e40d635b5d76c40998,e142f033b053fbca496c3f3522b278138c3250a463744478c2c140e1e4378929,M,Data,2025,35-39 ans,Provence-Alpes-Côte d'Azur,5252362,7.692,7.9
18889a19a56818333fa690185d36bf96ae402e65508f6e98247b51fc56da6a44,ceeba9043e877b385f7d67a8e47f9a0d77166a274fb8778d43d9dbd1a1b66c16,M,Data,2024,25-29 ans,Auvergne-Rhône-Alpes,8238335,12.066,6.4
55b7651c917ec9c64b4f186da5693f353466a58b76b15fd8e7488dcbd7ef6ad5,182dbc1d8c14ddc0e8fc8955e711fc1474d68c19306c2c76f2c376007b62a693,M,Data,2023,60 ans ou plus,Centre-Val de Loire,2588006,3.79,6.9
6760d7c4da9f1d517a2e8f44f069f35c7c2ef49ce39f380dfebd3c4f660acbd5,a2fb2f9a7fb9b7242761acd58f0c1b3e2bd766810ece378d45a77204784fd147,unknown,Data,2023,35-39 ans,Hauts-de-France,5983840,8.764,9.0
b95d21746330cac677c9f5f4171b11328f8bb1cfd3090d76d7c0872b34ce5819,594328604bb83a96f4e7d3dfab2bbf229c291ac078fd2bb5c2712ab741032bf2,M,Data,2025,55-59 ans,Occitanie,6165869,9.03,8.8
6dac9fcbe5f4ba3ceecb6ddae8953771f8ff7e9252f6d1e20c371d84bd17ebf8,3eb02911b5daf28590dc7ecf63016570c0d9f4ecd10090a8f5dd8a04849ae469,M,Data,2023,25-29 ans,Normandie,3348960,4.905,7.0
c9aeb9ca0686c3a90f81f4e3a149ee831c88a53f5a4dfc9178200887390be582,c2edc60c5d34346afe3d1c4de52197f6b1dcad921309db0c38d39e2a3defd254,unknown,Data,2022,40-44 ans,Occitanie,6165869,9.03,8.8
94e1a6b6b4e8e0762c22283a824eaaf38fc8445775c97a884395944cfb57a957,38bb416c420bb755652d13af5f436c85510ac4d25666ac01e7e28f93df0f3d3b,M,Data,2025,30-34 ans,Pays de la Loire,3926871,5.751,5.9
98f47f50c372b73dc8ff2496f241a3f009b07efa0bc0a3d631cd474871f81dd6,c02c2180830baa0790b9c8ae23e843c5f44278b341bb6d1ac1fccd512bf1d5fb,M,Data,2024,30-34 ans,Pays de la Loire,3926871,5.751,5.9
c72e8126720619bbc700362f030ea4fa73612a5bed684db6a06438003f801bc1,6d534789cdefad002fb2974b38886c9da1ef28824ed3da97368dccb3d7d744d9,M,Data,2025,20-24 ans,Auvergne-Rhône-Alpes,8238335,12.066,6.4
5c8d09e764f426589550c3137d82a7e5861c8c5c5e2d5f6e10cda04f7fc229aa,e8b1f789291bb19e34f713f6537074add3b7ec51da3c8bf798b9cc776f6d7a93,F,Data,2022,25-29 ans,Bretagne,3469711,5.082,6.0
700721804c53de45b47d892b2f6fa3039b8c8dedd4d74aafb8d40de9fb84f8bd,11835599cca313657ab0719763c5bb8ddcba9c1eace55079882941415a3fa3a5,M,Data,2022,50-54 ans,Île-de-France,12507542,18.318,7.0
700721804c53de45b47d892b2f6fa3039b8c8dedd4d74aafb8d40de9fb84f8bd,814fa41c49cf7b232a96695a9e7081a010471ce3bd06c8f8aa138a8b38abf9cc,M,Data,2023,50-54 ans,Île-de-France,12507542,18.318,7.0
e01c1784066d3ea25d663ce3e17b6d479db9455dfe510df20713d39474de607c,e88cc43df1db36cfe346ceeed248e94a1d0a3bc54c2b8f9a19a4505ac0bab6b6,M,Data,2023,35-39 ans,Île-de-France,12507542,18.318,7.0
12a5d1514249f3426042dd9dc3d42c011d8ee6eca53641935ddc170b8dbfb677,bc8cce3eb416c6671e181a66a4d5bd1278e05f15eedb0cac3b65a108509be124,F,Data,2023,30-34 ans,Bretagne,3469711,5.082,6.0
5e174ef7087dddbaeeb9eee8e12ef0ba6246c6e0986321cb3370878283d7d152,cf07029ff80f7897193a4d2a6fcd66be396ba724ab126bb5df52b706e481339d,M,Data,2022,25-29 ans,Île-de-France,12507542,18.318,7.0
91f7ff47a0c2727227ebd880cfa27bc7b0eaaae9739cf19e1e195ccb256d6af3,c6888d3e86f1904d91acae3f1982bc2f52e8b996f7f39ab3252909e4182c8f3d,M,Data,2023,35-39 ans,Île-de-France,12507542,18.318,7.0
f2eab43ae11bd9a925fc802c8bd50a0580c0f504423a3bfbb45c278e999bdbb5,e2c8a5d0246653de4b4abfa860575f3b92573da949f3767e1928ee2ba7d32e9b,M,Data,2023,25-29 ans,Provence-Alpes-Côte d'Azur,5252362,7.692,7.9
eaf663ff0d2cc75435b3523adcaca26872ec16e626852142a5756fd6e9a7c80b,ef3e9b507f97b2f601766a211116dd76affed2bd391fabb5bbe81e933b3ca865,unknown,Data,2024,50-54 ans,Hauts-de-France,5983840,8.764,9.0
7bf026a46d971d41b43d119db4cd98f29c8835064dac79ab348cde5619d1e672,8de0d23460772fbde0b50f2c91b423474a9443f7d8578697e1941f9cf64456d1,F,Data,2025,30-34 ans,Île-de-France,12507542,18.318,7.0
5f8688be1f92da239b9b7b835b68256d74c98b0f6fcc9cae0a21cd23bb01bf89,c2c5708462d81c0f35ac426d77f4bd4e0ec178dbfc40f205f07856cbd8fe0580,M,Data,2024,45-49 ans,Provence-Alpes-Côte d'Azur,5252362,7.692,7.9
9b74ff3dfa38c1640bf8840a80951cd9b2277ae2df4b9f4ce02e9f8fd75a300a,c654a15b52ac51f481fe3d5525866c3fc2aedcc618cad9d1f288426412420c61,unknown,Data,2022,30-34 ans,Île-de-France,12507542,18.318,7.0
0e25d967ad4770324b9dcb3b2814565e2889c2929e76bd5fe116eec02286cf48,b449450097b5ec82f4c6e5b0ce72ea42adc9466b705ab4c7072072cee708e581,unknown,Data,2022,25-29 ans,Île-de-France,12507542,18.318,7.0
df46cadb565d002a5b5529b494b3cc6270ce931bc91c7af2c780e5cc9fd35840,19d3ec925602f836b90efff706e8825e4149adcef487ac6a4eb391d9f12249b2,M,Data,2024,40-44 ans,Auvergne-Rhône-Alpes,8238335,12.066,6.4
723f126c350da1d8d7e9f5410cd9b583cc02b1434ebe0b399e49cacc5fb05790,eef80e45a27e488962fcf283ca0cb558bb6f7706964f08930360bd99b273bafa,F,Data,2023,25-29 ans,Île-de-France,12507542,18.318,7.0
d623d4459bbbd36850bea54881571a6d94bb1cec3de6fceb421714906561cbb8,ed8aec3f98581ada58ccbd15c66df7be9da175c54a06f1ca727ad339d3756345,unknown,Data,2023,30-34 ans,Île-de-France,12507542,18.318,7.0
13345c2458442466f7171148007e8e481d36554f5668f28a557f9ba2e31e83f5,f3befdb4f38f7fd9bce0caf244e36fb8a161c2edcb749520290caf83e42ba9b1,F,Data,2022,20-24 ans,Île-de-France,12507542,18.318,7.0
1546e0873b451d4fe430a0ce210905f14d74830ea5071ec9a45fbbabcb7e8794,f6eab05aa416f19a8ef812e9bb3db82c4f9e23f67f00256b4287813064f0b89c,M,Data,2024,35-39 ans,Provence-Alpes-Côte d'Azur,5252362,7.692,7.9
625ea8d3a27fdd24dc0a3c78bd85f6c2be5f757026981f25ae7ff1fa067c83c7,af4543dd180031b8ef8cdd099285b6634969caa2dab2a6447ab89717bd2efcea,F,Data,2025,25-29 ans,Bourgogne-Franche-Comté,2800180,4.101,6.6
5c1310ba14b8d810209155609b0ec86dcab6b2947952be5b1069cace90f0b0e9,9ff70e52066af47dd3ea4841bd7848af8b7279f7c28c11cb1b5664549b097b5c,M,Data,2022,30-34 ans,Provence-Alpes-Côte d'Azur,5252362,7.692,7.9
622e01a5e72b1e3b6ecf18716bba9f0459b0ea0ed727503047dbf8d4ac756d5f,bb2e34c432e3ae4c3b6181f4609c28831e8a4e1cfb32868d433700a1485487f8,M,Data,2023,30-34 ans,Île-de-France,12507542,18.318,7.0
a623731eff93a1da1f3c0ec2392d9e3685298efd13f16828eb594ec983a0c679,c39400f290785548696644ea6867de66929bed566978522366f3712dbcf55922,M,Data,2022,35-39 ans,Île-de-France,12507542,18.318,7.0
7e22090067a9e75acd57022125b5f9e3e92774033dcab6d4d322530e375b328d,9acf57bf199533d2f38ded361635983a5acddc2c90a3e17d3d4c4c9fd3db4acc,M,Data,2022,30-34 ans,Normandie,3348960,4.905,7.0
cb5723ab0e838fe93269b5a27c5c8711f3c681aa187539474bfe9b27f787e4eb,a30723740f8aefbf1fd3d9e272b5df1db1d06857799ed9e7a9bded97ffaa73b6,M,Data,2022,30-34 ans,Occitanie,6165869,9.03,8.8
a0a35482d91fb970789fc54d2dd2405600a48247a686af17240dd46e3b79298c,1df23b06cc77d7326bd5f72b9fa89709afbc1991f65a2f785f41e4e3fc9db90a,M,Data,2025,25-29 ans,Île-de-France,12507542,18.318,7.0
c3aaac3c14ca380a1616b2b07f270c0b849628c3cc13405c8e959262312c5e9b,a7b7c809926ea4b7f42a3d70e8fa44e5dd01937469a2d3f6031275cd20a726fb,M,Data,2022,25-29 ans,Bretagne,3469711,5.082,6.0
acd327fae228bbd3bda1ee9282c72fde6a8c60d4e46639f5c05f2ceb98d8fd0e,23ed5c4a0118e7f51d7922dc3d7833952ae07ccfcd716fad0ab8cf462859a0e4,F,Data,2024,40-44 ans,Provence-Alpes-Côte d'Azur,5252362,7.692,7.9
a091b25b786b6e375867e6a4737da4b2776073a54b9e5de2e5cf40fc94f91060,247da2702f57c4170730c8149ae8a217006749c506963e36fc0e32ff429bbafb,M,Data,2024,30-34 ans,Grand Est,5557457,8.139,7.3
f5cdf477d0ba01048738fded3b70b4833faf2f86c80243ca328ec5676913b6cf,860354a28116d9216abd2d7825d336633abcd1625e6175bd83e23b62a1db4638,F,Data,2024,20-24 ans,Île-de-France,12507542,18.318,7.0
22bd7262fe494f8e66c857d25196a67e01eae9bbdd731da4d8daefbc4de20bfd,77b0c82e1fd61dd1bcf0642fbb4448565bf2f96021c5ab96e7f5db5c59ee5774,unknown,Data,2022,25-29 ans,Hauts-de-France,5983840,8.764,9.0
22a2c583a79c482ed73b483075b1c50c6def67b7381801aaaccb7aff25783a08,6f59464b0a24853dfec882096e782cb4a844efc722ab5768e48b775ec2965f0e,M,Data,2024,25-29 ans,Hauts-de-France,5983840,8.764,9.0
64bae8104cdc633e8a538ce8422a538ef401aed9a228cd6ade28da1cd46b64cf,8b20f249ce5e5306e977f71be9f05b589803f861f17da4964866a1f5e4bbc808,M,Data,2022,30-34 ans,Auvergne-Rhône-Alpes,8238335,12.066,6.4
e7679d00e6666f52266b4da3a2be1fe270e08876e16cc9e64e634fd33e533e3d,3c909a3ac11e2a7b3e87f1399cee0a84273e21ac85cbb8fb66162ca6841d99b3,unknown,Data,2022,45-49 ans,Île-de-France,12507542,18.318,7.0
8b525453c0e62d355e71f5e1fdc49b98f92c46fdbde1c88f75ac8d3366630c20,6a54a6f32ea3deb5cd8215394e3fa60a0b993649694e20a1fbbca222de5dc4df,unknown,Data,2022,30-34 ans,Île-de-France,12507542,18.318,7.0
547fec664ffac27e1c2d346eeedc294f0ee01731070626e49515bca9c40a5b07,67f51322f9729d03c3b81e41af6947d0833e02c14efd8301149a7e701f9f16e3,M,Data,2023,30-34 ans,Île-de-France,12507542,18.318,7.0
c9d89682a384574715ffe18c92dd678690a812be14f9ff6366bff8703a04cc0e,9cb71b9d08ac5e3ce70b9cf0f5701fb04f3bf2c1d1ff18c70ca30806b182604c,unknown,Data,2022,30-34 ans,Île-de-France,12507542,18.318,7.0
5ed262120929578e8ff6c09cea5f61b5f436de0e0efbea6b72835eb769c13541,a042ae3e9391382d091b4512dfbd84893f9af31fcd6341a9b8e213d30c6906fa,unknown,Data,2022,35-39 ans,Île-de-France,12507542,18.318,7.0
ba5c6a694d0f5359b6ccd4e71b22da27e596611759863e4e53d2ec5b51896582,e0fca9fb19aff6242dbd0588528c0c4be5da0f262c7cfc2298f8ea8ae65e5d44,F,Data,2023,40-44 ans,Provence-Alpes-Côte d'Azur,5252362,7.692,7.9
dfa8caab455335502f7cd4db60b8c41e7eddcfb1f9f95d2ef903ecc1803cb723,522f3594554a0086921b3809b9e6dcdbe81692ab866145d82d1fa0c7027ac633,F,Data,2023,30-34 ans,Île-de-France,12507542,18.318,7.0
1b41a50c006907d6a3bdaa4723569ca0cbe3535e46dfc82b615390b6c6220732,deee1af4f0065d05cdb6c9c6454113bcb92a38b0f6927c8fa7e526044ab1f3b5,unknown,Data,2023,35-39 ans,Île-de-France,12507542,18.318,7.0
4a901d252bf15a298d3934027c25c9d3065f21267902f99d065bfb951ce6bca1,366c48e8af12f40f5f8d568929b4364599a8ce48b19cee417d6b2b362c618d53,unknown,Data,2023,20-24 ans,Nouvelle-Aquitaine,6181885,9.054,6.6
1ca6e5df164ab65b0dd2690717164a9038b2739d071b5d44c91f9f6d75a966ed,5fbc79079fa9d3020d962002dc8d6cac63ad80b7a568f44092f763c036fcd43f,F,Data,2022,45-49 ans,Île-de-France,12507542,18.318,7.0
34cec5dc151c9750ad96aea7882f05b434c33d043c674658f44d934afe1e13fd,6cfb92e8cf16d6057ce994a6740e5f99f424919ee2766f9c95dcad1ed298d6c2,F,Data,2025,35-39 ans,Centre-Val de Loire,2588006,3.79,6.9
68a612e6849a3323bb4df4a77898084b995153a184b41d41b64e85c5eecff295,de99a13e6f328dd7d902f06dd7c2efe9907ddc17aa34415d93afdccca8826e71,unknown,Data,2022,30-34 ans,Occitanie,6165869,9.03,8.8
2d1fd7289bffe8ff435dbab099139e791c7dff4b80ee05691dd72c5898ad9a0d,64b9e24d5284392f8785fb1ba7ce008f6872f69942e1649eeace087452fedb9b,unknown,Data,2024,30-34 ans,Île-de-France,12507542,18.318,7.0
1f0b7f3117d37e6c3c8b0576bf97b8c681d8a4c53e01ee85767ab664bc257e53,1ec9520cfe9f8f0ca4fe3e02e45bcd47d0f49c6322853290e3994cecb5a57cdc,M,Data,2022,25-29 ans,Île-de-France,12507542,18.318,7.0
05fac89ba1a75780c10642e22e270e67ed3dedc5a01020087b7a69a0b5077ca8,5627df310d886caa5ed411c6d7990e3d924d50090dd30e4a3cd81f4cb1e141c6,M,Data,2023,40-44 ans,Auvergne-Rhône-Alpes,8238335,12.066,6.4
6284f6b08ec41e4026a40fee8f8d861b2863650acefc5094db1d79c18f63902a,223529417371a255bd3f7d49a967c2b3a07484ad34b854f2e3313eb0948a1c53,unknown,Data,2025,50-54 ans,Île-de-France,12507542,18.318,7.0
db172007118773507f44cbf01e792d017e0ede06235f72ba3d09ce2ce165a5ea,ac45a16c52785f530ebfbfb0beac14314ce0611b87fa8ad64fdb9d8406e4fe52,unknown,Data,2023,35-39 ans,Île-de-France,12507542,18.318,7.0
94f0cfc92423b2834f8d5c50db2d9ac59df533d001b1fac6c5db70101d8df7d9,a7fc9eee6bbb7a92850b8a3b567f35231818e1ee126a8dd0d26941a50222a857,F,Data,2023,45-49 ans,Hauts-de-France,5983840,8.764,9.0
cc37029db184da5dbd4c2d850ef4afbccf980026ce51717337a38e65d1b1d7ac,90300b1153e1608b948c36781bf641cd8b9db35af7abf3d4898e2a28a712f715,M,Data,2022,40-44 ans,Île-de-France,12507542,18.318,7.0
1f0dcedfe5c1347b544ab5942c34d62080cbcdcb9c92f713006537d99eecfa5c,ed4c2d5eda55c09162d7e7f7a54f7a12f427f6c80785edb5ad986f4798a8aff8,M,Data,2023,25-29 ans,Île-de-France,12507542,18.318,7.0
94a86b7f954dc32736f3540908124facc8ec8a108b93b0b3baecdf8f56608e43,0d290c9c32c7126f01f172a4436a8f91448df61eb0320f2707090b7ea86dee7e,M,Data,2024,25-29 ans,Bourgogne-Franche-Comté,2800180,4.101,6.6
b01ea43a54e14382c068f282b268d06d609a528ccccc7eed82855c15f2b24595,a7e56f8e44d23d6d4fe4d486690a971634e9d500f6740e134975d1576fa0b3f1,unknown,Data,2022,25-29 ans,Grand Est,5557457,8.139,7.3
70a2f30b848f86f76ecf2b0cc805077d368a7b924ba66484519f9d40d126068a,f6c65edf9e254ff3af7b7359b1cfa844553d01a741142e942a24ab92795e5b0a,M,Data,2024,25-29 ans,Île-de-France,12507542,18.318,7.0
68d3bec80a51154f2283a1adcfb184330a5c3e041e52f4a93809b6c6e4b6eb14,4408da2f039c6cbcf58c00836cc1af7941a4161597bffebe2943842e6c42de7d,F,Data,2022,40-44 ans,Île-de-France,12507542,18.318,7.0
cbc5f9d356d752c13df9518157e4b8556ff6033f38f50f723e7502380b3ab16a,91b3483ed6e3680e0f31d3c1b56d8bc470d682cd497728a277449158894445e8,M,Data,2025,25-29 ans,Île-de-France,12507542,18.318,7.0
279301554315df8ab530a39727a946b751970dcc31ee6b2e5f7f2c244b240efe,c21029c055d5ec7c0749847d5c3879400f0339c9356cb44a67e33ff3a11cdb82,unknown,Data,2022,45-49 ans,Hauts-de-France,5983840,8.764,9.0
a8dd67f2fa5d813ace4d358eadc367a3597d2a9ebeec79f5e8a08b1258da2936,6d3a1d0da3fc2d9165a3c3a36233a48d3005d916872773250c04b7d60099ebb6,M,Data,2025,35-39 ans,Grand Est,5557457,8.139,7.3
221e4a3338833947f12ce9096027aae83fcc70971aa706048c5b7267662461ab,b9e2bd5f8af6de18137a95a30249ebe6a54f5803ca8a91a715ece977238cdc69,F,Data,2024,35-39 ans,Auvergne-Rhône-Alpes,8238335,12.066,6.4
f7ba3e266402778a6932a14bff9a53a66f81574d01fecc9e5f941927956a4081,b54bfdd6ca8d59e16c4e5850555de21c0aca62678f12643eb58fa2dab141e8f3,F,Data,2025,35-39 ans,Auvergne-Rhône-Alpes,8238335,12.066,6.4
a7eb4de989505ad5b658f2ec35ed67399e9600368671e4486e151df3ef3bb7cd,aedfab5eda1d92ab5d21decee46ac8c0daa7270e4acab87ad9bd392feea0ffe8,unknown,Data,2025,50-54 ans,Île-de-France,12507542,18.318,7.0
686d06073732159bcfe6d8a348c478eea53422a73db241afd31fd44dc5770efe,f6813c4e4bcfdc43cf45df7595333d79fc3f9dc66267ee389de01aeabcaae245,F,Data,2023,30-34 ans,Île-de-France,12507542,18.318,7.0
110b64ed3ee71a54c841fb19216dc4f648b36558de6ca43a7a3ae6691864d0a5,e04ca8462a8a090e743d2e5106c63a3596ce9557cb50493df4fead2a115ffaa0,F,Data,2025,35-39 ans,Île-de-France,12507542,18.318,7.0
e368cb02c10408f11c14ac72ec3bd7ffd5aeb7b1f11eaecb069f971399cf867a,56aad39e66acd0049cdc3488274fdee7abc1371b18413be6252ba69ad105ab4b,unknown,Data,2022,30-34 ans,Auvergne-Rhône-Alpes,8238335,12.066,6.4
d71da3d2972498b18badab0a6bd7fa109d76ffeb27bef1a1c67f549463e0d030,e9a68a37cae4c88a6ca95f9a6f37359f6815d0500a97301ed143a1d34b695540,unknown,Data,2022,45-49 ans,Grand Est,5557457,8.139,7.3
8717a596fe960c5b915ea65b5e81df05a5a56d297c4fe1bf76c929e22f652e28,d43d10af70739b927087f20f1dc37cf12ef5740775fe0d558930a1d28bf7322a,M,Data,2025,30-34 ans,Île-de-France,12507542,18.318,7.0
a38506f25d82014c6cb293f4d7eee50ca9827abee0b125016b57c5f479ecba13,fc5b52f15237bb371550753136a851d92413404b62fc8fed3580bb71847cdf33,M,Data,2023,25-29 ans,Hauts-de-France,5983840,8.764,9.0
e75e109322b3c440722c4f68785184fcb275a5dad42c462c02c7cc3f81c040d8,32566b6136878d21909d6b0a160fd454e6566e0dcb261d2cbd14e17aedd6f053,M,Data,2022,45-49 ans,Île-de-France,12507542,18.318,7.0
742d196490ea90b4b469031437b709f61f4783a0e7074b8843149a1f5469b60f,6261be6d22a7a17b0258624b43f69c34b424f09d00a24b3d3de001142d40f8f4,M,Data,2023,30-34 ans,Nouvelle-Aquitaine,6181885,9.054,6.6
ccbca4ddbe68175c2459e47ab0a3b05559455ae9ae1259f6c30b787c1676a8e9,71acad44c2fe09a3dad5a578065bbc7f663bae08203370f0450ce5f8722d3107,M,Data,2025,20-24 ans,Hauts-de-France,5983840,8.764,9.0
e9873ca47237fd6830eb65f9f84dd2cb4467b2228504aa39026a24e6c2cd7ed6,9be68f8a5fd59a03815f5dd5d22a98d2a9d944758be4173455e594ae0e764718,M,Data,2024,30-34 ans,Île-de-France,12507542,18.318,7.0
4e8e568524dae373f4502312af24c92043ddc95f080372a129e0e84b88e161f2,fcdc4c87ddb75a8be75cfdccb6fc1473fc2b6c009b9a2e170a1798a3fe18d379,M,Data,2022,30-34 ans,Île-de-France,12507542,18.318,7.0
70ecae76732b0275219bda517e0830b5dfd1e25898c15f09ff117e88c1208139,aa4e399b8e0d8ec8324e503be838692da23ac6c4bd8a3413fdb2ebb3a98f074c,F,Data,2022,30-34 ans,Provence-Alpes-Côte d'Azur,5252362,7.692,7.9
ee39d4af510b5be9f3f9c7eaa6a9ef6be7fed77219b9e2b9c36f70bc219d8f53,83141b6b8f6708a583f4dd88a84643f6f614d363cebcbe08a695b202485f5e96,M,Data,2024,40-44 ans,Grand Est,5557457,8.139,7.3
9a0a23618ae89d631f563a2b7f61263367579117e96597a9f18ea730ba85ce6d,edaeda4964f37235a02ad996a9332ff154c7948162b2e4876fc798124d112407,unknown,Data,2022,50-54 ans,Hauts-de-France,5983840,8.764,9.0
225069289e486456b250d3e069a47cdbe0fbbc251413b7f32431e3d5878a6a1c,a3ec22dec1a6efeb166d1ff88358cc41b225c8725db22f8b7896e93f2c8e9c44,unknown,Data,2022,35-39 ans,Occitanie,6165869,9.03,8.8
738e14b7a09a35e355fbdf76be8aad5079e0989b4d0c4ec2078512676516e6a2,1233a53029ab980bac27751c46587f0debc08bf0be7bee65a09fa62c2515314a,M,Data,2023,40-44 ans,Occitanie,6165869,9.03,8.8
c0f4ffcfa5c37477d802340be2567fe4edeac6112b978509a0334ca9f58ecfcd,205594a94b086079603eb0e4820a777e728d5e7cf2d925cb594ca683705a6c43,M,Data,2023,25-29 ans,Île-de-France,12507542,18.318,7.0
6b1edfa018200427473369123c354212f8b417779aa884c06dd8803eecac8c01,8107091df50f3d25ad548b5c636c259068c63fa03163e8a02ae4c7d7affb9008,unknown,Data,2022,25-29 ans,Île-de-France,12507542,18.318,7.0
829a9a81d429660d6d1994ce87a421f383aca5c80e78e19550cfdda2239afa4c,8b8d1112f5aed5eeeae51b28e6fc662624bc3cc8036150f4982ed6a9f124e10a,M,Data,2023,30-34 ans,Hauts-de-France,5983840,8.764,9.0
cbc69be72c18c13249a91a0356c7bb812da4f4d1b10af8a10494ec3795522e7d,f6766c2433158f1dbc4ed5a8c550d71269a23abe8fc55f4a55306d2ba26d971c,M,Data,2022,40-44 ans,Île-de-France,12507542,18.318,7.0
03caab4b2b4288d0ce04bd31935081ae3de49ba7e25bfb8d9e44bdfc6de03abb,33c5484044cb26bde9fa58d9294bb80ecc5838bb7e77d23e18770faa8c62a1f7,unknown,Data,2023,50-54 ans,Bretagne,3469711,5.082,6.0
8c1bd2583ffe1373a58f9cd3f29c952896bf9c2de7210c4b42cf4514cbec3092,0c1c2344c5f7a7203783c9ace6748b429d5e5becad160d8639a6cd0d84b93792,M,Data,2025,55-59 ans,Nouvelle-Aquitaine,6181885,9.054,6.6
7d0a2f32185234a25b74783252758f91e280d9c4f18c5957195905657eb16d60,e756d224db1468702021af046b96709a0fab787a5207a97c880d344459993949,M,Data,2022,30-34 ans,Pays de la Loire,3926871,5.751,5.9
93d33953d6786add07cd00668555822d6172e62d81ffc35c4185355f611342fa,783fc23af1b2d8b21cadcdbf3fe2e54bd513f674ba5c38fbab25938d1254f43f,F,Data,2025,45-49 ans,Île-de-France,12507542,18.318,7.0
6253f8aace0b5c0d221d83e3b1fd0063ad4e04f2c536e430eebed5604f2e35d7,af955d416ca8ad0db0fcbd5c00b8383e1e36bcb4a30b05b933e15483cabcd900,M,Data,2024,25-29 ans,Grand Est,5557457,8.139,7.3
fef3cde82b36d53cae074e91422e42b26755122d2fc07686a74e500401a11d76,87b20c1cb2d7dc2dd03efe4ec6b3c0172dd3367cd650066327f5ac800458c287,F,Data,2023,30-34 ans,Île-de-France,12507542,18.318,7.0
1731570767776e7994325f8570e0938ea6c6264f5025df427f445b7efe44c8ea,cfc235a2deb5e388bf40390771c27e73f0f6f6f58fc7151db9567b707b7499c5,F,Data,2024,20-24 ans,Nouvelle-Aquitaine,6181885,9.054,6.6
43144c4495a27ced566be12157f69fe635a0a6ef33930b3ebae9ad2778014cb0,d69b4e5e16d28b3744f4f5d6c5545e69e64310740c8a556da0839f510f47a58e,M,Data,2025,25-29 ans,Hauts-de-France,5983840,8.764,9.0
0ba7267ad845d04a9d54bacc20efd996f9bd1cbb0548235e10d5cf82fde70a92,bb088266eec3fe0022a20ac356c59f624eb26640bc98a6c3a18fa8f02885b3ac,M,Data,2023,25-29 ans,Centre-Val de Loire,2588006,3.79,6.9
2323bfde0ff751ef177b8a964fea77902d9f25af6ae19740c9378c2d69673d4a,b66ce19881a65e6e6de3733b526c186585a223d055597581a29fef0e8ddcc8e3,F,Data,2024,35-39 ans,Nouvelle-Aquitaine,6181885,9.054,6.6
683408cf8bb34853ccf2e53e4872845a330c9516c24ce039fdcbaa5a17f6e5f9,44724b4bf1d8f7b5964626cd737d395445c1db90cd89fd14abff2976fa10caa1,unknown,Data,2022,40-44 ans,Provence-Alpes-Côte d'Azur,5252362,7.692,7.9
597c08f0adb09fd9afb68223d096d023c1412115e36900204477606fd27fdf82,ce0b4e5c7a2720b5f397252151922fe3580d3cc985aeaf9a430e835235182baa,unknown,Data,2022,50-54 ans,Île-de-France,12507542,18.318,7.0
338f7649e040d8592ef259b4eee97a34cfd949847a4bf7c0d231aedd32a13f58,682b6159931f57d38cbcf328921b0234fa42c0c6d6a4784941a7182ca88711a2,M,Data,2024,20-24 ans,Auvergne-Rhône-Alpes,8238335,12.066,6.4
4193a556b28d6a412588f9a98dbe39d74d14ca9cef1b6ef7e05b13af615b2bd8,9bf93956e9186649824b3f922dd47bbde17d419cd2b82b8ce271117bc2c930bf,unknown,Data,2022,30-34 ans,Occitanie,6165869,9.03,8.8
cba0d7c311280eb72e45bf0689b86e5147365bc8213c3a7b414982f825ab9f89,bd0bdc7bd6aeb0e5d836e4cb149388b7cf2a6512dd1ae13652a2d59cf35ef1d0,M,Data,2022,45-49 ans,Nouvelle-Aquitaine,6181885,9.054,6.6
299060faa1c4516eb558092f1889293dfff2ad4d43d744b73984194eb16176c7,6b4091efa7ffdb1892f80bee95bd08e35574048e1813b4b2f98b2c434540347c,F,Data,2023,40-44 ans,Île-de-France,12507542,18.318,7.0
1a0c7dc07a6565d995820795e0b29441b653865c53656b86e573255e0fa648a1,410561443a98d53952846eef287ebb3314dcb9a0ed529e5264914d12a48553e7,M,Data,2022,35-39 ans,Grand Est,5557457,8.139,7.3
60dc36d2973874da804ddb3e600dcdc1805b1043509002d711ef3462dd83b657,318da69badb7ee11fbde5079df01bfe8c2aa0530468772e027937da72474a1fe,M,Data,2024,35-39 ans,Île-de-France,12507542,18.318,7.0
dd143c29848337ad846b9488f2da467b1acf9a132de9360fd5938d06d16e17e6,a0653c6414104a40c96705c61f129a3450154a79cbd97a88aeddd1a2bb85a019,F,Data,2022,40-44 ans,Occitanie,6165869,9.03,8.8
741d0a39178ac7c93e0c67f83f4790ca53119af24c94696b2a567840a029f470,8bd506f27891568ef92975bb3ac31a039b23a74ecdcbbdd66277ab182d171f80,M,Data,2024,25-29 ans,Île-de-France,12507542,18.318,7.0
9dd5a178a3c880e60659cc1ee185c48013d804ac0ffef93b80ec8222a86f8cde,7aa9a7bcb4f6c0a833242933308f4b1042025a3ebfb5474fd30c730e55c79d86,unknown,Data,2022,40-44 ans,Île-de-France,12507542,18.318,7.0
05ff62223b2782340909c2bfd2e4c926c4563fea84a63e4295fd5efcf8102bad,1e0f903cbdef4d3592ba4d2eb1de9af9b0b541e2084d559795d582abe640bee4,M,Data,2024,30-34 ans,Bretagne,3469711,5.082,6.0
0eefdb2c4ceed41eb08fa248183cf95077d2b19fff61a364bec8e96359d7b2e7,69153b5c9bfc43a3d93ee6b7691d138f513ce804d2a188332bfc759cf251c02e,unknown,Data,2023,30-34 ans,Pays de la Loire,3926871,5.751,5.9
d2926a23bbe6ac44b032b1920c566f0021c647741cd63b176464a6903e1f2bf8,9e9b5bf7dc9c600006853086e9fb49bd6367ddc1c88d50c45a13980bf277060e,F,Data,2024,30-34 ans,Occitanie,6165869,9.03,8.8
46f88f2aa50496a12d3539019a4f99570315f4ccc1e0510d7779a5a40ce274ac,be6b697bc6491413ae6c8651846235f86b69ef58e6855f4015e8275a3acbca14,F,Data,2025,30-34 ans,Île-de-France,12507542,18.318,7.0
b46218cf86c210b2258b0050ac9c2baefa8b46f1fa08c3e586e72c1a49f4d19b,b65def20a11eeb4750f133b6f99070bd76bcc7513113d981d80e2de50cd426c8,F,Data,2022,35-39 ans,Île-de-France,12507542,18.318,7.0
7129f5a1e6774939ac39d89393f4db27bd63f2d913f087e36f00d8b87d3e635f,22b1da6c8bd089ff242ef746363c0a6fb070a654e00ab315e57c1d57aed9fcf3,unknown,Data,2022,30-34 ans,Île-de-France,12507542,18.318,7.0
c769bc160b586b870e9abca5d148a50d517a2f7e5d9298f397d359606b46c7a3,4740bc1fabc7f11c15e21f8101cf109f968b8146cdebeb6506640d6c6abd5303,unknown,Data,2022,60 ans ou plus,Île-de-France,12507542,18.318,7.0
38aeb1550559f2e70c9aaded3b3da744d08082e28c7b49e65f57e5b2fcf3258b,6e02a255014c28688c250b78b398182bc6c0c910791a0d44e254140e5e5b8526,M,Data,2025,35-39 ans,Occitanie,6165869,9.03,8.8
f76f76f288cc1f055d4f4532a791128a7b9119a23b246b2093f36019988565bf,3e5dc4922df465065847502a77286139c38495fe16bb5eac04b7edf5e619f12f,unknown,Data,2023,30-34 ans,Île-de-France,12507542,18.318,7.0
3e9f164fe7e54598018a9e79e6490fc016d323e0c5028b69982963edf9abe9ca,be2789940b572edde7d261324c3a0c1ea70f2f5d16cd55cae855073faa315d57,unknown,Data,2023,30-34 ans,Auvergne-Rhône-Alpes,8238335,12.066,6.4
e55c6da02b6009f563c633973dd3e918ece7f7201f3fb50cbb4aacbd30c0d42d,c1e0f76d61d3c32d8745cb424905f209156033d85ca113bd152e60369a606a92,unknown,Data,2022,45-49 ans,Nouvelle-Aquitaine,6181885,9.054,6.6
0d7096e558abe3cdbfb13ee01b0018f141453e6ef688356091a3de03af6c97a3,63f4c00581e3a94352d89a143ab29d5ec3bfea0af6f2f3ac3340931ed62d6e38,M,Data,2025,35-39 ans,Provence-Alpes-Côte d'Azur,5252362,7.692,7.9
014c1cc89e2698159068c4668747dca83ad3d7afa9547ed2298e1522071172cc,5111afe98aab7d87377e7002d2727f6c64d9522572c45c2c133ef417f4b78c6e,M,Data,2023,30-34 ans,Nouvelle-Aquitaine,6181885,9.054,6.6
763df956448010df90eb005d8e252066c7ab550b99721b94e43bc07644db3350,b72606c0c509d3147a182b32933680fb8de3f3581120b31aa167ceb908423ad9,M,Data,2024,30-34 ans,Île-de-France,12507542,18.318,7.0
c1eea4297f0c0f798d1efbbfd658a82f3a105607ec073bac2e0be55b2ba184c0,ea26cbba1364792abd60ce6ba7142d85b376768f18280f165ff3010fa3241259,M,Data,2023,30-34 ans,Pays de la Loire,3926871,5.751,5.9
444b3970b31223af16ef045c5176441ec01182e92be1656e5673ca791cade1e8,64ccebeab9807edc6af424900fc738c9fafd8c19dd1b3d567228419fc8160999,M,Data,2025,40-44 ans,Hauts-de-France,5983840,8.764,9.0
093842e6229fd346b80a6ca72fc1dc23ac0268a2bdcd3681d916579e06f72157,f7c2257fe38cd35044c25dacf2506f21ceb4f05709961ff736db42f66f6efa7b,M,Data,2025,50-54 ans,Occitanie,6165869,9.03,8.8
57d28ccc14c61f355f5a01599577a66f8edd8e34214ced5654b80ebcf8c20029,73370e27616adbc308fff839d75193be7e0305882dc5662e673fc903a6ff57cb,M,Data,2023,30-34 ans,Île-de-France,12507542,18.318,7.0
f730a5ba3729afc67d844f78f7fdc583e4805705567a41908192887a4a1bedfe,bebb571ed931a71766dee561448204908d58e74894c4ccc6c78648b2e9424c8f,M,Data,2025,30-34 ans,Occitanie,6165869,9.03,8.8
db38f78b6ab4cfe721309eddc5c2e95597dd6748bcc010ee88fad5e32c2b36d0,6be1fbe35748ec02160355e69d2c669e1d7c853372aef8de58acdeac7c4f0b98,M,Data,2023,25-29 ans,Centre-Val de Loire,2588006,3.79,6.9
664a655bc04c90c3c145b26df0eed95a4e37683c410772a24307e8158dce3351,bdaa68ed94f26ff7c657924968f93ca05c098d286db33ef575961a2a86937ab3,unknown,Data,2022,50-54 ans,Île-de-France,12507542,18.318,7.0
a8276a84e35670550597e0653b12ab958e7a3e70587eb87ce93ca36d60a3586c,6a021d0d5fca1b77389180730bca479687bac6dce47a9981c9a1a9061cf67b41,unknown,Data,2023,45-49 ans,Île-de-France,12507542,18.318,7.0
cb3aed952a63249686eba50b2e981700f48d794db492dd6dd4a04aa09c6e3bf0,392bd7f5f4e9b774d4649dd08d3a9a158e90298a38c8d540ac48b9f45e113713,M,Data,2023,30-34 ans,Nouvelle-Aquitaine,6181885,9.054,6.6
a97c2b7b684885dc63c21c4fd4993677855cd78039ae05bd47d6c7f220ed8a14,3ec8fac33cec5383eb631c9f3e3f7058b6d2440969dc7ca2e117457a036c89f3,M,Data,2022,30-34 ans,Île-de-France,12507542,18.318,7.0
eae26ef77929010acb531d337e6fa80294ae48766a38daf596ebb2da38d1495a,f015922f9efc49d5cacd6df0ce2a4b0577b29a483adde3433b2a89c2f988e913,F,Data,2023,30-34 ans,Grand Est,5557457,8.139,7.3
c03d270a05c7c1b7973e3a67d4a0cc9d252f97382d6a6472d9465011520b9730,84f9821ab1720635eaf5f255e7fadb97a8e9c9a1c76180783e01d661b0dd19a0,unknown,Data,2023,25-29 ans,Île-de-France,12507542,18.318,7.0
36af2a3ce45194bda18956d7056fe7cfd4be70bf035b64c91c8c2a16c7298233,03a6ebada74a52269f658daf099388b4cb72cd86d731c2faa8d5433cbdefbea8,unknown,Data,2022,30-34 ans,Bourgogne-Franche-Comté,2800180,4.101,6.6
d8b1d762377aba6c75cea853c546d57ee3e8abd425043fff7c670e4f2ad561ec,8ddee3f4a3ae6b0beb983d222c38db563bbea1eba8de8327a96c5e3fa79900cb,F,Data,2022,40-44 ans,Île-de-France,12507542,18.318,7.0
8b362036effb9b73a09b8b4526e98fe2a9034959539bf2bb752652d0803bd3c8,59fa88dbe164d972ca9012a43cdf187f579885c4aa25455a76136cd891d197a3,unknown,Data,2022,35-39 ans,Normandie,3348960,4.905,7.0
807f63166ad092eec7745a21c4752ce261dfbd695191a50def327635265a1e71,22a2e3cfb812790902bbf2e573d9a7db9f4fb04635e78ea7747ea650956cb047,unknown,Data,2023,35-39 ans,Île-de-France,12507542,18.318,7.0
1d074bba333e7cec2c62dcf8737dcc5ac8aefafb0cab1ee4cea08a14e2e84a2c,f4e44194db90802260eda4bc18bbea0044612a9a849dbf11507120f48aefcc0d,F,Data,2025,30-34 ans,Île-de-France,12507542,18.318,7.0
4adf217c45b59f0f0c47d7a1cbd458d522178668e440c90b9af7bd60ca8c187e,2459c434299e9db2db729dda277d355f10b8d60be03e8bbd1007ee96d14f52a1,unknown,Data,2022,50-54 ans,Pays de la Loire,3926871,5.751,5.9
95bfcf64f34f353e3334b318ce29e50791030d06fef168b019644ce04c480ddb,9afba64bae29eb706e24617876d5f9677b8570e38a1dff1e384819b1123b7ffb,unknown,Data,2022,40-44 ans,Auvergne-Rhône-Alpes,8238335,12.066,6.4
a2c5824f181332937e8fcd842edb78622ea286443b9c260be5eae682ee42312d,fdf34b53c624d23f6eb7090fdd10c5bcabb41790cea9b3a894458c62dd109c6a,F,Data,2022,50-54 ans,Île-de-France,12507542,18.318,7.0
ded1d6eee5fcc516c9a113d7f166067e1438c1d621cc94a50776235595cd0f1a,2abd523a8fbcf105a3f7ab6581b1dfd9a2921bfd2bea5f5364c5a36604ad937f,F,Data,2022,35-39 ans,Île-de-France,12507542,18.318,7.0
3a3d7793f476297b4535f92f92df009b6b13cbe7cf16588b062c5eca256ee706,215ac9f6c808000539051879563ceafcbbf77f0a219cdaec6b892c7a3a800eed,unknown,Data,2023,45-49 ans,Île-de-France,12507542,18.318,7.0
96bf4b2ae4006e707956569d6bbc99fc6abe8ba56671d41345d86078daca716c,9dcce147cc90d81521eeb7ac3dc7483185bca6dbd0f8cfe2e9899870ff8aebe6,M,Data,2023,40-44 ans,Normandie,3348960,4.905,7.0
f6f4731695eb36a1b61e343472bdb11a54e3bd2ffbce5cb56cc982d138e98e89,1c472ea5d1ecd6370bfd1fcc27ba1221b1c1b37300eefbb0cb42d77e25428dab,M,Data,2024,40-44 ans,Auvergne-Rhône-Alpes,8238335,12.066,6.4
13de80b5c380e3007a6925f6a1d58b934de45351ca4154a45ae2c0415678b81e,71279346775ad6ae1da90cc6a804e780432ac800f9f0724291ec4006ce946c8c,F,Data,2022,40-44 ans,Île-de-France,12507542,18.318,7.0
315686f6113890bca9b41f56cef5bfe4bd7ff23204437b5f8aa01929e4a53e6c,d7b445f23ffc8afecdae6a433efa3444621855a4b63312bd1debae1849485c77,F,Data,2022,40-44 ans,Île-de-France,12507542,18.318,7.0
e54c28eb5dcd199cc849ae3aa23802cfca46cb39467f03741fd784d7279781fb,c4c44c0b5b697800e84ddf2012371bad3c32dc794263cfc5acb8108f66c171af,unknown,Data,2022,40-44 ans,Normandie,3348960,4.905,7.0
3db8e87990fc46ff059394b1d1a81e53e2260835df5b316bfb1b8846ef738c8a,5bf04b689c0004d83587c61148137b17630f7c9d8d23e40f223b59205f2612bf,unknown,Data,2023,40-44 ans,Île-de-France,12507542,18.318,7.0
3dfdad83462c33677723fdb2eabdd27ba8e532fc13f30e4b4a7bed19c7379fcf,d4ef8233fa9a6e2f99380cc0dbef4edda667408b3964722ce45dfa64d54a9726,M,Data,2024,35-39 ans,Occitanie,6165869,9.03,8.8
703b257a7b4ab3bf12affdf6a3e7b783b49386abfe668feaef6c4b79b3f149eb,22bd0cd8e87d8a64fbc14a58575a49e3852cf6dd9a0f11498db2b92542cf3239,unknown,Data,2022,35-39 ans,Île-de-France,12507542,18.318,7.0
ee2be7801489d8f7dc6c008a7e8475cb82763dfb719c940eeb66904eaf539294,28f5486296a16e3ad44a06d0657fe9473e689690d1ba0186c5aba6ddd3983c7a,M,Data,2025,40-44 ans,Normandie,3348960,4.905,7.0
3f9a1d70ee3b0e827a46f48e4e71c7ef44796e2be7eeca96de4c21f7dbc81186,4253367830b54ed88f35bc22f2b95df412f700b5a3b34c11eb20feb6a1a46573,unknown,Data,2022,25-29 ans,Île-de-France,12507542,18.318,7.0
b439c1ab6feb60ae22fcf3d5d457b128a8dcb658e86dff40ccbc62c8d6963436,d387c4d80f1bcda4894e61b516c9b662077f8f8694f58036d95b0a022fa89d9e,M,Data,2022,40-44 ans,Île-de-France,12507542,18.318,7.0
fcfaaf68d7415a61ff3f2f10e595817f19a60002729d4869fb60dd7cfdaa07c8,be3855e939d13253334d59f18321872689b9900e85fd0986ee19ef440cddc991,M,Data,2023,25-29 ans,Normandie,3348960,4.905,7.0
248e63cdbbcc6c5ff34beff12851778df33e457d652fb49af4d4935dd0e99762,cafccee60bfc8a1edfe312ab1a533d8fed45f993f1e6f9b97bea90893b55b6c6,F,Data,2024,25-29 ans,Auvergne-Rhône-Alpes,8238335,12.066,6.4
f04b876fecd1dd3341970542a323719e4a6ba0b0c5bc63ab107ac6e38061fba4,2a7400c7712f26a3c6ec692cb4f7b14195c9840708eeb8d1f270c099a7650c9a,F,Data,2025,45-49 ans,Occitanie,6165869,9.03,8.8
57ac9e1f2105d284bae7ecdb90b033f3c80f8b564ad4a25fd92f0e97994af380,02ba6d2641124ba7370592496a42bc62588579890514283a80e978fea219cb4d,M,Data,2023,25-29 ans,Hauts-de-France,5983840,8.764,9.0
11c8b3148a11ac9f0edcd32b488dfaf72af6c80a970fec38f8ba13d645197595,c2669d240f8d6e127b25f9dc96b9c903dd17ad37ee74d722f1a490595febbdad,M,Data,2023,30-34 ans,Île-de-France,12507542,18.318,7.0
19f4d4d57b3400e6ed3777d57673856b77ea1d4f361325b28eaa5e3b413a426e,ba9886ec7969a9113f8930386ae1a00c9c72c027c3d338959abf125f1887bca9,M,Data,2024,20-24 ans,Normandie,3348960,4.905,7.0
a59f71cf74d0f06af9c9b07afdfa7d6c187d5188cd4edb7cc0d70d8bf01978ac,9b83a92e83e093d202db61e6d19c932cd2a8f04365b0eb9eb3754017e1f640c2,F,Data,2025,45-49 ans,Île-de-France,12507542,18.318,7.0
93d33953d6786add07cd00668555822d6172e62d81ffc35c4185355f611342fa,281b7c87132c1d315845ce895e7fa6596dff894d07beb0c7ae8d979915536457,F,Data,2024,45-49 ans,Île-de-France,12507542,18.318,7.0
8fe51e67701cea2132beb427b1711bbabaf9635e3ef1767f21081b57cec25977,8e31b6a37dcdb292311c59dd35118f8801959fd290a69a2ed2b732572eb5e38d,unknown,Data,2022,30-34 ans,Île-de-France,12507542,18.318,7.0
8544311d297bd4b09c146b00184b0684398fd4fec97bb6ba3b64b1b39869b5e9,0853c1f0360b8c76aa16c553d6b503ec7d36181c22d4d20dd2022930dc91ae92,F,Data,2023,40-44 ans,Auvergne-Rhône-Alpes,8238335,12.066,6.4
130ec49c82c7a3e8e8164b80fb4736e55de97d255fffdf59c50cfbc97deeed4d,ed0ddfed4ec7e50378c725b53a67b20f0f449d598917705d61c4ab208b2ad8d3,M,Data,2022,55-59 ans,Grand Est,5557457,8.139,7.3
5fec0428e275378bc98e47da830c59a957d8527fd382329345c9989b67a40b44,51cd7eb65122d641da19738a58607d08b146ede7629b2192ee97cbb512cd0f51,M,Data,2024,45-49 ans,Auvergne-Rhône-Alpes,8238335,12.066,6.4
cc4f951affa581cbb9e1df80f4f046762e309fcb33164e10e3a99554b97be064,3e768f47a39ee6bc923368d1615431926e955b59364ceb9722eaee3b88e9869c,M,Data,2025,30-34 ans,Île-de-France,12507542,18.318,7.0
b53a992a5b4db204dff6217bf765b9ecd23db032ac5491a242cdafb469733d2e,a12bdb76393fdf72f28e1060499b6bab8a4139b42cb40125def6e016ac01aed3,M,Data,2023,45-49 ans,Nouvelle-Aquitaine,6181885,9.054,6.6
ae922a64de50baad60fb5cbbbf799602dee8cdb5d16e15d29ddd6224b8278a7c,314b10156c5634b60bd0236b589319ee784958a432a35f8e6afe2c551fea01d6,unknown,Data,2022,55-59 ans,Île-de-France,12507542,18.318,7.0
6b19da11ecc77d452aaadd044c416917873e1a800c61d57879e4147d226797b2,92e58a04f1227963684419fb33cee8b8b66fc95f44e4da52ae5b8115d741adf4,unknown,Data,2022,50-54 ans,Auvergne-Rhône-Alpes,8238335,12.066,6.4
dd62206e0e6a07348dda04e80c06b9f6ee6b837c1a681a9ece1b1ce8a31268d3,0faf0784b497d2c4ce837d0f0e341ea9b06909bbaeaabe725540de89835cf85c,unknown,Data,2024,35-39 ans,Occitanie,6165869,9.03,8.8
1111e33720e1056cea6023014d6557bb1c37f58265b1288863785b957df485e6,b86ed96c0d9b2991c7655c1d88bff13bf33bfbeaaf2408fab730bf5f1b56dd66,unknown,Data,2022,35-39 ans,Île-de-France,12507542,18.318,7.0
81f6418ccf63065af0c3137e8ba4273ff3068af2cd84af623c2d8a5f8f24f521,f3c43ced83385c86e086cee88ce964716c8e51e80722c19cb6b2f48d8e085f75,M,Data,2024,45-49 ans,Île-de-France,12507542,18.318,7.0
df6958e7b2938cb6b4a3e942312b552aac81d1fe7e1bfb79b8051fd3a0a0ab18,e376a5446a138af7fa104b1d39b3be691f93e3e6605c353ad0fad4807b6eb3d3,M,Data,2023,30-34 ans,Hauts-de-France,5983840,8.764,9.0
26a98fba7d7309ce6f408b662e949f20d98f8af252fbed0a01dfaafa2fa58b8b,ff60e03668636bc77813154d6350a62d6b096ebe20313352b618185f36638cb7,unknown,Data,2022,30-34 ans,Auvergne-Rhône-Alpes,8238335,12.066,6.4
ab12939dec44e4f9c69f760c1db8b15250cc28d738b78695f5ca074007ee6896,e5a9b6e50ff081bfea03dd8764d37f6554afba9c1743c5364c3d51062e7981e6,unknown,Data,2022,30-34 ans,Grand Est,5557457,8.139,7.3
4ff5296c08d606607d8d8fd96b3ad7181bd96609565b4619a88fbb9e5ecd8d61,0676f41fe28e7f725fb808ea65692217cfe12999dd30f5dd6f8766cdae572a5c,M,Data,2024,20-24 ans,Auvergne-Rhône-Alpes,8238335,12.066,6.4
c40a9ff775cde5a990c043521ce067670224e50154073d06f0f774d73830cd05,99a7938d58f89cdd0137d055d5e8b4393699464f38bed0cb06e4e6c557ba9ef1,unknown,Data,2022,30-34 ans,Pays de la Loire,3926871,5.751,5.9
1e1e74521c1b6a724c7a8294fc29ddeb1934e6e051fa798ec236e178e2b2a536,8c365dcdb665cd76c5968d7510ecb5f717bdd990776a1b2e505a4bd68ad69680,unknown,Data,2023,25-29 ans,Île-de-France,12507542,18.318,7.0
fcc5e0a126fb30e34a44f38a2d3a643d81c69891170eaa134488ce7e56cf8c2c,3cf5c6090679bb6ec898ec4e325a88a70e586ab26641a9518092dd73d024d689,M,Data,2023,30-34 ans,Île-de-France,12507542,18.318,7.0
2cdd05f934f375b80434179f2908168d74bcaca2a71fe7d3b409405186b5e654,e5f487c5dbfcdd648917d5487597e487d961a76ff5fc05e98ef3aa3fc6029453,M,Data,2023,30-34 ans,Auvergne-Rhône-Alpes,8238335,12.066,6.4
8fe55e16c2d4d3db0e5cb2d0eb93301cd41cdbcb6caff6d548260c0353598327,fa7821389876094b3c9888d191b2d9110d9b52ce051590393e6ea453e5997234,unknown,Data,2023,35-39 ans,Île-de-France,12507542,18.318,7.0
4c7f16dfdd222cd21c41216c272a0d962b526e6d0e9213079f8e951d180bc587,e5f429bd617306e824044fac3c6f597f86a9e927f2739ed223f35c4d93a3f606,unknown,Data,2022,45-49 ans,Île-de-France,12507542,18.318,7.0
1f8b9274ea73e97f59a50e5207c6a605c3a41188dde62f5ca4ee58e96af68954,3b6a843b50adcdec496baacfaf74ce4c3a6e1d3e11c98835e3f46a2313cc6272,M,Data,2025,30-34 ans,Grand Est,5557457,8.139,7.3
2cebceecf434e971ab91637299bf6f758c6dd65816ffa9195b4e76c790e7834c,45f213e913d4e9faf24692735e7e63b087c4748574c9f8d58e4336fc7c897d56,M,Data,2022,20-24 ans,Hauts-de-France,5983840,8.764,9.0
cac44fcdd3529a7d7f627f71bfcf07c8b14b2bc8d62b51c1d5a13af257935d35,5bf5ef3ac9e4d909248873300088e240487924661f9a2631e135089fbed0677d,unknown,Data,2022,30-34 ans,Île-de-France,12507542,18.318,7.0
dd80dad15328288d29fa798fca570ea5bb563bf3fca653c146e62f68af5074a3,c5d2c7eab5cb08da766f7cae486ec0fa1e2c7da84fb50f752937c76e59c1ea69,M,Data,2022,25-29 ans,Occitanie,6165869,9.03,8.8
f881bc927e0f94af2b72226cd59c1365954bca9c239f74b97a221d7187401473,9afa9353c2e4f89772c4adeb0bd8198646f5da9aeb17e8d36600edec6b727a6a,unknown,Data,2022,60 ans ou plus,Île-de-France,12507542,18.318,7.0
5b9bec1719d7eaa69cf0a25ff1957099264cdba6412bfd62e915e7705104cf97,f382f5da82e7fa0fa62f2d63363b5f377892d789cb9382099ca199cb983e3b56,M,Data,2023,35-39 ans,Île-de-France,12507542,18.318,7.0
e3de08550bde5b808cccd0de1d61d71f5dc8f45a003372cb97177af2aa2798a6,6ba0497a0f695bd846de794afd90bede85f112c695f7eceb1bbd1d7bd0fa93f9,M,Data,2024,30-34 ans,Auvergne-Rhône-Alpes,8238335,12.066,6.4
6a754a28b22b1fb8e8be736f1ffb2a23693113340546a20a06ddf1a73828ac57,24ac898340dad35d77b6cc8a4673bcc59476b98547ec3071a995f759355bae46,unknown,Data,2023,25-29 ans,Île-de-France,12507542,18.318,7.0
73a1f91c6f40a81b63bfd818938d47d0fee55141455aa3417296d2d8c3b0f7bf,4633056513ad8ba081f6485c68ab470ca3fdaf3751fc3b67c69d72d27de4eee1,unknown,Data,2022,35-39 ans,Centre-Val de Loire,2588006,3.79,6.9
dcfdd856197835d6ed8b753fa69cfec6b7177e504e419df110e59d7de9633942,3387fe2b88988b7ab4d126f206877cb32bb63df016d40f4e9ed53fdf543fc829,M,Data,2022,55-59 ans,Île-de-France,12507542,18.318,7.0
63bebcd10a56968e8944321e4533ec782c125aa2578af3306c721ff24aa17833,a662c6db17315e1f263fdf87842578fb956be8e57e7875c864bb098a0dd84c71,F,Data,2024,40-44 ans,Île-de-France,12507542,18.318,7.0
d947936bc38bfe6b66e118379fa0446a0684dafba627f668b588d9292a7c9cf2,e35bae7f24d23ee64a13a7106956dfd6f254c6e761ff78af1e3387d7de94665e,unknown,Data,2022,25-29 ans,Île-de-France,12507542,18.318,7.0
c370db010ef68aa30e708d00bb6d380dfb71b183c83c563f97f452bafeaa1731,a54131531c26e2d092cbd8bc2adbff8304ec70ecd3dacd4410717a38d5c86c05,unknown,Data,2023,30-34 ans,Occitanie,6165869,9.03,8.8
f42e9004ed2f5ceedc908076a5105c3ace687a979a85c5e5b7d056d702b78261,837d6849a451feaf2ddb26ecf4bdd43529e4aad58b1ccc3e395cc8f23088ef13,unknown,Data,2023,40-44 ans,Nouvelle-Aquitaine,6181885,9.054,6.6
cb1e9e40b6454fa32caa8df88f60c47b92b88531f29e24e3f5d42eff8d4c6325,7271d588aed05d976a67494f67948d4ed84b17f79591c5d32c994fe94df5c8b7,M,Data,2024,25-29 ans,Provence-Alpes-Côte d'Azur,5252362,7.692,7.9
a00b2aaf0316979972993d338cc86c6417ddccb41b282d04b43c94b28468fb3b,319147a14653be6b9e59de61f7d76d4d733edc1e4aa0119357b38ee3b7710278,unknown,Data,2022,30-34 ans,Île-de-France,12507542,18.318,7.0
2552c86c59cedc185a7b1efbd4f4e1bf4e80ecf4ad64bee617abb2650f6064fa,d9908ae9cf1541457c027cde4c0251d4d8e8fd7dba4b203b614c32d1696c4cc0,M,Data,2022,25-29 ans,Occitanie,6165869,9.03,8.8
2af628761e93f7a3db23ab30b4f8a8c16f6e14e7dfd20d31dca8b68f200c7b0e,65dacc4b2c14783790ae6f056a4f924c4aa01e6e69228314b6e189e0c2e7dd43,F,Data,2022,55-59 ans,Île-de-France,12507542,18.318,7.0
e71e74fe755570db790256ea8fee60678195ca1f81ef7da7bc982d55e058b8b6,c05e35ce865e20e3e62186cbd70268ef17525119303de112c2e1b02e3632dc10,M,Data,2025,20-24 ans,Île-de-France,12507542,18.318,7.0
be71c1de32ca97ca5235c68204b8f6c7c05c6ba318431d59c875ff7e09f096a9,0be82180fb4611aee748be1e67c21ca59ec916f95b84c282fb161b529d913638,F,Data,2024,25-29 ans,Auvergne-Rhône-Alpes,8238335,12.066,6.4
a66bb179f7efd245ee41f472d29b22fdc9ad6a4e1e9f979996342d113e1090d8,12228ba8612bcf8823baf73049d2d0c429da4b71bd731055e495d3cb644c6c34,unknown,Data,2022,30-34 ans,Nouvelle-Aquitaine,6181885,9.054,6.6
d53137d9a3c2c679481b50ad3b7bce869f17ebe819c409b4d3a5f23748e490c0,246bb26cb03149b66746cb26f1796ec5501a222c5b18632496baf0d6d3d958e8,unknown,Data,2022,25-29 ans,Nouvelle-Aquitaine,6181885,9.054,6.6
977b02dc85991ba0eeaf4e72ca117e128dccd0eddac264b06c5c9ec58fdaa027,4fc1da93f8a4089242c8659d9b859f4cc7ef3718254668219dfaa99112e47baa,unknown,Data,2022,30-34 ans,Île-de-France,12507542,18.318,7.0
66d0c3e8d12fa1de7585496f0449b8669afa2f7c4d21fdd928b121f056fd04f1,44a4b801a29ceb5d098054b265dab3bf5babd0ca112f3277b26eb2df2ea169e2,F,Data,2022,25-29 ans,Pays de la Loire,3926871,5.751,5.9
6ea88ce54e7cb6615280ad473193d86622023d010e57b3a20c3c8e86830b5ad8,ff6359737e9aee488b138d828d1c1d128bad9f80a4946c8a084fc3c1eea20b78,M,Data,2022,40-44 ans,Grand Est,5557457,8.139,7.3
d1624af11e794c0cf8bffc026fa73b2d169679e042274371b81222b86ca23d39,8854eef38212fb3de72cdb639ecaeb45d26485c2641723a6d3a6ff8562de809c,M,Data,2025,30-34 ans,Île-de-France,12507542,18.318,7.0
e55e7eac28c32f27a2369ef68580d40aa88b1aa652f197a39f574dea47d835f2,fac67d1a04138b84f4b20fb197c7362e44706d8b352fb372c8b8a2fe1c9c6caa,F,Data,2022,30-34 ans,Centre-Val de Loire,2588006,3.79,6.9
2e5ef609d4a558608d7e2e9601ae2c45563e76b0ec14966e240d1fb3d2dfcc48,a2bb0475e503476d0128bdf7851c4ffac96ad7b56e6d09b386605c90ab72873a,M,Data,2023,25-29 ans,Auvergne-Rhône-Alpes,8238335,12.066,6.4
a7872827606833ef59a1f83a5c1be38e50780852ea0101e2409ddded898fe214,29a3292b2e7588d26bef1021c339bcc6db9c3188ab23d93ca01937d66f9388a4,M,Data,2025,40-44 ans,Pays de la Loire,3926871,5.751,5.9
6ee821d6804e9c94d01c78acfc5d177c1e3fad45609fa29e4fb64e6f46c53197,646b2a6258a6a37882ea68770a74e467f25b60b204dbcd4b567f8d2d72ea4b22,M,Data,2025,50-54 ans,Île-de-France,12507542,18.318,7.0
c56dca4c1167d5f56a42f22cd7cb8362c20503d9e12c7a08295b720222f6112f,f10f9d38290fcffda494f56eb3df913d4bc2cc4d3cefc444a34628af0886421d,F,Data,2025,45-49 ans,Centre-Val de Loire,2588006,3.79,6.9
c92697fe2c5c0e49dcea4ec54fe5384e25c01530ada83c7c324bd6ebac5336c3,2bfed4ee9faae7c5c5a683dc066ccad74d7482cdff85ad3d81e2afaa70eee0c9,M,Data,2024,30-34 ans,Île-de-France,12507542,18.318,7.0
faa0c720edde1bd5c1804e329b1934784e0976b13d6afae15c3971e7f2fa72e6,92cb0f7a416c19cf1649954b8f24f2823cb8d7c7fbb419c6007426339e9a26fd,F,Data,2024,35-39 ans,Île-de-France,12507542,18.318,7.0
27b2aa952709044a3fcee0557a4a30b467ebaf49d79701dfb8fc43a8f180628c,49384ff13996e6d20954007bc35e17b57b656e8cd1987f3f0c2af0eb90f2fe54,M,Data,2024,30-34 ans,Centre-Val de Loire,2588006,3.79,6.9
6cbc3473d2418080c5ea68efadd132f436fa6837e7f0b2ead0bffe01301a8775,bd3e066121c13d294c432db7ecd96c5d154f362406d2ec8437f8539adfd45d3b,M,Data,2024,20-24 ans,Île-de-France,12507542,18.318,7.0
91f7ff47a0c2727227ebd880cfa27bc7b0eaaae9739cf19e1e195ccb256d6af3,7d25edcd66085adc5742b3f1d4c31ec8437c8fd513d9f97145950db29467eddc,M,Data,2024,35-39 ans,Île-de-France,12507542,18.318,7.0
efc884521846ab6c87c8b7f47bb5dc54c8908fb2dc7573a1daf484c3129bc661,34d728301cb7b2e71bbb472e3ec007247a953fd9f85fcd95711984c93b76d059,unknown,Data,2023,25-29 ans,Île-de-France,12507542,18.318,7.0
56772d2b7fa8357872bbe15ea13f39913d8584802a0f8a28343fd3f02c3ccc28,51763ee99c573a5893e02d3cbeb643aa74f1ab24cf149166a3b84b7cfd596ec9,M,Data,2025,45-49 ans,Nouvelle-Aquitaine,6181885,9.054,6.6
47fb0799307ec5b1ffea9202706099b0c0428d925b36c7fd3f4823a044817062,38c7b3f6cd233dcb2a349861a9b67298baf5e8fa4c4ff8ad7e73473e3a688666,F,Data,2022,40-44 ans,Pays de la Loire,3926871,5.751,5.9
d1bc52a168ab15c3b8e9e9d7c1dad63131317e3f4975ae744a25efbc7391a80d,051a748b57aa548dad3cb741d47f1a3b8b28ff85a71183af25bada67757dad94,M,Data,2024,50-54 ans,Grand Est,5557457,8.139,7.3
81cf3622550e447278e84cd9051f84e78bcbe8371fe72031cd9b05f15d1f8592,40c126296e77f45ba147698e716642b1499d5a29d7b6e2eeb75eef6c35e5db5a,unknown,Data,2023,30-34 ans,Bretagne,3469711,5.082,6.0
9a16584f74562c7e19950741837d81a169588ff5e337ae4edf0185b8336e1fa3,fa67ddee05b4190c968307452bf30274627d07bd281593161c4f29d158d460a3,M,Data,2024,25-29 ans,Pays de la Loire,3926871,5.751,5.9
8fb22c7f825263bcd152208d3fa5309cc8652dabc3e960d7e8761666d9a074f6,4786fd899ada546f9317cdbd49911009be4c9d3e7dc3f38ec4dd0ea843557792,M,Data,2022,25-29 ans,Île-de-France,12507542,18.318,7.0
3e17d865a9ee5a5b1e67a6df983adfc2b8c49870b8296050dc4ec43f091d23d3,67f06312225135da117371386f7fa5b540a62d4602e63131aeefb2f24dad68bb,M,Data,2025,30-34 ans,Île-de-France,12507542,18.318,7.0
80d9f6572a2ee977853855b3a1783f7a9ed397977835dc5bae5c38427fd05840,fec8e69e9d3280cb6bd884e8a64eb13f8e4e5ad718dca0b75369fce60bffe4f5,M,Data,2025,40-44 ans,Auvergne-Rhône-Alpes,8238335,12.066,6.4
42f2997a712fc942df98a5390ab90eba4c14f5ea75caa2f9cc2b229597633d2f,95e273cc2ea7d60fffae682944498b6731b74a2f25f89cd3956850ba5263fafc,F,Data,2025,30-34 ans,Nouvelle-Aquitaine,6181885,9.054,6.6
1484a7ec57436388d0fc63810cb78b5bcafeba8b02734343fcffe11b9ca34799,3bf52af187d1e1cf8a1d62ea70565a2bdc8bcf52675f8d6cfdc81e0f00cc5989,F,Data,2024,30-34 ans,Île-de-France,12507542,18.318,7.0
a602d610d1786a03bd4a8b21672c0d8749fa9d51d0aa62cbe88761c9925ed0ae,d246c4196b5bff6973504e9b9055a375e0db7ce4c3b8116d4fdeb3dc1afd5697,unknown,Data,2022,30-34 ans,Bretagne,3469711,5.082,6.0
be2793588ebeee432312cc7b116ba3e0ab52e1940b6019b052d62754f5e28f42,0c056109a39bfcc97a66157acd7b203e6765347f7c82644ceadadc7c9328562e,M,Data,2022,25-29 ans,Île-de-France,12507542,18.318,7.0
88f1989f27e6819bc1aabdc281d63c220b5f2dfc8edb71b1e9cad7511d3b5242,d42a93a6cbc2495f84dd43acb55b2a85e88a57a4827eba47df645fa71f376dcd,M,Data,2024,40-44 ans,Île-de-France,12507542,18.318,7.0
04dc10d7e2f831a1d138089a38fd3639918fdbbe939d3a3a8b67569e2e839c98,fc77d223ebe90824206652f1490d3127aedd2423378b432da79035235f50b058,M,Data,2025,20-24 ans,Hauts-de-France,5983840,8.764,9.0
5b7414445aa4e389442340974fc22ba731995ea9924f4293eb934b8a2c44e80a,90978efb96cf8fd4dff5dacb729da2924953d01fc2716ebfa169fbba2dbb6ecc,unknown,Data,2022,30-34 ans,Auvergne-Rhône-Alpes,8238335,12.066,6.4
7d7812099e962c4d18631c5566e70d8e4b79b39d643dd435672eb96b493af8c1,1cab38bb45918b506884f85affc9d8cf6c144a41918cc630f2d29d6cc2656085,M,Data,2023,30-34 ans,Auvergne-Rhône-Alpes,8238335,12.066,6.4
b7108d4267b0f57c60f4d0ab03f343e5864754b54be275d7925be48fbd97b58f,37a98bcae70ece40b658521ad442b3446ce5379e4fbd2e076faa72bc98d3fb10,M,Data,2022,30-34 ans,Île-de-France,12507542,18.318,7.0
26d6a5873717d46f209293d80a2aec9afef047939ac60d41200f773d36e0edcb,107095dbd1e0832004e3d2de1132cbba19117639e1a3f9910c734a5bbafc7b79,F,Data,2025,35-39 ans,Pays de la Loire,3926871,5.751,5.9
e1190bf6ec187ee5a371c43c09338e124768d34e31d785eacfea389e76d014f8,ff67753928d13123e556d932e5ef1614a310c88b8d576e98ed9d7abd7d2282c8,M,Data,2022,30-34 ans,Pays de la Loire,3926871,5.751,5.9
2cbd181f5fff0b550d00fe547ab0b5859b865d977022d17e47f4febc07789cc7,33abc014802bc6b0164fdb7dfe31887edb7ea1fa8f18ae9425df7ea51306e9bc,unknown,Data,2022,40-44 ans,Nouvelle-Aquitaine,6181885,9.054,6.6
d29dffb8629c0340b3367a14d40b05f14d4925e567320295f470c704d9c990d9,3581e92ced8f027c457866d4333718dc41aa9115624b386780adbfe70560f47f,unknown,Data,2022,25-29 ans,Île-de-France,12507542,18.318,7.0
f540c26a3f25f3090aa6406994a147fd81bf39b719c87636513f98d566e783ef,902f09deb4fa3554b90bb850e0830f68fffe6c6b5700dd03d36c0935d5a4da46,F,Data,2025,40-44 ans,Île-de-France,12507542,18.318,7.0
3943e467d2626b2e09e7a7f40e9ecd2e2c3508a1a7be09082490554b361b93cb,678d87f0304cfd48c6885e97e26bd23d2d4b3c486202ca713bfecc138bce09f1,F,Data,2025,35-39 ans,Île-de-France,12507542,18.318,7.0
7708a160adddcdb52567c4cbfe1778eb08002d9c1ac21d202a4053726efcf9da,8b55f31d3b2582c8b21ff33109b2328c6f080e0a1b48f9531a05c7343065cdae,unknown,Data,2022,35-39 ans,Île-de-France,12507542,18.318,7.0
ba197da803424e012f54a071a335cd8ccd22bc7b506731878ad426370b1f2234,4ce297c4c00e71aeb35612ff23312f0ebbd4cb60a4476014315ba1bfdbd69d10,M,Data,2025,35-39 ans,Nouvelle-Aquitaine,6181885,9.054,6.6
25478f72803017b9d21ed9942170c10440b58e1eb48488c8c41fd58b1ac80d29,a8343d1c05a466b2cb6e3695dff182de4652b1f526ddb410760838cc45072c26,M,Data,2023,35-39 ans,Auvergne-Rhône-Alpes,8238335,12.066,6.4
486947e0f9c30164aee18fb996ec46787fafe01c4541b74f394960749ffcfec5,353fc490b2f6ebcc9bc3afc9756cbcaf3db270751395581eaa7cb6962f0e3f24,M,Data,2022,30-34 ans,Auvergne-Rhône-Alpes,8238335,12.066,6.4
c7fcb0efc71ae83e99ff89a230a2b2b2458e36ef5f6f3639151cde83cea56df9,dd78e7550b0c81a4a5b85edd1e2c711a65d4060290cdf33fb5ffdf4b5d628c32,M,Data,2025,25-29 ans,Île-de-France,12507542,18.318,7.0
0776ebaab70f39ed17b2251fbfd479c3f75fc65b7a15ab759ca663b952529a42,c204a5108fddadc1aacb2c0e6a9a598e46a6fedc43f034fee7e3db62664d2ed9,unknown,Data,2025,30-34 ans,Hauts-de-France,5983840,8.764,9.0
8ce06fb301383ad1bfb196a6145d916ddddaf796be32f047592a70b6288dd1a9,3d03fd368d3a2876ca3bf4327cd1de139af2755d2052a2545bc6377958b87ce7,M,Data,2024,25-29 ans,Nouvelle-Aquitaine,6181885,9.054,6.6
325b0a151c37091ef84142d1b82e955a57caa40f5e02410260993ccccc9fd124,f7e26d6f1d90282756ef4c27c206f9ef3863d77a1daf76afc9bf6f2b24f871aa,unknown,Data,2023,25-29 ans,Île-de-France,12507542,18.318,7.0
e0624f6b4239ad11dcc16d62542b2f48781aa3b4df68b9d51dc0035dea5d77a1,037812c25de4b6b7368da29b76a705eedfcd42671ac4b5a699cf00156c1bdd2b,unknown,Data,2022,55-59 ans,Provence-Alpes-Côte d'Azur,5252362,7.692,7.9
2f5916d5a9a5b590901c86583a932f82e8972241b716d9625856a5a884ae4d75,36c7060e8028e4538817583cc08dac3ff6c4d516740ee23cbaa6e8886cc53a9e,M,Data,2024,50-54 ans,Occitanie,6165869,9.03,8.8
89ce0f2dbacd119c4cacbd2a696bb82d4ab895230b86b70be16f51264b7e7416,7571bb6d4445fcf2a40626499125f44ab9e6cffb3f51e1d9e83e584aafef94c9,M,Data,2024,55-59 ans,Île-de-France,12507542,18.318,7.0
02fdc099034b7904c8fb6ae8b0142fe0fb60be3bac6968b2104af58659bbb0ad,79b76e16b0b7c2d8ae56d95c51324c5b392cefd66105397ba1ac698905cec4ed,M,Data,2022,30-34 ans,Occitanie,6165869,9.03,8.8
057fdfc20ee5a87dadf4490e6f61e41c8086391fe884159035d42d69ef7759d1,ae6dc86a3ccd8555f6fe04fca7a6e2054844ffd319b2d6a51da701f6f40996bf,F,Data,2022,50-54 ans,Hauts-de-France,5983840,8.764,9.0
5ef427e47a2635e72245631167bec2022c16d7e6e545bb0bc1b41355957e3243,8066231da5c0a9d61c42c180626090a01414d268f786f239fc0cac4db3640841,F,Data,2025,35-39 ans,Grand Est,5557457,8.139,7.3
1028d027f7af44b47a6fbee42712f6feaf17c8c8e6bbcfef66b5110ae96ae4b9,ed7a003c94cdbb1be2a408e4ffecff290cb9a84e4535061915196226ae03f745,M,Data,2025,25-29 ans,Île-de-France,12507542,18.318,7.0
dac95e252818564333bc82f6e590bb7cf1a3e6b89249eb468a6982be89a6b4c0,06cf4309f29ed608ecc39950308039dd73858e9bdbcb48a88792dfc70b557b73,M,Data,2024,30-34 ans,Île-de-France,12507542,18.318,7.0
984cdd5d1e1da382ebd196471a75e24d26e134f9d5f22b643843b27863315398,d00ff06b04b2ac1b618b6fc8fb9443a6355b030cf3c756a8433b0b85ad8f2770,F,Data,2025,35-39 ans,Île-de-France,12507542,18.318,7.0
6284f6b08ec41e4026a40fee8f8d861b2863650acefc5094db1d79c18f63902a,bbacd97edcaf90d0b72570793d04593043b8f34d7dba41138e450f1b04a32484,unknown,Data,2023,50-54 ans,Île-de-France,12507542,18.318,7.0
a6c22b506b5c6f91a9b4296b4429a25d878b4f544804adc171271b71ac808975,d446afdbdb72e5f4fa971812916f6becd2fc7a73a9e9f1eb3a50b2eb4ceefeb4,unknown,Data,2022,30-34 ans,Île-de-France,12507542,18.318,7.0
3484684e4231792e43a3cd5c31b4c43960d52be512302f570bf0c915b8a634c2,1eed905f04cdd01437b3064ec15b5faaddfa92f37585085156e658fd127ff439,F,Data,2024,20-24 ans,Auvergne-Rhône-Alpes,8238335,12.066,6.4
c77507e6be399f67c86c72995a8f28dc9a4cead8596013f66710247cc97f9a3e,923b5e5280ab1b15d11113ff278436262805d9095d81909f7ce7136767c39ed4,M,Data,2024,35-39 ans,Île-de-France,12507542,18.318,7.0
d978e8314846f8167f2dadf1dc67cf0d9c32d8abe4efcd666920fdcd9b27c445,9a9bc6e17b4736d9ca66adf7774733fa126ea9912f4b9bca7d1210f8e330df73,M,Data,2023,40-44 ans,Occitanie,6165869,9.03,8.8
a9ec82d5f0f57c71ebfd937b9fe9d46cca5b1db070243f694110ae153f859c52,d0bb98bd08f1d2e98c96cd62effcb17d1f2bc211e698a0e84f39f776678824d6,M,Data,2025,25-29 ans,Auvergne-Rhône-Alpes,8238335,12.066,6.4
f721dae9e8888dc563185917ee3d25a205ed8edb868d781e5a5759f8641b035f,820c28ed537c0acae55f0bdb190f763bc1747afae8b6abd86e5d358464b5f25e,F,Data,2022,45-49 ans,Île-de-France,12507542,18.318,7.0
79c3fd77899a1f4f46ae22fff662301a4f2a2caacc19d904fca805235e9354b5,29dc1d1b5fe3f543ae4a47f7dc6263d6cc05b95a5787c1788d09bbe7cfe9b28d,M,Data,2023,30-34 ans,Centre-Val de Loire,2588006,3.79,6.9
3a9f969371eb78a8b82ae2f9d79a300f442d365e93b204a50d808ed26a04ab2a,775dfb2f4e6de1c43648ab87d8f371a57ca60d003781fd724b509d24372f4fbf,unknown,Data,2023,50-54 ans,Normandie,3348960,4.905,7.0
0b193b83350e762723ad211df35bebe388921bb12c4119c8471e8bed78160102,8b9fe809bb18aa99631b764f0531c80016aca2aa88e73c1f9d9133c4c5015161,unknown,Data,2022,30-34 ans,Île-de-France,12507542,18.318,7.0
8e88fdc73d9c9cf9605edaef46f3ff3618208b5b42bf8b7e1a35d139ed9cda92,74811e4d1ea82d6cb7ebfc835e87a424c3ad0a9c832ca7386037169ce5de9669,F,Data,2023,25-29 ans,Île-de-France,12507542,18.318,7.0
18889a19a56818333fa690185d36bf96ae402e65508f6e98247b51fc56da6a44,faa9f084deaac01552860e62448fe06234c1c0275ee2e0f6302c96d522fd5512,M,Data,2025,25-29 ans,Auvergne-Rhône-Alpes,8238335,12.066,6.4
6776e429ca409d516b2e26fbd634b62af7c79351400b05c3886977d61991d732,405d11e54764132ed1216c11576c09010ec7c57cb895b96ea9100f5e83452f6f,unknown,Data,2022,35-39 ans,Île-de-France,12507542,18.318,7.0
a319d36be5f01501d38ac720671a6b17015f31b0e035b6af10de64e44936193a,8dde7a78ca882a44ca0d027a0a93b307233c63dec02d69f7533d513b8fdaaaf6,M,Data,2025,35-39 ans,Centre-Val de Loire,2588006,3.79,6.9
3495fef7137bd71c42bc340beca404b6b07ab5335fe0c30af07c8fa1ab1ab1fd,6a9c0a98a324c7e7599606a6557d11b2e240fabdac130229696cd2e2a92b8fff,unknown,Data,2022,40-44 ans,Bretagne,3469711,5.082,6.0
eb8e11284b1baac4afa3384b2eb43b6e2d3f10eed0912306cbd4f9bac2c4137e,3ff2f98bf710357b206116b2954e0c89339a5b7c923ffdef1dadbd5e0d013600,F,Data,2024,25-29 ans,Hauts-de-France,5983840,8.764,9.0
710e6b566696cb0c252e982e43343dc45adfd23d2f757651011ad2aa76a0c926,eff196ee610c5f193e1f9f60e993e45ecc90d48c4474ac0af5327699a8725774,unknown,Data,2022,30-34 ans,Île-de-France,12507542,18.318,7.0
58acee2a34195d1809ad9e1d8664d5a8f4dd4c4bba22007bd52649a01643ac76,61ddf09a92bf7f1c698a3f804860a94765f6aa5a75137bf07f5c093c3d67d03a,M,Data,2024,40-44 ans,Île-de-France,12507542,18.318,7.0
e8d5965992cbc3d64bddb9fb1c9a02a320cc82462ea683a5679fa7f1b3b1eddb,55327c9a63539430acb093a35e330b5ea6e695bf12a87a85dea2e6789b804f9a,unknown,Data,2022,25-29 ans,Pays de la Loire,3926871,5.751,5.9
98327fc94af67c76d0bbfc38700da16ee0c08cba3e80cd91f7f6584b4b9c994b,2426f13300cf1f3163bb1f5a95bc133f7c2bfed24601d37a93fd06c2db25bcd9,F,Data,2022,20-24 ans,Île-de-France,12507542,18.318,7.0
afe7acb24c3823fdf20b80d5c1e5cd668cea86b1ac7ddf7f8f77f90df5312ff0,8d7f1c59d99bdc2696b328d6fbe70cd7d83b05de5f7d2846d9258c7e89363618,M,Data,2025,35-39 ans,Hauts-de-France,5983840,8.764,9.0
7fd29a798d5d1faafb8b4ffc80a4e3c1227e842316008b0e6da3c9768a476de0,0b2a667162dbb0dbd529521491543b7c3525cffe898391f6416dc4c14459113c,F,Data,2022,40-44 ans,Île-de-France,12507542,18.318,7.0
4997c4b76fe6ffd7b4c564b3e2531cd8691bb5a64985e29cf7ea376d02c40d3c,f448f302fbf5fc65d4302ee78399c393bff9a70af33f9bd6b4fa261528b68be9,M,Data,2024,30-34 ans,Pays de la Loire,3926871,5.751,5.9
f4c48627094635a2b8e9521f9af022f9496a4c9c904ffbbc2ed0ab321eae0333,9c1ca6f1a6fac78db10e52c1d40fe7f6979178d9cee34221df49f94b5a1c548e,M,Data,2025,35-39 ans,Pays de la Loire,3926871,5.751,5.9
c6c02eb6e54529d67534fd9b87c4d1133bfcee01a7d4fc7c63f7d55bffd1a7b9,59fa303f39adce8500f81c6891faf9e77a0cafd0be73bddf7d31b29b87e38f80,F,Data,2022,45-49 ans,Auvergne-Rhône-Alpes,8238335,12.066,6.4
8e346f9dcd7f6e7599d8f20aa1bb2f793777a3279c86981f1e7b1be1660b0761,300cde82304f6ed03ffd065cdb856e6bc081651014fd1c61770a9ba108ff4849,M,Data,2023,25-29 ans,Île-de-France,12507542,18.318,7.0
71d6e359ec7de10796138d0968840b4ed84412ebe09be698699c4c597c1d3b4a,0463bec836dd3f3c8ebcc0d05db3576ee96d0a8240f0916aa5a17078f5864ba4,M,Data,2022,40-44 ans,Île-de-France,12507542,18.318,7.0
9dd39cb8b7880a908cecf0d4ab0eb85bb6f8ceb6e381b16f53661397041e07cc,8ae8a931754cbe73f04f0caf697478dd439dfd015b3b961fe43775fccf78d55c,F,Data,2025,30-34 ans,Île-de-France,12507542,18.318,7.0
169091dd954100c872f0ead67dc3a80a51fb1a4814a816b612d455a02591429a,8b8d5a6cb84bb0097bd28f77d9c26e4dd75344e486638899c598dce44b2329a2,M,Data,2024,40-44 ans,Normandie,3348960,4.905,7.0
f324f2b0e31b4e2b2ea8fde85f451628235d1cd0004ce25b66308abfbe039169,fcfbcc89dddd940b178d2db96c51f6793ae466ddfbf155bea56f7971d358ba77,M,Data,2022,30-34 ans,Hauts-de-France,5983840,8.764,9.0
99b609edb4961220590065b5bacb8e0e5fdde459b290b321f85bc630bac76ec0,78e43bcf090cdfe32aea8d44022deecbe3eccc33b03e000a08994b5dabc68f58,unknown,Data,2023,35-39 ans,Île-de-France,12507542,18.318,7.0
a74a56e09fa26e06a1dcaacb14d829dda6d82315d13076f9270d0032b3cf778d,4e0bcb6377c3101b46c343f18fe4006876aef087c2178c4240d6bf9d6751d32c,unknown,Data,2022,30-34 ans,Bretagne,3469711,5.082,6.0
fac0b479371222d353615fa6724c5f2fd804ca4f2537e699f1fc2f59ae2c77ae,11a26a16f85b0c98f48edc13deb6986e5e51632266cbcee3e294f37224836097,M,Data,2022,35-39 ans,Île-de-France,12507542,18.318,7.0
27d7a6a0379ad13ccc2d5d013713fc167659ccd4b05d7f90c5b8933bfee10a24,d56ecb2ccd10b5545fb821ba6125d20c900702836ed31c699cb4e845290f2c1d,M,Data,2024,25-29 ans,Île-de-France,12507542,18.318,7.0
5d7327fc9a0c6ebbd3a15555859eeeb308fd2163a7a2edc166534747fafe70ba,846880d1389308dedb08838f9f263cba42c72406fa73efd6e43b20bbd68fdb2b,F,Data,2024,30-34 ans,Île-de-France,12507542,18.318,7.0
b7cd9a0d58d4cc8ee3a1a030ddfeda2ec7f2b075ec72e34ded0b0c5a970286ee,81dff0e2ed6e85c6f695dc1adee57f8ca97256fd32a0764172306ab3e9203094,M,Data,2022,35-39 ans,Île-de-France,12507542,18.318,7.0
8201b6bb2a46ff9bdea5265ac87be73a2ac2a6e32f12c3655c364240e4a63de3,ff8c85c7b55fbcc979780b3c423c4e1c81dc76547bc5e1ace017fa1757403af1,F,Data,2022,35-39 ans,Île-de-France,12507542,18.318,7.0
1b253a11509c023fda95627ef7038c4f1d65fdcdd9f7175a741028d7588841d0,3a9b114bf5755b17ffe153bbe1b42c7da118ed178a472bffd24c29c3b983a599,unknown,Data,2022,30-34 ans,Auvergne-Rhône-Alpes,8238335,12.066,6.4
2007d423d6e78f186b393c7a4dc6846cfa281f1f5c5b3fe34a89772124d91023,c82bbb0d3326e6d4a5387ae8707cbfa890154fbcc6f31ab3160f53554506c5c8,M,Data,2022,40-44 ans,Île-de-France,12507542,18.318,7.0
efdbc3bae7657e17fe610bd14558a4b2ec61f25fb6910aec14413d61395e1e56,ac6a1799f206ca69511c16720535bd98cd5924a1f9ee57cfa020154e2c07e728,F,Data,2023,30-34 ans,Île-de-France,12507542,18.318,7.0
a32457edc7bbc047367ed7086b0ffe9e6f9d41da1986d5cb41dfda125041050f,f5ea46c68f44594bdc181b00e0b391c0f2d80763ad8aac5345000b6dc6cdae60,unknown,Data,2022,30-34 ans,Occitanie,6165869,9.03,8.8
ba977a60584573a00b317f159207acd644cb1338de5adfce81c1a7dfe114b064,922bb7fc62364a79ba7636ce28ccf1cd76b671db0481982c58bd7f593c76c85c,F,Data,2022,30-34 ans,Île-de-France,12507542,18.318,7.0
8a1bba4dc4e87422f8a7957e5ad7ae9229dad21c7bfd56be4ad58b2c1c493f0c,924e5fe56e8a4881f94612104cd2039b231180b8df6190c3c92c955e06720fc1,unknown,Data,2023,30-34 ans,Île-de-France,12507542,18.318,7.0
829a9a81d429660d6d1994ce87a421f383aca5c80e78e19550cfdda2239afa4c,52c0b5ea97f4290a3454b090c3d494f75c2c7927482da16bb399d4cf85035fb7,M,Data,2025,30-34 ans,Hauts-de-France,5983840,8.764,9.0
1424492645cbc9e1b5f5c14435ec1079d7799fa125cbb789b868993d2f8bea3a,eac7ab0649ba892a65e5efec71008c76017745282e67750d67ed856e807de385,unknown,Data,2022,35-39 ans,Île-de-France,12507542,18.318,7.0
11389a62c40cc0f11e862ee47190f90877ffedb05d700820c61cfa4481a39824,3c34eeaa87ee0c14a2b06478df850b38f23f368e790c7dfc4ddef74894606d0d,F,Data,2023,30-34 ans,Île-de-France,12507542,18.318,7.0
c93dcfc78344acba38d6baf103adda4b0e10adff653a7597e03f8bddb81f6041,315dece547eb6f09f91da3a63527e7821f0f80d1d20866bc35e10745c9498822,unknown,Data,2023,45-49 ans,Pays de la Loire,3926871,5.751,5.9
f0eb0e9485375b6e7e7d0d96e821f599ad107adef66f82cf0ed089ced6a2bf07,e5dbb3d7524724828edaf7752af73601111ecdb0f8dc3e05b8f9a12b251d5dac,unknown,Data,2022,35-39 ans,Auvergne-Rhône-Alpes,8238335,12.066,6.4
d5fac62449f7f0ce4a4763f90ae7b3efd42937465f4c904853fbabc1566f3896,eab6ac819a1ef28b221e5155010b92080a6aa444a9757455aefb061572e4069a,F,Data,2023,30-34 ans,Provence-Alpes-Côte d'Azur,5252362,7.692,7.9
2b5f310e7d122653d5a0d07de2148b1f6566fe99e587169da27ae77fa530f2f3,adc459abbe2c87af3be85f434dc5e0bd613d46eb69ccd7999b68ebf7e0740f3d,F,Data,2022,45-49 ans,Bretagne,3469711,5.082,6.0
f1bca799b8c52657b378879020a9a092532bdd62e1f21e55ba37bdd9f5af9d91,cce445125337f8ff6811d759b380159db053d5792034f2494c272bffdec5b51a,M,Data,2023,55-59 ans,Île-de-France,12507542,18.318,7.0
a38dbd201f8a8f97db364fbcfa2f9f6a3f3f7235ffebbb9e265774de2062dfb9,c998abe62413717694294741947970c5b615da28d8c6a5b9b1c3e42f85f15742,M,Data,2024,20-24 ans,Île-de-France,12507542,18.318,7.0
e1724b17866004ebbdbf6a78d4114826f258e0a8a81866c76fd4aaf5dcbe38bc,bfcc20151d0366b76c1862644a2c30c1bfeea3218fd4f6b0f3ffef004af39ddc,M,Data,2023,25-29 ans,Île-de-France,12507542,18.318,7.0
25346b0771c8b947c7973bed6a1c9f2b0f43c05b84a1907e0eef5feb0ae84281,b1a28ad5d679553dc16becb8fb0d21a3f1a3b5f0d22109ffee98f80e43f4d736,M,Data,2024,30-34 ans,Bretagne,3469711,5.082,6.0
ca9f8fcc500c381843e1757341b2d9ba8a04bb39317bf67e409e439bd0fa4acd,b1155e9981440ae4d80b59c42f13ca683a654dc41d80f3db3029730944c334b3,unknown,Data,2022,40-44 ans,Hauts-de-France,5983840,8.764,9.0
d0f7b8eb72a3a7400e852f36a726d80fa0251962f13789752c0d2754f3da2368,5640a2ddae8a1b5feb77011437b6e61c4a12167c81d17c25e0a6385dec1fa583,M,Data,2023,35-39 ans,Île-de-France,12507542,18.318,7.0
dd3d4b7dcc32db94b44fd1cbd18ac0caf67c3d24d6cbaef28bd99fb3aab5fb46,a6693a5982f842ca6447cea754718c63475edc728c99205faaa3ecadbc9a1f3f,M,Data,2025,40-44 ans,Île-de-France,12507542,18.318,7.0
6965a982eb066c7fcdab2ba60340def6f13481300d89f824f988101ffa101bde,cea848a6c15aa53fa3e90aa8a1601a4daf2590c811ca9c6a4384b8b25dca8d63,F,Data,2023,25-29 ans,Île-de-France,12507542,18.318,7.0
d0264b204343d5e85c59ab698b42bc58706a457ba6c9ea0d902dc24edf9808b9,477da32d0f603b66f356553c2596d41a7904f3cc205b2aa0271ecd7c4c23f109,unknown,Data,2023,35-39 ans,Nouvelle-Aquitaine,6181885,9.054,6.6
1fc2b9fab1340ec4441ae0f1e7d96a01bc7d591b6300f7307c5e1e9e4bbd2860,f75b5fe0a93879bdcd40dcc4e6c9a00e023eac8451735e83b10006c3c8408eb5,M,Data,2024,45-49 ans,Île-de-France,12507542,18.318,7.0
193bc2b35d65d21942953854df4e2286dec48fe038f9394a092a0247e0c2d4dd,c10b25dcfa264ec4c4be2077f3ae6fbeff993ce68cd4f8b362298eaa8489b88e,M,Data,2025,25-29 ans,Île-de-France,12507542,18.318,7.0
b149733cda7f3dd3cad86f3a00e8a714fc3a42f08bd9adba36677e464a7d8b10,38f7ba196e9029708415f755e2241b6dccebb5adcb3e8e8690396935388f747c,F,Data,2022,25-29 ans,Île-de-France,12507542,18.318,7.0
eaa73c0f21fda59afd6793a1876e1fbc0f7698392d6aecedb9b1b9d727770d4e,20b3f442a65b5e5010ec88c69d79c8a0d90214f9e103437e8398fd027889b370,F,Data,2022,40-44 ans,Île-de-France,12507542,18.318,7.0
6a111a78d72bf60b6152cd965e1cfe751487b429815406b1d664fc54c4c493b1,907dbf53e14caf350b12ae904f18234bacf9e483f579630f181d111f35f95278,F,Data,2022,30-34 ans,Hauts-de-France,5983840,8.764,9.0
1a6ae2e81aed7eeac8b51facadef9673c915edfd7165ae33033bdc89007ff368,286c612fa937ab9a4334574898fdd9c76e40981061d35f0f82ea46d18633744c,unknown,Data,2023,30-34 ans,Île-de-France,12507542,18.318,7.0
8f3dbd38b72eb54bf8ea64527eca5255b185765fe38b67de0a09698a09ea1011,b348f3f77bd54e84f14ca8fc6d45af443048898cce02b088e3e0bd86b213cde6,F,Data,2023,30-34 ans,Normandie,3348960,4.905,7.0
0fed621b913c6bc85c3b6d273dadfd75590b4deaec904a106ec4d4a996845764,3419793e4f9a38fbe056638928deeefa592e13c132c6a5c5747a3702d5151fbb,M,Data,2024,50-54 ans,Centre-Val de Loire,2588006,3.79,6.9
7cb4d0e3f1fc75ce82748121261d5fd48fcc28f11586f8f00b4a15502cf5a242,c26dda4d065b6adbf33076a73e14c6e2b32a9376a42e50d3c3f27e14d054da19,unknown,Data,2022,25-29 ans,Auvergne-Rhône-Alpes,8238335,12.066,6.4
c7bc89b0c618b49adb9055086edc7e87232a62516cc79b9ea7051a5cf60243bc,eef14bb5cd9d791cb7bb4cb385a273f75bab3c7b8c76e7b94e19961f60b04cc2,F,Data,2025,20-24 ans,Île-de-France,12507542,18.318,7.0
c4402199faeaf9cf346f9b611a749e2a272b1cab47c3fd922612d675a7d2e218,7ef6dd9ba7df24df6e60350e4da938eb53c857b24895736ae221df4d6ff1fd11,M,Data,2022,25-29 ans,Bourgogne-Franche-Comté,2800180,4.101,6.6
eee07b619254fb92bf60d6d8bbae0f190e8a92021c618e1096b5d9dbb5085c23,b308f1091c47acd154d0d01fbf14f4098997da59a3714ab855f69b444b554b21,F,Data,2022,30-34 ans,Île-de-France,12507542,18.318,7.0
cb98a1b384370be56fd6fa8b3f3a60d62667900f3ef366722fdb88a1e14bfecc,646630091bba66c9c625c85c442bc9a6577502474e1f1608c15dbf1a9d6681d6,unknown,Data,2023,40-44 ans,Île-de-France,12507542,18.318,7.0
e6f3184f04aa5c38b03e565ea98e5de2efb7a133ac8d0eaf47731e072a53c047,6be3fce4b0f5e66e1f59d9a534423a3c70b65b6713ed303d96a39480d11624fa,unknown,Data,2022,45-49 ans,Bretagne,3469711,5.082,6.0
f4552b2005ad81c1fb73cac026d6cacade38c2ed08e23e4fcb1e7930801c1680,b94e4d5948857f8321b4918dfba382be23428f135b8ec640dc2af93d24b718b4,M,Data,2024,35-39 ans,Grand Est,5557457,8.139,7.3
26cb8fcb3203aefc0d9e8b4f7e846542908d17a1026a43138358ca8e18db85b6,e306c57ace0a306ead4503f79d9773ee6703647f9d5260318bab12841baad70e,M,Data,2023,25-29 ans,Bourgogne-Franche-Comté,2800180,4.101,6.6
2c52f6f7cd6de9cb463a70663412e1f57dce8dfd9d47ab95f9f5dc40e40c39df,1f730198f55df2e82f38c9172b5471633ef5639d205552aeeaaceb683085cc8d,M,Data,2022,25-29 ans,Occitanie,6165869,9.03,8.8
0934f500237a67107344c4f4b1ae1801f608c2dd0b34eb74248b73046d5c5a7d,187f4e5810e60dcfe9dae56b233596c5ef7f54e1211afdb465efdd0749050558,unknown,Data,2022,25-29 ans,Île-de-France,12507542,18.318,7.0
0e0ccab27fa18c73e8c7473387e36b448c5e95ed9d751f1fcb2040b9226bb9c9,69739f174beb86793d6fba078d133a26822a759fabd67ef484345a05b2e0d70b,M,Data,2022,35-39 ans,Pays de la Loire,3926871,5.751,5.9
12edbbd072a9dc7c483b72878b4e2564c09676358e0e5b17f628f196fa9a8754,5a18a62f17aed00b8ccd64bb858c1fd9f0953027e8714632d94ed44b929c5abd,unknown,Data,2022,35-39 ans,Nouvelle-Aquitaine,6181885,9.054,6.6
e9b023258deaa5735181c8d626ca48dd1f03e897cfc5ee8a31c4c45b41b277e2,316488e3eab9e0a64e44e24ab19d67012b47f31cc5f540f2b0e40de206ae65c2,M,Data,2024,30-34 ans,Île-de-France,12507542,18.318,7.0
eda6959e823607978233fb3463a62a44bc2fda4092d8f30121a1d7b3e1c5f037,b0bcbcba807a76eeb4a8936527fc5f5efe3f2cf62e3648202795d51480a9a1e6,M,Data,2022,45-49 ans,Auvergne-Rhône-Alpes,8238335,12.066,6.4
f91bf61ed6ad847b2a26df7d68a0205ccaae4428dbef963a873389e5cd25591c,c20ae256973268ef9a8596c2c394e7a075608600ba128036f13ba27d2f78f9a9,M,Data,2022,35-39 ans,Nouvelle-Aquitaine,6181885,9.054,6.6
5e1b8302d7e1b0cd8d7c3ddf8fa8d68acff51c9c3d036e12563eaf19eeca8ee6,314ea101a9c26eec48c4b51886b1c1ed905f1d7c77006a59cfdd239e1da956eb,F,Data,2024,40-44 ans,Nouvelle-Aquitaine,6181885,9.054,6.6
a7f1a73c686774c97a4bfca6e3238a8e5f9b52ab1b9b22a5e8edc7d68bc2bfe7,8ad77844529bdca0c34d9bf2dcccf4eddb1919cc668b69055c116c69a357868c,unknown,Data,2022,30-34 ans,Île-de-France,12507542,18.318,7.0
f61217548914ed1ece66bf90fa885becbfdf0ebabafb0b92b91f074655f3abad,d296b57d5ba9206014aaed041a731d2b6153428ec3380259053e528a43cfca7a,unknown,Data,2025,30-34 ans,Île-de-France,12507542,18.318,7.0
884b8fcdacfc008519f32e510a229f748e1a670bd5717caf60df4f6d97c5f8bc,7402246744c0590c198f0233235cdafbf1b6d370b01fddf32901d9bedeae4959,unknown,Data,2023,35-39 ans,Île-de-France,12507542,18.318,7.0
9e881bd8fd1a1f63dd6d7c6d258f4cd943dc8ce0ec5b5da2a57865fda6416b42,bc90606a55e381694f08dd711434bf3af9e3b92a5636940d9a0e9e5f2a5eadb6,M,Data,2022,50-54 ans,Île-de-France,12507542,18.318,7.0
1dd255f7ee8e1ce9dbf506662b65498f20b4bff2e21aeb678bc44a78e5a91aa7,707cd472cd8439405111732633fe691c4fe69454e1453d7de8f16362d4431f1c,M,Data,2022,35-39 ans,Île-de-France,12507542,18.318,7.0
295d9ddd1c906f8eb57c564bd5aa91c6d6e81cae402130650ce1f5ae2938ca4e,ed06b255dbfe25f44d53e0d775c518b1a614d1766ef5253735ae05534a1a85d4,M,Data,2025,25-29 ans,Île-de-France,12507542,18.318,7.0
3451a6c419bd1f5fbf21694af7d522fcc1d92466e977f9568f602f1278ca0774,674fcdd90d943298a8241e605580a3324c2a70f4fbcd9159424afa15ac8a597c,unknown,Data,2022,50-54 ans,Île-de-France,12507542,18.318,7.0
a5f56d250d0724409a1772e64e899c921d3c6d82119fbe343291ac5be6e8469a,9bd17ecdf80a6309216e2d1d4f4f911631871fb09291992cbf0659ab9f946bfe,M,Data,2024,25-29 ans,Auvergne-Rhône-Alpes,8238335,12.066,6.4
c88931d6a9bcc6de0d8b13b432da678172cce1cadcace35b2fc87e5e4fba79e0,f2777dc46f52ce656ae5e9a2db37e5d245ceb16f6afbbe513c6f144af4ec825f,M,Data,2024,25-29 ans,Nouvelle-Aquitaine,6181885,9.054,6.6
e9872e6fb40d08ae7e95153e5e5d3c94a12c21dc490168ad7cf827e32cebc93c,1b3b4ef0902a518ef10914aaa50d613c5ef408bd72a6194376a4b87d1903a104,F,Data,2025,20-24 ans,Île-de-France,12507542,18.318,7.0
37548fdef6012a5c36de6519d7faf09089e05905112db3bbe84777cf7023cc41,cc66df028b3062e22e586f3cdaa1a0ad140505207a9ce6f040924d3dedd3f703,M,Data,2022,30-34 ans,Hauts-de-France,5983840,8.764,9.0
92e764bd7ada5c2b9776998d0dee6fd6e400d9c1a9cfb68ce7c7ddf4aa6db8dd,b38d70fe6e50bb7c3217e16d2874c86a1a843ab27068962cc70118ceada5c675,M,Data,2025,20-24 ans,Occitanie,6165869,9.03,8.8
1825a51e48e30869eebd41d90dbda9e09a65632c34315425b6a79a31905805a7,281adce89545c491c1676571ec50a55f6e08fe5f742d8d72d24e4b1d5220d9ef,M,Data,2022,50-54 ans,Île-de-France,12507542,18.318,7.0
e1e9de7e764864ecb5bba88b798fa1347aca256517a5028e7970122e0b4f48f0,19484fe642ea84bf284ca669c098d6c22f387ef173c423f24c4db6d3a1d3151b,F,Data,2025,20-24 ans,Provence-Alpes-Côte d'Azur,5252362,7.692,7.9
9b9de5aba22283cdfb4ea2c53368f0ffd6575e3e0c99305bc93db8e47bfc2c8a,8817515b7b7659a787a74e20ca8cd3f5cf616bd45b1c80c9bb3279cbd8d588a9,F,Data,2022,60 ans ou plus,Île-de-France,12507542,18.318,7.0
1614001fc225507b6b92111fc60543db5b49957fb86b82e3cb3555b5052f55e2,0519b698f06fbc1240facf7206920462b45a3735f0e29e2ed3bd07131b6055db,unknown,Data,2023,50-54 ans,Île-de-France,12507542,18.318,7.0
0a9956ec23c8a35ee769152d2122959c8d32170257b2f91d0250e173752474df,70476bc7800908a88dd01c6e3d5839d6c41376d9a0f28116c6e013e365efcded,M,Data,2024,35-39 ans,Hauts-de-France,5983840,8.764,9.0
94875dcf2015418abfdb753aa34d0b7726e3491b8031f68c6f4d058e70c95544,d28f74632c1a0618f4928bb5ca37d0f9f241746e887b230da5000dd3d546410a,F,Data,2022,25-29 ans,Auvergne-Rhône-Alpes,8238335,12.066,6.4
0750724b33428bec34f14e834028cdf75f569206f029c6d33c702c1347d9544b,8a03fd08c82a26ff0b243ec3ea4ac246839fab74dabc98af18e882cd771dcb07,M,Data,2024,25-29 ans,Île-de-France,12507542,18.318,7.0
d0324de1cea3ae3746911cff842ea7abb3f0318fd5da1e880837befb83812afa,94b68fd6dc0b8814771e3e8d4c8b084b5072c336e56806faf1cf4718bd4a4637,F,Data,2024,35-39 ans,Île-de-France,12507542,18.318,7.0
592cf3ca7089b206a9d3126711557914222fdc7994bc662da99f4960aa19517b,87a722363fe757a8de8274f0074750a0533d37fa239a80e4d968af74a2e9c7fe,M,Data,2025,35-39 ans,Centre-Val de Loire,2588006,3.79,6.9
977b02dc85991ba0eeaf4e72ca117e128dccd0eddac264b06c5c9ec58fdaa027,3001991e8e9223bcbd93817ff9fd43c47313eccf36f94fb30893a559400852fc,unknown,Data,2023,30-34 ans,Île-de-France,12507542,18.318,7.0
cbc5f9d356d752c13df9518157e4b8556ff6033f38f50f723e7502380b3ab16a,a2047f130bc0e2325caa98e2afad7c9f4e66556a8c0e327d1650a35bfbdbbaa5,M,Data,2023,25-29 ans,Île-de-France,12507542,18.318,7.0
1217375da9fb4b4d981b3e681cda9c877acb23fd24c6fca33034f74e666fdac7,fc5b8ead0bac35b215da429af4f4a175045b5e9f9827aea04bdbd2c90908f2c6,F,Data,2025,35-39 ans,Île-de-France,12507542,18.318,7.0
687fb6a3ff4897364b82017b627c6f5f831d68df1d1590cd7109eddd91eb69da,035413dea69f7ab2de28cd50335316891dc2b39e85c3d9e0d358cab39d911e2e,M,Data,2022,30-34 ans,Nouvelle-Aquitaine,6181885,9.054,6.6
3f842f71763ea87f7a35c21a1fcf5c81a12aaec9bf11dafb02807776cbc081bc,9cb149c725a012449ca5c0821204dd980624854c045fe882388ae34e307a02ec,unknown,Data,2022,35-39 ans,Grand Est,5557457,8.139,7.3
5f761c799e6db2b48e72d48cbdc3798e4b1cc994c9292898afe20f8621310913,23e6a7628d552546d1d390bbd8c36fc34e7ada9ae721cb706209b9343a31a869,M,Data,2025,35-39 ans,Île-de-France,12507542,18.318,7.0
50ec3777693ba5bf4a8b16a4f1d13714d5bf9313ee734e2b0cfbbd093dedd54a,0d5772767cf7e25585fb97ac1f6f6669b98346d1be21806d18ac74bc08b06bf4,M,Data,2024,45-49 ans,Auvergne-Rhône-Alpes,8238335,12.066,6.4
8b362036effb9b73a09b8b4526e98fe2a9034959539bf2bb752652d0803bd3c8,c7abd2559f67a3dfd3b9931d8c69cf260d7a75047014ae496ab862a68edc240a,unknown,Data,2023,35-39 ans,Normandie,3348960,4.905,7.0
1083c7ee617492e465addb788bde38dfd2ff34ff1ae3a2bd104d28d73a03a47a,d88b6a2c3321a4ca1ddd51c63b6755e291a695e2f6666994e4a960d4ebce1d45,unknown,Data,2022,30-34 ans,Auvergne-Rhône-Alpes,8238335,12.066,6.4
0f41a91f0d20b19de3e632f9df7e3b6d58cfa01d46c20fa722a762b7c661eb0a,60bddeb41184fafd5c15a12cd03a9a5964cb2c0cd3f767725937cf41cb7732d9,M,Data,2024,25-29 ans,Grand Est,5557457,8.139,7.3
c02221079d3902e58244d14a98ab3e10d79d86e0be4f0816a09b7ef20cf51165,fc02f0c307e93f311bd0bfe3960f5ef065e3f99707e1bf7a27794c9b4f29a454,F,Data,2025,45-49 ans,Île-de-France,12507542,18.318,7.0
e9e2f632fb3a21ae6130f4474a429290bb3abb3500b2a1f459440716711d55d6,9fe2abfeec98524b45099c559abf12b34d1db506f56367da581ab65904c9a1b5,M,Data,2025,55-59 ans,Bretagne,3469711,5.082,6.0
9f3e933aed9be0a967df467a32a807d5879d7cc917139529675bc1b6e3f67296,96497a269da19ea64f434c53fadcebc834c5422c62755e2ca9388aff4b3dd43c,F,Data,2025,30-34 ans,Occitanie,6165869,9.03,8.8
5ef15fdd6da358993fd2c63f1191904ddf60468249785eab60a2d9560ee1cbad,9ffa1c2b06d58ef3e98ad1441cf69422fab8c155bb9734c35b39c911a36428f2,F,Data,2022,30-34 ans,Grand Est,5557457,8.139,7.3
a6299f331c954af8e6d3520228f9b4e907233ea7bb28dbeecbb3c095987eee6c,9811bd2f99bb62443293bb4a2989adb7fc4ee192d24df853f7b37e77ae4b2085,M,Data,2023,60 ans ou plus,Île-de-France,12507542,18.318,7.0
64500cf2e8eee92ad2492e942c219ff17f009da99869abbb11566cdf5adc3044,770b76de61755f5e3d5d992b54aad57830ff476b14463a3fb3bdfc091dac748e,M,Data,2024,30-34 ans,Île-de-France,12507542,18.318,7.0
d10e89b2cf218cb98f2ecfca0f859d88fa803eebd7936aca5c6de9a469b024db,e1f574364439929a8d8f9dc24122a7e501291e040cdcedba65a4c3a403c3d360,unknown,Data,2025,35-39 ans,Grand Est,5557457,8.139,7.3
d579999fbe93608531e626ac8107f0d75e44ecc3127ff6f86b24ecca59f237ff,0db89d5c17770a7a3eca28fcf6aac37efa33290f93ac76448bd89cc493839f6b,unknown,Data,2025,45-49 ans,Île-de-France,12507542,18.318,7.0
fee6bf4f93250fdf9c7d81b28b1de56983a9e7dbfb1759689c2b0b7127727edf,ca37091a184964827aa1f71d9b3a81830ac4f4c01f18ac6c073231ff189c4d65,F,Data,2023,35-39 ans,Île-de-France,12507542,18.318,7.0
8216552cd4aab2f565b36b17abd70790f960b31e281e55547725d345cc352f58,f45e9ef0f9f4878ad2f77d8944e42eda09637221087570428003e6992b786d08,F,Data,2023,35-39 ans,Île-de-France,12507542,18.318,7.0
e13248dcafc9b4f78e5b278146693fa3e34dda13c0426f79d458dabe7e3870ab,66ef18ab59bdd69021ad06ce7a2564656d05c44aa4554b2749aa8717a03fab0c,M,Data,2024,25-29 ans,Auvergne-Rhône-Alpes,8238335,12.066,6.4
7b86aae4662e9cafcc7bd9c9eba33f1cf6a30ce17934473be6caebb42beb5601,1a1076de8ffbe1d3f2aca028b9f43ba73b26a9023f8e58f27179b9a4af029bb9,unknown,Data,2023,50-54 ans,Île-de-France,12507542,18.318,7.0
4f217bcfddb32a45270531a60ae020653a601964210b027f6c323380d99bcfdd,e30033cca2a5242f45364e5b851b76b8315969aa9094a37f1074895adfaff1a8,unknown,Data,2022,35-39 ans,Centre-Val de Loire,2588006,3.79,6.9
74ada9ac0b5394666b5805b4c2f94d26c793a6ad271379beef40c594c60bc04d,8d8f503d23eaca2a747e42f6719f7d1b68e535d716c2ab779ec7976697d0daba,F,Data,2025,30-34 ans,Hauts-de-France,5983840,8.764,9.0
3417c33a0837ac84b3efe925e8da95482a9444f11c962a14b5eecd2f6440ce80,0384274148d89164abca49c222263e32c7f44db92952ff070508cb0125d677be,unknown,Data,2022,40-44 ans,Île-de-France,12507542,18.318,7.0
955055a8ef7b4fab612c267a0306981de5375f599a50f99ff1ebf3a384d839f0,76503cf7f8623b62f774563723feb9770d19762a1ae6175faf168deffe6a9a9b,F,Data,2022,30-34 ans,Auvergne-Rhône-Alpes,8238335,12.066,6.4
e57dc66af39d12976ddb050a026e9884eb27a11348b550fa97db5984abc97f2f,d2b39e52ecd94b15e9f6431f3ef5fe6b726bdf5171826f58dc018d6f3365900d,unknown,Data,2022,40-44 ans,Île-de-France,12507542,18.318,7.0
11c8b3148a11ac9f0edcd32b488dfaf72af6c80a970fec38f8ba13d645197595,4dbda0f7f79c9e350a062727ffe85c2819016c36aa7ac5fc9b8ed515764f93bb,M,Data,2022,30-34 ans,Île-de-France,12507542,18.318,7.0
380fbbbf53c3e4f4c101c377654b77998080076d4df4df1f11621f71bfc3087c,4137c1dc729df5f05ad3405803585e2dc13484777fd41e294d7e674a788ea880,M,Data,2025,35-39 ans,Île-de-France,12507542,18.318,7.0
b99e8ddebd7eda52cbe9af8bedd8627143a2d813b1e251f77a6a3c277a589e83,93e082f2f8054c6ac65ff69c2ab378fca5fc9d9e1ad6474127b6944b829053e6,M,Data,2022,30-34 ans,Hauts-de-France,5983840,8.764,9.0
d6cd151741f55ba858362c1e9228f7609ef127bf19566776dac7fc97108eda7a,5171773b443c4cffb8061bf9417b54dcd926d956082188f9ad17a76498370de5,M,Data,2022,30-34 ans,Auvergne-Rhône-Alpes,8238335,12.066,6.4
8452bd2428dc4ab6bb2068825ddd2a4110c3cb5c2f4723e93864787e68e29710,04aa254ad0263fbee832099998efabaa0f5c7a2b2beb5729e861f58696a0282e,M,Data,2025,20-24 ans,Île-de-France,12507542,18.318,7.0
5fa28636c229caf86d1d1d02538582b1306d89965f8bc24689b41134388aca43,392911ca52fc43748de00aef4439853e6bfab2717fec35dc0dc0c4f93e120e0e,unknown,Data,2022,40-44 ans,Île-de-France,12507542,18.318,7.0
1f9b76ed997893461bfb99bb811fe95b6bc30acf30ac95981065d0f888863284,4a7bc20ac0c1d479ddac954989a532dacaf00676d713783b8f3d3337b655be04,M,Data,2023,40-44 ans,Île-de-France,12507542,18.318,7.0
fe89e32f3e08192a5b811c4612e24eaf7fb6611c6c85335061f94fbc4e222d06,ee40825d8c1000daf452073353474e98d85f57f7c27e9f2505468ef88ec0359c,unknown,Data,2023,35-39 ans,Provence-Alpes-Côte d'Azur,5252362,7.692,7.9
52a8462e0891d8b3a5187d8ca5ddfd004210031835bb83e8ff88bcefeb4cac5b,29fea78d1efc4c9ac5e0468a364650f15959483a8f5157e86bad909cb1e6bfe9,M,Data,2024,25-29 ans,Normandie,3348960,4.905,7.0
6262fb76377e16bea27d08cb6e3add98be9fa1de33b4505d7cada0d25245798a,c686c59ee2891a825fb1ee4f6c2687f57be50f7a0193778ddbb31a1432cd0ca2,M,Data,2022,25-29 ans,Grand Est,5557457,8.139,7.3
a4d9a7bce3f57d4f0175935dd404ed9548cffe4f023c6332c01191122699d2a2,06f1dc493891a5dd839d9b8fce5d1dc3dfdeb0bf21c5ecc2a0f321ca062d2673,M,Data,2024,30-34 ans,Occitanie,6165869,9.03,8.8
fe0f0b37a04bce135e905c50bf5890707558f8bf0be033d98531deeefb11052e,790748d89820fc87b2a8498b9c464dba16b2859fd93d5d9bc1b0b02b89b58138,F,Data,2024,30-34 ans,Île-de-France,12507542,18.318,7.0
3a6c620329924c4aa4eb0477b31c3c3738c54cc54a1b92d2aebe524a08b13e0f,62775f1730eaa374cc3fb387605fc2a414a4ca887f10a6f1bc634c0b2ff5894d,M,Data,2025,30-34 ans,Pays de la Loire,3926871,5.751,5.9
dfa332d366a086873f4dca0bfce4b1d28e91cf0f15ba3f9a3f408f54c29a8259,96bf3b05b81cf61450c5a7cde10c50f83f54cd281f30252643e6ab4e3a36358a,M,Data,2023,25-29 ans,Île-de-France,12507542,18.318,7.0
097e14b6ae9138645eda6e2c5e3ab92f964b1d0524870fdf20149ce20ec3741a,71f0de450e2f6c653a7d6b3fd71377d708fa6fdc58956fc995645f8c98f07d02,M,Data,2024,25-29 ans,Auvergne-Rhône-Alpes,8238335,12.066,6.4
4222eaefc88da881374fca223d8172c1577201908af686abcc9db8d09aebe505,56065285614f82e39c3ad5a454f32a0bcac8b6a439c53344907119e609940abe,M,Data,2025,45-49 ans,Occitanie,6165869,9.03,8.8
80a3733b6cbe85c7fe2e953fc6694d9c5add82047844fcfa8614401f00b10ea2,196f6cb93df2c4cdc223b097fbcc12cbba50c8bb1b79de9210783fd61d1ccff4,M,Data,2023,25-29 ans,Normandie,3348960,4.905,7.0
2e7c8410e6ea532ad944c1e6dc4fbe0245e4759cea35fb372e114a6aa9cdc25d,0d924527d4454c86d5a9fa8935f49c50c79e3563460df06f21d47e081d39d0d8,M,Data,2024,60 ans ou plus,Auvergne-Rhône-Alpes,8238335,12.066,6.4
cac9166a8b095eabec480452e535e7f2caa10eaf983bfde7840e64545f712687,3ad971e443e5fad908e0069774f4c2930619e4e9c9d3c71a676ca41f38cfb335,unknown,Data,2022,30-34 ans,Grand Est,5557457,8.139,7.3
cdba98f297021fc736c439b6fffb97cd4bbd587ca7ef208a0e823299dece03c6,0264d94183b48b94afbfc3ae3be6e9f4db15772be721123aed81797b2500f883,F,Data,2025,40-44 ans,Île-de-France,12507542,18.318,7.0
21a73b60484d00ee14630bc61d9b816cafc13c5fa69abe09c0ffdb81ef0781a0,13612432b9269e63c2fe6b65f2867333f70819947ac338bf092e6468ff325203,M,Data,2022,55-59 ans,Auvergne-Rhône-Alpes,8238335,12.066,6.4
ef4b8dbc8c6e518c0029ff758f5d2ec6d0e385bee13a0a7b576e634b79a1475b,da5cea7094a27835dfd9c628eac31b837d2bb63ae89435075c636fd57bdb151e,M,Data,2024,20-24 ans,Hauts-de-France,5983840,8.764,9.0
0113c4f2033ef5389cf550b99d6e459030ec037f7be1d62b60f144b234ec7ab6,be4847fd38b3d3c4d7f3427e496f53c9b7d74eac1d82154b54356570e93fe050,M,Data,2024,35-39 ans,Île-de-France,12507542,18.318,7.0
08b2df298e2def128c8fb90810c0d3d3da5fe0acac97cf57f27b8cfa7199f801,4bd9048e04cd8e76ed4189606e52005777926436b79dc8a99a897601172d10a1,F,Data,2023,30-34 ans,Île-de-France,12507542,18.318,7.0
ffd08132a11719cb0611973d0738fdde9693f29d8502c1803778122c4242128f,da8c99daa396ba07ff5e5392caed99320b3a33e03c101b81856f2b68f15d1668,F,Data,2022,40-44 ans,Île-de-France,12507542,18.318,7.0
4aeb0c27f5b4166b580c04d3730568180afa0a4f2b1a46ab4b050f6a56bbb7ae,5d171ba87e6d9e65023661a91090059c350ba0722183a589451cfff778ec5f42,M,Data,2022,25-29 ans,Île-de-France,12507542,18.318,7.0
7c83b031368f16cacc9e644ecbb87024d3c5059ffdbdd590e23ac3ad7a152f19,aac741ce3c7872eabcd769471b9268876cf057b08438d963e252148a60edfe22,unknown,Data,2023,25-29 ans,Île-de-France,12507542,18.318,7.0
ee5cc2777c3cbed93d46f599d08840349458d901571087ba1930955c1c1adc13,43202f5f5692b9d91c02a7715d0db0968b3dfdd2987686e548f376ea6f687383,unknown,Data,2025,25-29 ans,Île-de-France,12507542,18.318,7.0
a4b811005b80b8ecbdba61d83e38f50d590e0f03ff3fe5264d4da630fa2daee4,2d73802946456833327b95021c4239cb423a888372cc39bad13efa48466814a1,F,Data,2022,40-44 ans,Île-de-France,12507542,18.318,7.0
76e466281437ec9f14c1d524573691e8420a47ea51f6ea4d7d3b63056e23e08c,cee76a64f81750aa6b863897885a3b4bc1493a01d18b84532ad5becf92953903,M,Data,2024,20-24 ans,Grand Est,5557457,8.139,7.3
a9aa5e78e4145e9610c89a05fb3b6de84ab3a039a654d3aa91f576c0c0fb43c1,21d3484edc36eed26abe17d204b398435847dc64a449be9fe797f1242a53d27a,M,Data,2022,40-44 ans,Nouvelle-Aquitaine,6181885,9.054,6.6
f91bf61ed6ad847b2a26df7d68a0205ccaae4428dbef963a873389e5cd25591c,a1fb8a28b809069ce0e4a7d35f4316e6f6777ba622bab2cfce8a9a9696342b09,M,Data,2024,35-39 ans,Nouvelle-Aquitaine,6181885,9.054,6.6
986bfdcd04520df7767b09a42a58762b80d481e573f1937e20d56e778f78ce5a,fabb13d81eb88e7361261ef532dacb7bdbb322e2d75e863d29b210828290f1f5,F,Data,2025,30-34 ans,Occitanie,6165869,9.03,8.8
411db604b84a457279489dfbd77047a2a673b2f9a1278df350111ae16fc214c9,9054d271f92222f4ecd8150e80207102f1f9451eabd4a02c7f3d37b367a4f9b7,M,Data,2022,30-34 ans,Nouvelle-Aquitaine,6181885,9.054,6.6
7cd151e845e15de8744b3275ec553e6f2bf7075ffa604b2f8676448dbd4f3240,f5f7e197768ce607546b9b4fe4696a7225e1f693ead9bf7c6a7a1d5869511de5,unknown,Data,2023,35-39 ans,Île-de-France,12507542,18.318,7.0
f984d913419b4963468157336fb362de78ffade0b818c75dda0ef7342bd9e280,7d60a0304178389dd1cbe31b6d30159aa01884e72925ef7f362f897f6f4d9587,M,Data,2022,25-29 ans,Nouvelle-Aquitaine,6181885,9.054,6.6
963167629c50709d3390744d8a6e15f10fb1310d2aacc58483af605af8a34d63,02c8d86ba4f7317f21fb77a024dde67dce51e3b3092124504958b44a29798220,unknown,Data,2022,40-44 ans,Hauts-de-France,5983840,8.764,9.0
814b76d4a07fc45bbce8ef4269df9e2f591b638f538f50d6ae2e0fcda154989b,870aa8c2a72bc8b5133c2b4b334bcd5619f8efe95cac8ced9ed4442659e8461d,F,Data,2023,30-34 ans,Île-de-France,12507542,18.318,7.0
dfbb990520213d499c1aa371ec923e75cdb3ec864e75007f3ff502ed31a69a51,c67e27de6544972cd5ea134a889cd7b91cd77689449c97369668c5e5789c40f4,M,Data,2022,25-29 ans,Nouvelle-Aquitaine,6181885,9.054,6.6
f8b92d1c90f571b2073744a16797f6fc12c08d5e5bbce7c40bafc73dbc0f60bc,7b7e877506cc1a04799a9e802cff8dd65fa5b2aa0249f005dd280b965262da17,M,Data,2022,35-39 ans,Provence-Alpes-Côte d'Azur,5252362,7.692,7.9
5cb4dd965a82374cf28d012f1d338b4ac91797b850fad9d10591310c3e6c4c3b,7ec912965a70d21022e2528ab711abf89b5b8987f12179e8dc8b9dc3f65f6beb,M,Data,2024,30-34 ans,Provence-Alpes-Côte d'Azur,5252362,7.692,7.9
adc214bfc931c91bfdd646c6121fcaa327900dea6c3abd34cc70fb8538254141,300fbf8b4b5832a90ae6336a24ed249c2e539b479f2e0b45375b7c4024cb1a84,M,Data,2023,40-44 ans,Auvergne-Rhône-Alpes,8238335,12.066,6.4
89215f11cdaf851b7c702a2bf8d874e33cf0f54766f91fd74c7a838ee4c7fa77,8f142e1df7c9fb1277e79402ffc30cec227924d7b189945135abdade27828a16,F,Data,2024,40-44 ans,Pays de la Loire,3926871,5.751,5.9
f62f57fd0b609a03d4185eab08876f6df4a73f0a22abc242e2268b0a6c1ebe8d,5c511fc5cfeb980d8892cd112fae4bd228f0b2c49218e7c98ab2cd0bfde25675,M,Data,2022,35-39 ans,Île-de-France,12507542,18.318,7.0
2b1a08a6fe8fe5b457793e577318a89a1899d9594cbf3070c9410e3345c9b041,9753cc2f5afe73bd4cc2c3b2ca9394be1e207e04680d54d7d6feb7a008e2c454,unknown,Data,2024,30-34 ans,Île-de-France,12507542,18.318,7.0
5a9618679df2ae4d0832b7c92d612f5cfff0438196bc17cca899013c77a7d187,4cd3ec05d08610ca851a1446f8139bdda5a75e4bdffe34d9ed2907bba9a5e3fc,M,Data,2025,30-34 ans,Nouvelle-Aquitaine,6181885,9.054,6.6
427d33ee424c8e86f9ca083acfe50aaff7f47d1f0ae771e2850c876e1857fead,74e3af4aad4116c3adc30da49133879b82449910b027bdf175a4b16db96008be,unknown,Data,2023,25-29 ans,Île-de-France,12507542,18.318,7.0
ed8d8a83060da60511391e53462bde2be869b91a01251520c7f0f71782523c3c,4e747774830eafead226c26776a1b0d18714e8b0750f331920750e8d604389e3,M,Data,2024,50-54 ans,Hauts-de-France,5983840,8.764,9.0
0ff81f310f3ddca53bd6fe5bc89698cc08d4bea89b9080792e2f590b1aefbac2,4e0727bd630127ed971052fdc7f74612fc9b96948517aa0d26c76ec843dcdf10,F,Data,2023,25-29 ans,Île-de-France,12507542,18.318,7.0
64ac7a800dc1616aad2f7517fe5b2733e89e179a1db7fe5cb40d304fa46b22ad,6bc4dc069615990b1ecd9c223e233eacc89d6ca0ade49c7584147bd142e7eafc,F,Data,2025,45-49 ans,Pays de la Loire,3926871,5.751,5.9
e301982112947b09f129bb7619ab2085fa26939032bd76344177f1b1326e7841,92fcbf9f1e42d8f2ac1686347c3139474c1699cd3f297c40e36c4471ec5b8a97,M,Data,2023,35-39 ans,Île-de-France,12507542,18.318,7.0
7870fecc2c2590595a6ee5ce98df4424ebf1b64807757e5a136da0a104a58c05,11b5c5fb752cff694a4847f94b52da8ceb2b19773a85e46d146bdeb790d211ff,unknown,Data,2023,50-54 ans,Nouvelle-Aquitaine,6181885,9.054,6.6
b6d5dd87382ca09e40f28ed1f437e6be6abcf8b7dba7694f61ff57ca28b3d26a,05aecfcefb82f64872c7718439f225fdf905afa2c785ea179923ace2228818bd,M,Data,2024,30-34 ans,Nouvelle-Aquitaine,6181885,9.054,6.6
5b6e7f1035f6d8ebb69edb82cbf9e28538e3ad3e01affb918fdf7d94f54219c0,18039c44cc626f71fe1854f346aa137406f3dd35c2dd7cd1540a34b2e08cabc2,F,Data,2025,30-34 ans,Île-de-France,12507542,18.318,7.0
979f85c8ea42d76891a5f54a5491cf5df078e619408ebc66c9758b9bf7e09e46,744a98bccee5f069fe342eb3b09f28c3e9a327ae5dc79b6f81a700c04a8d812a,F,Data,2025,30-34 ans,Île-de-France,12507542,18.318,7.0
489cbba8751be1b1c7b078990e60dc95150f072e56651ed40d547bafe17ceabd,2cd0959dbbfad9a8409dbd721dab727b6b63d105abd089ca0810b7b369d491e8,F,Data,2022,40-44 ans,Nouvelle-Aquitaine,6181885,9.054,6.6
22bdde90015d739f1d60b5038a14876c4f569406e1fcf03645fb61a8d3f3af59,3e09e0d24ba11dbe81af5c3c9eda7137969860d41ca99d40479314230f0c6279,unknown,Data,2023,35-39 ans,Île-de-France,12507542,18.318,7.0
e5b4caedfb78a38e6e80aaa9457ad76baca7d5e9ec7866a4c99382cbb3cc2754,3c52427c87fdc824086f64d1dc379d1e60d63e74eb3ae902946ce56afc2fbecc,unknown,Data,2022,45-49 ans,Île-de-France,12507542,18.318,7.0
e946271fc47df77e35a2c27adf13a707400e1bb7bd0616d7ff2c8166b63d321c,85db5f34ae727349cc48ae02261c606c15aaa2ffbea1ebfc77882ad19b610c25,unknown,Data,2024,40-44 ans,Occitanie,6165869,9.03,8.8
767f48f687f1c2d151d54392f8054da5a0d647a2902f7f28b21613cb56c6b790,1f374129b533f906f980194a2e0fa8eeee1e226185e78500c1d90456244fbffb,F,Data,2023,30-34 ans,Occitanie,6165869,9.03,8.8
5ac25561c25eea35a8c32d74eb0d8ad660db5f415d42a47c379ba664378632d4,73b86c91ad268d5f6ade1f24c5e95d06eb5f3f23d7f98e501430c44b5ac60e40,unknown,Data,2022,40-44 ans,Nouvelle-Aquitaine,6181885,9.054,6.6
18e9dae2415d57b52087e95cdcdefe83dcf0af3746b68a531ac33644728c7511,76a394c3f0adea8e7b0d344e177e313c63b2517d2a815d199ade72941b046dcc,M,Data,2022,25-29 ans,Auvergne-Rhône-Alpes,8238335,12.066,6.4
4f3f707803940bfec41d753ccad5707f2cf43c413137fd9ddb2df53719575754,a68cb5adebecab62ce8ff897082f2992f6cb9d1cd534313a60a9a6e545c53960,M,Data,2022,45-49 ans,Bretagne,3469711,5.082,6.0
921fec443f98c7d677c7bc477e5643e70312a48f714649354147f79dc751c246,c57cb8e404b5f026a5dbab2ef70681b87cc4641f9766e1ae4672c8c8c86a2498,M,Data,2022,25-29 ans,Grand Est,5557457,8.139,7.3
7c711b804bb0026f3270ce9c88e410d72dc66ba66f6e5399bc3575ad632d56e7,918c8d673ac56a58472abbb2cd36c6748f85c533397675317a6162a0591f8313,M,Data,2024,30-34 ans,Normandie,3348960,4.905,7.0
43c982f9fceb47e5e778dcf220282a8ebcc72f96d46846774502646b0c142942,14310eab62203c2a1cfe33db6d6edcc5bd2a8bda5461a7fe434308a90115abcd,unknown,Data,2022,25-29 ans,Île-de-France,12507542,18.318,7.0
d88b59ed1562a464fd8d754b07445026ec34eb988e81b59c4796aeb4f615b6b0,acc47194b4bbb40c5f993b466765f44a263b0e6b962f2bfc56b0aa4b61e09726,F,Data,2022,30-34 ans,Île-de-France,12507542,18.318,7.0
386892dcacaf509397a3dbf4a342f3908d9b929ecf67c24b5dd4d3ea453ac533,c71e7d21c077f00c6ecec35c0a4b8c3f765d84ccd5831fb236fe52412601bae3,unknown,Data,2022,35-39 ans,Grand Est,5557457,8.139,7.3
919212d6b04e90d7994e5edd9b88f723289c561214c895b22f235b334c848603,13e76f94efea9422f22682803e24c214a82011e288d9ebf97a1f5a39fa4b883c,F,Data,2025,30-34 ans,Centre-Val de Loire,2588006,3.79,6.9
583971b3684e6f252e3f7cfc4bfa7ab68ecf22dec1350cc74d9c6aec1a93c9b1,3febbd658f27d2ea6aee0e2775a6d504a777cb17bb5bced3831714ffe61af29f,M,Data,2023,35-39 ans,Auvergne-Rhône-Alpes,8238335,12.066,6.4
b9791c8d3de30fb5b989a5547fd3c502d5446d5f8f41ffd33ff8f3929de12f8d,3b9d92462012f67980a222bfea681e63c0ddbdeccf05fd0eb4beeb0c3099d034,unknown,Data,2022,45-49 ans,Île-de-France,12507542,18.318,7.0
6ed9f023a2e7d2a27e1b6d6c9500e774737bea7f5e3a49cae93ea90315f67d56,cab8e6d3036f89c963454f135c5de3c361b902cca98495ef2260ba75fd81f27b,F,Data,2025,45-49 ans,Pays de la Loire,3926871,5.751,5.9
2e8f8fc72414f2a5a10a1d9692d96339345aa8a30a1aa55bd80e44db922f14a5,b4459e9a0cf565aa4225dbceb89c9e47f9ea7dc6c53e04e850003844a08d9128,M,Data,2022,60 ans ou plus,Auvergne-Rhône-Alpes,8238335,12.066,6.4
2d49db384f38ef68402f268b378ec63011aae1aedd360e33717cb0c0ada1c029,6b30831e5fc8094bbed4a62f9af479aa6901b589a31a6b93916d1f7077eb8812,F,Data,2022,35-39 ans,Normandie,3348960,4.905,7.0
06e88cb5266f41d09ab8bd2e134a3517a4e5e86e6c1d81a8f4e43db06504672c,866840a1e9da4fa9b62d9c9ccbca96e79186b412a006165bf2eaefd4300d92ae,M,Data,2023,40-44 ans,Île-de-France,12507542,18.318,7.0
259b498fb2b861706aa5c4530643cbb09caf2a530faa92f5039a84eda7686438,cec6518e9045751aeffd35cd1cf616b589e21b2c8d9d01740ddb6c6b141074e9,M,Data,2025,25-29 ans,Auvergne-Rhône-Alpes,8238335,12.066,6.4
8c55ba83ecd662b2c9d7f52d045d162998dac3adcd18e360ceb3802a50a2137e,976788fcce2cbdcd0a60be19f6c9866fb9e6035918e5f263ee77208cb2a0c68e,M,Data,2025,35-39 ans,Nouvelle-Aquitaine,6181885,9.054,6.6
25eb04e43d958849a19f82afa1f1ce1684f7f800099cf7893dffa2c641b7cc36,c225e8540fb595d0c0812605a5bdcf14aa3e4c00e26f0967e1394bede492006b,F,Data,2024,50-54 ans,Île-de-France,12507542,18.318,7.0
cfe1d0d33f877b54217f53d2e145f1900b34b91cf226c09551b1aa1b51ec95ce,02fc58556c06fbd9c963ff2af2ea5c14e59acb9890179a81e9b0f6d8068b9e9b,unknown,Data,2023,30-34 ans,Île-de-France,12507542,18.318,7.0
ab06786e422b6cb37dfdfb204f4bb81e47b4a65115f6b4580caf5eaf2aa50e03,fb7fdcc84ae69fa4b1e24594145a52ce42750638b91796b2e07f6fc4c8878de5,unknown,Data,2022,35-39 ans,Île-de-France,12507542,18.318,7.0
71c221b535bf912fff7bdd0af347b7a3b463649d6a2cd8c9e7a541194ab8660a,12d9d7f86ad8d6ce9acee5e37040c27e87a355c00d7a5e0745967dfd9ed4b382,F,Data,2022,25-29 ans,Provence-Alpes-Côte d'Azur,5252362,7.692,7.9
eec0d5ea158affe1ad39099cf7d02b3397873e31411c5440759d4f504a9b734d,5884aa04dee56397844c3b8941acaf8982283fc49c74c47ad4bf502e7d0098e7,F,Data,2024,25-29 ans,Auvergne-Rhône-Alpes,8238335,12.066,6.4
8bbf5ebb3c36bfc60faa72fc0bf303d9cf4e3ea7455fde8fc17b5e5ea39a9667,46344f55c73f29125538fa5e53682aed39ee363de03951a580e159ad04510537,M,Data,2024,40-44 ans,Auvergne-Rhône-Alpes,8238335,12.066,6.4
b20647285cd4a6d44149953bb529b97d9da05e17e23c09ff6775b3b960da906f,df50c98795f74387018e64ee9ceba0557e002bb2333c82b12b78a78b2121c853,F,Data,2024,25-29 ans,Île-de-France,12507542,18.318,7.0
9c18edd04c7db30b6b0c2519f461b26deee4c5ba7570dba0dd14c9daef23b59f,055424f8d349a4a343e3c287d488503edce45af6500eafe01218476859ef2f90,unknown,Data,2022,25-29 ans,Hauts-de-France,5983840,8.764,9.0
33f53f6f6e8bf20626122010cc6598622b5e0f15a21b4b3f389a119771fabc8e,89bf11bda6bb3686595900c35e1adbc152bb6489bcb5d0b7f1c53139fb96d2a2,unknown,Data,2023,40-44 ans,Provence-Alpes-Côte d'Azur,5252362,7.692,7.9
0afffad8b247521639f872794ec62ff7d9e3b992b64c749dd72795415603b7be,5299623ec503d181c6a50e4a4f4b0a2f65beb10112364cfc80a33105c538744c,F,Data,2022,30-34 ans,Auvergne-Rhône-Alpes,8238335,12.066,6.4
550d47b25ff72272d50477c5508ea82966804b1e989c19af879ff19e6beb7d0c,252edf4ab5090fb2dad8ac6915c6271d7fe850d3905acb7d097eb1b45b7c7529,unknown,Data,2023,30-34 ans,Nouvelle-Aquitaine,6181885,9.054,6.6
278e578af0bf3bb5721d4d80aeb66aa7c822edea278662630e4ca1b3580b771a,88c2a0f4c75c6e6c8b7e060156a7b6a11e9ff13b8f3c12e871d8c7de134828bb,F,Data,2024,25-29 ans,Île-de-France,12507542,18.318,7.0
1a812303d9e32ae172857e1dff54336405ffe9f2a7fdb76da62bbb5c30740a76,0fb935612ae3cd4ca030958654e907b0961a07cde15cbf985b0f5ee21377101c,unknown,Data,2024,40-44 ans,Île-de-France,12507542,18.318,7.0
b40b96592c01b41f2e2c341639660aeb3fefdc0fb348032119f96fbecfdec434,e822298261dcc2829661adf4f49b8fab28e31ce8c9d78aaee4a0c01c04fa8c56,F,Data,2025,50-54 ans,Nouvelle-Aquitaine,6181885,9.054,6.6
92c26d6741f99e1027f3a02049140a5eabcbb633ed6d114422a3547b421f441c,efa19227f672191574c7d631a7e9af4197e5a469da797d502a8c15ce0a2d1c8f,F,Data,2024,30-34 ans,Bretagne,3469711,5.082,6.0
972671de2085522b1385af3936db5e52bb16fede4176b856aa90120390095a68,ebafae4a28058694e71a069d1f812634d1ea413c48bd4593506f5defe99db548,F,Data,2024,30-34 ans,Île-de-France,12507542,18.318,7.0
94b1aa4125556115f5e671325608b80b314b4e9711cc0af849d1acc25a04cf45,1a6dce6e67206df4dc7bbeba0e6b481cb533c0fa19834445dc402ad33a5f791a,F,Data,2022,30-34 ans,Occitanie,6165869,9.03,8.8
e5ede589112e410d35951d28459c665a291d3cd89394a9c2d616fb2b8bff2dd8,2211a000ac9b5582076b717ae6f3d95ec4a5e1fa4655de51dfce951a5b297574,M,Data,2024,40-44 ans,Île-de-France,12507542,18.318,7.0
5d998f8d5ef846f1bb1ae748992d00dc7ac104eb4cc86bace2a112f1266bb492,ad928bddbc0dbb0d2dd6d7f5745afb43dcd1fa3391585215894a62845083f53c,unknown,Data,2024,40-44 ans,Île-de-France,12507542,18.318,7.0
1ebf87db9a633ef2539e99cd3056d1e75683350bdfcf7de397f7b8d6d77e9011,77ec2063f1d5afff67e49316fb7b2f434c4fb14a39a904f47c6965710b8c31a4,unknown,Data,2023,30-34 ans,Bretagne,3469711,5.082,6.0
d59d6f2faa974e135738b36f89221fc837f579614d0d0d55583ae2e7ed0c8763,ca38d0f9f1e6a09279496f7a7f9da308c3a0e5d6214fc46c09daf313b385f518,M,Data,2025,35-39 ans,Île-de-France,12507542,18.318,7.0
71e8d332add99d0f80d391f295f9f94889e3baf6ea159555694bfda170201511,aa92be31aaab8b6e7127a093685fc79785ae3895e747003ffbbaa21b9156b15c,M,Data,2025,25-29 ans,Provence-Alpes-Côte d'Azur,5252362,7.692,7.9
08b2df298e2def128c8fb90810c0d3d3da5fe0acac97cf57f27b8cfa7199f801,4586ba6edcd13a4e6a139c683eb6a63ccf864fd265e1de5926e8de122a6de1b7,F,Data,2022,30-34 ans,Île-de-France,12507542,18.318,7.0
5e5e0ca2ec2e06c7b84132b5c91351ee0a607ca1639429967c73a40cc223c2fc,d23fb1e4635f93c5c28f52a3b9411bc11600f5f985437fd2245d0c86f6c7c04c,M,Data,2023,30-34 ans,Île-de-France,12507542,18.318,7.0
7ea5fb27f67dd719a708c69c4d6a104989985556ed2505965387dcf1a3fb104e,c6c7ba4b41bd908d9ac4344c91a432fa2115a94b3d814714f6ef603c87a39074,M,Data,2024,35-39 ans,Auvergne-Rhône-Alpes,8238335,12.066,6.4
69ef4262aabbd3bcddd2ade1b2cb2f0a6b34ee78b0abe5ed1dd997d8ece7bd16,74f5eb59377f97c6835095d4e28c15596d497ce2f4cd6eb1dbba3cf0f0c77bf5,M,Data,2024,25-29 ans,Auvergne-Rhône-Alpes,8238335,12.066,6.4
5ecadc6d58c7836fd12c0f25bff984c4445a3e99d3fe9854e4f51138f528dadd,8169cfaac41fcb838412b2d05eb97ff8508416572a02f483955e0d425fbe8815,M,Data,2022,55-59 ans,Pays de la Loire,3926871,5.751,5.9
f65917b8af307e76a15b5f889d82c9a5ffd84e1f46233970ba5a72b034f5823f,df2cc30901c982e85abe480d656849ad6f7c3081792e38bb39ace35dd5cfb218,unknown,Data,2022,55-59 ans,Île-de-France,12507542,18.318,7.0
8e0f441dbf21964eb279dd2d8b94b28263749a629bf227319d42ce57430ff6a2,176c364d8a8eb49421e5ef97dfe2a3f73f8bc53816916a84d9146c7deccd45a8,M,Data,2022,25-29 ans,Provence-Alpes-Côte d'Azur,5252362,7.692,7.9
89ce0f2dbacd119c4cacbd2a696bb82d4ab895230b86b70be16f51264b7e7416,1e8b4731179f17ec693556c53ef2ec748ea5896cc1f4d3789701eb42f4de793a,M,Data,2025,55-59 ans,Île-de-France,12507542,18.318,7.0
b07891858611828f29236c6ce74cc37366f1498dca06843b6c065c96695ad17e,751504d9dc5c8820eb766117299d7a57689a082f3a047dc357fd355bb8f878fd,M,Data,2023,20-24 ans,Centre-Val de Loire,2588006,3.79,6.9
edfeefd914b908872b4e55b6690b52c4f0b3deb300b46feec3602df89fca2dbf,6ba6b34389ea892dc34fc0a0f69414fbcc5cbc82bfc4a68f49dbada169b855d4,F,Data,2025,20-24 ans,Île-de-France,12507542,18.318,7.0
7c2e2edac251284425b92ab084d76e1c4e5c04ff3c5640dadb255b1eda5cdcd9,d8dc59b925b91eaf1252e6fd237d496054b3396e05954d2e05326601a3fc6ce5,F,Data,2023,45-49 ans,Île-de-France,12507542,18.318,7.0
31aa7c42b583d888071b8db1942cfd9dd6dc02f42933f008286c1caabe64d9de,c7af134df2b4a78f45f944ad6024a0220cc3bbe75b1caa8fb775eb4901ef9670,unknown,Data,2022,30-34 ans,Île-de-France,12507542,18.318,7.0
5273a617214c6f1eae454585abdb75329c8d1fff20a805b3ba78d583fe850f06,92c4bef2ba785a29a581b1a6712b7daab520daa596580b2a792c960d50732faf,F,Data,2025,30-34 ans,Bretagne,3469711,5.082,6.0
7b59ac45ba8cf5841659d6ef9dfe7b70ddaf2af25d90eba378fe4b24083d2308,356a078674895a845db3def353cc4898e06fc9ab7df6d343cbaf707b7885baa0,M,Data,2023,25-29 ans,Nouvelle-Aquitaine,6181885,9.054,6.6
29c3c05ee0075c07f35867cb89db20e28ad75afed19e9ba48766c66590dd5b4a,837adf0a14f04edf7c927d704f761dc61d2a268036202c722c3caf7f54453239,M,Data,2025,30-34 ans,Auvergne-Rhône-Alpes,8238335,12.066,6.4
ebce1a3e00175237ff0dab9ff5ea1957d201c518bc6ae501cf3b591e3913efd4,e6c7d385a1296d2e5d658972d4b2be175bfb50684ce7839f00774e78789e554e,F,Data,2022,25-29 ans,Île-de-France,12507542,18.318,7.0
e1c59b3e674c91d80eaa45a1471c651a8fba7dff0c3494d49f950e64a9e74e1a,46fccbcc75ef965e939a3493e049effff7f24f1e9259d6a9e682776898b92033,unknown,Data,2022,60 ans ou plus,Île-de-France,12507542,18.318,7.0
b7378e699ea032bfbe09db09485ecdcf6a339ded6480d933f72ee32c4b829225,d0550b482a3b028139b1e083856d255ec3432e7ef6195f542352da2f4f41b017,M,Data,2023,50-54 ans,Île-de-France,12507542,18.318,7.0
112b98749e7342fb0585c2056f7cd8d5d85c98cb3c720fd73dc3700211b2233c,36adbeb280fc9c7e7bd9b6d30af3321352cf1ed58d1a3e7d4dd4a813f91afff5,unknown,Data,2022,20-24 ans,Île-de-France,12507542,18.318,7.0
b0bc2aedb05246614d0d74a428fea934d3ba485f719a98069759d71d906a01c6,2144a306e393fa4c57cb75a0015a53d9eb319ac4484cce1c19320ef711d91d4b,unknown,Data,2022,35-39 ans,Occitanie,6165869,9.03,8.8
a823fc86d154580d743a7a144db36e9ec3546516c6b6057c535cf54429cbaf6b,019cdd18fcdb5c1c901c2be055333755852fb1a456511427fe348020d29da253,F,Data,2022,40-44 ans,Auvergne-Rhône-Alpes,8238335,12.066,6.4
49f576613f7a8d1f06804ce83e87e0c6f2c331fa128f70963dc5f4b75a0c140c,3d2574e7034375cbc44c1a74bc27a1ec014aa7be034ae5ade2664cd56b2b5783,M,Data,2023,25-29 ans,Île-de-France,12507542,18.318,7.0
1b1bb2d0a2327eed6d765675964ed32389b1f5256b07c20dbc4787d790a998e6,a8cf4c26029a17c85216db4e9afb296436173cd84a6ef16ab5593d7057196a14,M,Data,2024,25-29 ans,Île-de-France,12507542,18.318,7.0
4aae96c739359a4d1e5d3265a49bee1a68aee67727df24f50f4134d528b5639d,d576801dbab0fadbce4b70418d07875a77f47f24d415b61cb85b6d9a472d51b8,M,Data,2024,35-39 ans,Hauts-de-France,5983840,8.764,9.0
611cca982e0354406a1487e9409496ca5910a3308581898ab650614da2ee8ddf,eb469280acbed5675c3ee5bf33baa73a9072f0035e0ae8601008eec2012cc4ec,M,Data,2022,40-44 ans,Hauts-de-France,5983840,8.764,9.0
ce141105c8695e369d38cdbce44bbe46856ab0c1ae31f604fb087fedf6acc7fd,c2b746382971bda037aa74a4608da747b2a467b512b853582c9048cf63a871f4,unknown,Data,2023,40-44 ans,Île-de-France,12507542,18.318,7.0
8e255642912f02b61dc2950df959e204ed8e5d5b6ce1f9303acd145443248432,6a271f21ced645f88d048b0011b4bca700ae47e40f12a1c41fd728b820750512,F,Data,2023,30-34 ans,Hauts-de-France,5983840,8.764,9.0
f888d69ab0145585f9bf87ae532c2a8e1ca062926e98098d8e05670b7c15ce98,3a6d04203929a191411e3efe0b37c42b68581171b4199fbd612dbe0fed5b51c5,unknown,Data,2023,30-34 ans,Normandie,3348960,4.905,7.0
427d33ee424c8e86f9ca083acfe50aaff7f47d1f0ae771e2850c876e1857fead,936026b7b61a0dcaffa9923482f5b8e67fe4060a0e84e6fd1dbe7f41a499eedf,unknown,Data,2024,25-29 ans,Île-de-France,12507542,18.318,7.0
ab4bc24928bc197ace68c8166e995373a6dc2526c2a93f013c082b04cdc106d1,6bf67c858a083d8e1a0ba0eef2b60ab582929e08eb1f07f277b55f8b469ccaad,M,Data,2024,25-29 ans,Occitanie,6165869,9.03,8.8
b2ebdc990f60da6c203e5fd7d788897e4117b980f7938303a89de41167425a63,f87a48f1dc3a8b4f2066ad037bbbd179ddcb06bfe00ab40bcfb6edbd9ba6c0da,M,Data,2022,40-44 ans,Île-de-France,12507542,18.318,7.0
3496f21e46454d83507b22224baa5d382b8e726249336552c4cc1fb0f62dfd78,d595bfe94af8c59a7fbac380d3f9515ab3e36a394801e7c01c2dd8591fc20527,F,Data,2022,25-29 ans,Île-de-France,12507542,18.318,7.0
95da16ac9e7d63166e727da945013e97e9bf2dc1e91f653130b84b7b84f7fa13,fc52278256b1e827f543c68ac1dd4841c133daed444f373946ee0c909d8058ff,unknown,Data,2022,25-29 ans,Île-de-France,12507542,18.318,7.0
239f3af7b2670d778b8d0abe679d1a5f305bea41152f7096044e6ade0aed7191,614c37a17968ac5e4af7e06356845a8b512e8d0ea9e3d7435a39f3c9eb041307,unknown,Data,2023,25-29 ans,Île-de-France,12507542,18.318,7.0
10ce60a09c3c65caad29fbcd5f371e1dda4dada2eee03f9125fae240819dd9c9,43ba3909f3b82f0813d87a20276ab5a445ddccd7e82cad8330552aea310d4c25,unknown,Data,2022,45-49 ans,Nouvelle-Aquitaine,6181885,9.054,6.6
9743207633d9ed01622c9b229e1de0835e7d37e31cf5fdbfcca26ce2828ec9a0,77765ba1b4469653b95a49fe48f753f74b7ed7ef9bd161ba69ca3045d91a7c71,M,Data,2024,35-39 ans,Grand Est,5557457,8.139,7.3
d077a722689fc6297e950638c1aa3750b6e404f429d56231c42d1abd75c435f0,37c3c825c9e08a61c3c8a84a9995b1be90a4a28d68bd5dafeac748a3c199a56d,F,Data,2025,25-29 ans,Île-de-France,12507542,18.318,7.0
76be57d173d1eafdbf9bf7fa0cdeb1e3af301b4dd2d4fc8ab38e52746c2835ba,6995b209824c45afed2b8b100d03a293b125a07ea3416b9e750c9f6262c1aa91,unknown,Data,2023,45-49 ans,Hauts-de-France,5983840,8.764,9.0
79b4dda47ecde1a7c10eb60f81a2789ca425607da12a77ece467c0a8f33c2de6,e0438269220d28c76051cf76934961cf2f4f5ebcaf6f525c3f0afb6934c928e5,F,Data,2024,35-39 ans,Normandie,3348960,4.905,7.0
ae062ffc095f6bc771c4411866dc75d405fd3d75981be981796db7c76296bbbd,88284caeff16d78dfc4ee5f66291a29ed0e88020320195460c1e6783240d238b,unknown,Data,2022,25-29 ans,Occitanie,6165869,9.03,8.8
9a81438e580ad46d4ff388a49411efec0329f2bea6c69af2caa6b54d6f2206f5,75e77bca8492140042615eafd5c6c2c48dfb8abba1d489d20b5106ed74103308,unknown,Data,2022,35-39 ans,Île-de-France,12507542,18.318,7.0
b703d562e3264144e003c6ed2b1b040d57626f9f0459a3fc7ad3f4384fd84839,2170bc3c77cf701ec0c32a11e45a7a28ab7d8749f483c5a2c3dd7e8c5b67c5cb,M,Data,2023,40-44 ans,Occitanie,6165869,9.03,8.8
27c4c6e15721223a44163d7b88cbc00827a126f699591497973639d66aa39359,4385fd284ac253939a2487efd3051284b29a8b297d566be416c9ef2795fbb68b,unknown,Data,2023,35-39 ans,Île-de-France,12507542,18.318,7.0
36ff2479057499808af5ac746721d6a5bcc9ac8e822ece6c0bac414181b321bd,080630e0f027a8b9f0262b03ec88e8b85e5c29fdda7ca66c88252610927679e4,unknown,Data,2022,35-39 ans,Occitanie,6165869,9.03,8.8
df5e8eb65cffa6847f24457b3d313b0b7d190cca5b722412ba65f261d81174e0,e9f420897fac96c57ccb94dc931ecbd663861b768f0a3caaa311a3531a510d5a,unknown,Data,2022,30-34 ans,Nouvelle-Aquitaine,6181885,9.054,6.6
5cfb2847fe71a2e20021d8838a0f43f3eb11d9b31dde752ababbfd08d63bc4bc,5b2a516f599d14ee253380b6c3b4db7a7f4178e5cc34c132c3217f8ca84ab851,M,Data,2025,30-34 ans,Grand Est,5557457,8.139,7.3
e3a357311e08195f45eb84403dcb02740c2bebd0fe4eda4c5a871a7dd1994a84,10f965a5f6051b539a6a18cece36e5c2a3ec86c598d495d5bfa3d1cdf73dfa2a,F,Data,2022,55-59 ans,Île-de-France,12507542,18.318,7.0
2d8fd03a1034136349a301446a1c94bfebc67a227af5565de2ebb879ac1c1ed0,ac8981de6f265c3314c96e2bb8e95bba0a308e34c43b3bbecf82c27b08b01f58,unknown,Data,2022,45-49 ans,Île-de-France,12507542,18.318,7.0
cb8bed15519427758692d801c28372ab37214e7bc31226052be0b086cb5ed842,f704d2520d3689d80f517f6789b489ea57ca7e33488bd7b8ab4a829ed354fcab,M,Data,2024,35-39 ans,Hauts-de-France,5983840,8.764,9.0
464de6a18370b6d3f05c69b8ebde6c1b923d4fc04876208f0efcba59ef2b34bc,d40564a65c8984f03257b0748868d0eb9746319fa9afb7fab1c6accd85a9f2ce,F,Data,2023,25-29 ans,Grand Est,5557457,8.139,7.3
66623803483b2512a3c26760160f9c6b3fa1cda7ba93f688561e600f95b38c06,eb8090aa8fe37b7f2646e3afe8c426ed70b57ac133fae98c7dba7c30445424a3,M,Data,2024,25-29 ans,Centre-Val de Loire,2588006,3.79,6.9
b285f0c27b242f28ad66ee071c6509cc8c9a229bc7fef18e97ffdf526ee6a62c,cbf014a0bf6087a60eb8f62e0148689dd47a2c54a695f46544017a7a88a4af1d,unknown,Data,2022,40-44 ans,Occitanie,6165869,9.03,8.8
ef6679746a5fa186a42d9e77e751ab7439dbee5d4ca9ff882b53b61373d3871a,d2400323473067e31f15fa434d87255872bb527bd6c9940889d6d1c76fe3d5a3,M,Data,2024,30-34 ans,Nouvelle-Aquitaine,6181885,9.054,6.6
86329f9963b9470b6e9405f3681097c8d01ed5dedb1ceb96a1fd31253452ba34,f68205091f3bf9195d204c93147c173068b0d1a7e2a442f1c6e1c7b932ff47c6,unknown,Data,2025,35-39 ans,Île-de-France,12507542,18.318,7.0
0ca4181db675bda65fc2dd4746e15a6142ef8528d797c2c8ae31e240f92a4035,eb55b7baf64947974532bfcf0befdd387757d73386b736a083d4e8b16bde72a4,unknown,Data,2022,40-44 ans,Île-de-France,12507542,18.318,7.0
c530642f882ed5d45273746216f69d0e8875b1d7b8a94b9138247efe9b803097,081901fae9ca8badfacfdcab6cfdc716d3334a6c7d912878f83d2ef32b0b77af,M,Data,2022,30-34 ans,Île-de-France,12507542,18.318,7.0
b70c172e3b000a30cf69552fae02d1f684d3057e1610b46210ca941294b13476,5c157f7abf7a2b3b7cfc06a17e132f600ce1f773df609c60bfa2a282486d8bd0,M,Data,2024,40-44 ans,Île-de-France,12507542,18.318,7.0
79b22a6c0852b0804a20e7c429b634c9a5ff355233db656f86418da34bc26f30,2006f8d3bffe07afccd317e0f3fb3c84540c44ae71670fe585bcd9e9eddcdc97,M,Data,2024,30-34 ans,Auvergne-Rhône-Alpes,8238335,12.066,6.4
976041c80e75ca024c48a38a489c4058eceeeafb1abbe82926f2e9faf60b3790,1be3321500f4b6a66e857672f32df0e25af55b9bfaf5bd87a47797e08383e940,M,Data,2023,30-34 ans,Bretagne,3469711,5.082,6.0
7a1582bbcd0bfb1470c3eada26b243ca0a3e158f4391fd34e33f0f6a2f7396c6,9b08259eab0e6cdb31504f3b5318c1a98fcc3bf80cfa47cdd82d7b025e96b800,unknown,Data,2023,35-39 ans,Bretagne,3469711,5.082,6.0
f336d03ec3e97f16b4d0640ce52ffedd95bccc12043b1535d5a9f65d8974a6f6,f9858bf119383cd7f7da5df88952543a32b963a8d11f9f9a196c4e149b4f40ea,F,Data,2025,35-39 ans,Île-de-France,12507542,18.318,7.0
fe89e32f3e08192a5b811c4612e24eaf7fb6611c6c85335061f94fbc4e222d06,9b5d18483e2b5153d0ded2cfd2d9b90491c0e2ea39bab9dcb781e5338f19f83f,unknown,Data,2024,35-39 ans,Provence-Alpes-Côte d'Azur,5252362,7.692,7.9
2a2e2311927396c06e7f848c9767f47603de0de9a2ce8ec4bc8eb7e9843d9802,6175cf6ba73c18134733b9f8f526e914c988014e5d9355ae97372f7a803e0c05,unknown,Data,2022,30-34 ans,Hauts-de-France,5983840,8.764,9.0
0653fa45233e6d062e25d19f3de9928289fee77ef088ecdcd06b091a0fdc6fa1,381b468dfc4bd281793d7bedf1c3b38a43b90b1f3c30263f2df1f9cabedb63c4,unknown,Data,2025,30-34 ans,Grand Est,5557457,8.139,7.3
d320555bc8746b1ef29654f8dca65d7c1a41a8d3208d1aad0498664938bd4808,cad100be7a627088160dc568296687f89181e94422121641c734cf806a4cd103,unknown,Data,2023,35-39 ans,Île-de-France,12507542,18.318,7.0
c7f5552a419ff845a433e3641a828eb55b3f4fea159137d0d5b10e5f31b059cd,a8a0bea92e52362e7669790739f3326b703ba10cef795d732df6873849f6cb6b,M,Data,2022,25-29 ans,Nouvelle-Aquitaine,6181885,9.054,6.6
c0750208403a0f9ae02c2dcb41bb960c338c11f7a997a2b1756c87a8dea03860,fd0a21079f3f29ddde4826a5cb0422fb5c998b840cfafe1f479476837a021a28,M,Data,2022,35-39 ans,Île-de-France,12507542,18.318,7.0
d98bc769147d24470de6e4effda4aa104f8ff25d3592fb4f890f4a2a95538832,57d8b2858c85d7a998494badfbace88a5ff750eef5d61bfee5d4bc1155fdc14a,M,Data,2022,35-39 ans,Île-de-France,12507542,18.318,7.0
becff64443431558f3cde439993089ba9d5f1254d7b8f61ec090931a9c15ef13,d4538de8ea7a62e353495be92fd8fbe513d64aff29b5f5c6914e8de2bd9debf4,M,Data,2023,40-44 ans,Île-de-France,12507542,18.318,7.0
9a70cb2d326b1503dc7397bfcfddea244c8f3879dc02b78c6e0fdcba5d79a5da,b1eaac9af826e4db11171988487a63fcebe4bece1d8e00ed01ae5f47a2111cf8,M,Data,2024,35-39 ans,Île-de-France,12507542,18.318,7.0
bf806aa5ef689e4e54d1fb2372995dac7302f65e5ea1522a5a3835a01dba5460,2e2a2a0f1f1197adee1465457bd65385a3e5c3bb74a1431b4a4e3d247ce82b8e,unknown,Data,2022,30-34 ans,Nouvelle-Aquitaine,6181885,9.054,6.6
841183c28a4ca7684c2a4ed6fa4919e8f9613d118d01f8d9dba87ad6cc499e53,167c518d827f58c206174e594574e0ee5417a30c98a804e7ca62fc6931ed4b54,F,Data,2023,40-44 ans,Occitanie,6165869,9.03,8.8
9d2773f4d758cf5409576de2193750aea9cca2c0e78824feff9e97bd2d892a62,aa110794908e267fd2f922d6f859bdbb0749e9ab8e89455a4f6c91cfce2c0d7e,M,Data,2025,25-29 ans,Occitanie,6165869,9.03,8.8
3c7b6bce0f8f5aa3def0a05d879b2ca5371b24c8fdaed7839fdb6545c29d49c9,0f46ea8437fffc840850fc6ac17c301045e4bf2d78a12fa47cef1157825b5fda,M,Data,2023,30-34 ans,Île-de-France,12507542,18.318,7.0
372785c2aa63a67530d7c6bfc2cf864ab92e1bb4debefdf4fe062ccd84383672,26416e128b03f56aa98f2864193ecb697dd68f2d5cc8d8c782893f89c86de02d,F,Data,2025,25-29 ans,Île-de-France,12507542,18.318,7.0
690daaaa9f791637c6a6a0deb8282a1bf22bda77500d85d3033f1a638684eebf,d100a7c93a5885961b4442f607c2b1da7b3dec4829bf409ed40c3712d324a724,unknown,Data,2022,40-44 ans,Île-de-France,12507542,18.318,7.0
798167208edcd820763872df3f77394303fb76d004b5f495c43fec401a655578,fa74731fb480e91a47ee44859150b0a980f612fbe7708bd6c65bdfd87a6e5de9,M,Data,2024,30-34 ans,Île-de-France,12507542,18.318,7.0
7a9328f123e2c65e33d7fcdd2327b2f226d94e9f80792e96d263b5b2af46c337,2a9bc04bd568f4dadb2352486169da5f43a3980719cbba7827ef06624a410a91,M,Data,2022,55-59 ans,Île-de-France,12507542,18.318,7.0
bbb42cafb46e3f5f68a54d07b0a5dc1d9664e228e9718a1d25b2ffb80b2fcc20,d81146fe573ae9f343d5a6f7288e8bca3fd6562497e64ce4711a46b9f60fc351,unknown,Data,2022,30-34 ans,Île-de-France,12507542,18.318,7.0
ff464a112a181cd753320b033e82bc102afa29b005a7c04dbfbdad4832271d60,d8ff6c588ab3154fc6249051817b5edfbf8ccd4377fafcd0c066bbf41b209704,F,Data,2023,30-34 ans,Île-de-France,12507542,18.318,7.0
a3786e5e36366fde063efca454981292adc74e5513e196a0e5e48a73eea1d960,596c5229226b4a64035fe8ae10180fc1320f90768c60d40efd3323433a0b6fce,M,Data,2022,40-44 ans,Île-de-France,12507542,18.318,7.0
52cd5e9524a871db6cdeaf3c6ebf5b598c55090fd8d360c44922842a3fc2e275,12b934643f6a7ae9191e3bd35c0fd564dcc5cfa42075843263a38ba347a30cbf,unknown,Data,2022,40-44 ans,Provence-Alpes-Côte d'Azur,5252362,7.692,7.9
04495c24a9d704cee08d0e06a118ca1ef76ccbd7a34147d79bde49b9e619b3f9,0c845da43cfd5b451b4852688ae566c1bc48ab4267f01eb0e7be5bf7418416ad,F,Data,2025,55-59 ans,Pays de la Loire,3926871,5.751,5.9
b9f9be80dfb64b7b558ab7c139a9512c48a105e54dbc4111d1a1578a5b5b838c,19c398b3f4f42dfeefbf1c3853183c6e666bb44127deb564d5cc3321bd8eff56,unknown,Data,2023,30-34 ans,Provence-Alpes-Côte d'Azur,5252362,7.692,7.9
f7fde499e5178b489484c0355272dc492b9ce7f3e233e40b396f03781a1a12bd,2b95328fe8d0ccbcdd1489b2fa6f7bc6d931dd2e51a27813f8a48fa8c830766b,F,Data,2024,35-39 ans,Nouvelle-Aquitaine,6181885,9.054,6.6
af91c3a6ee2ea765c003336a2d8eb5c6ccd7caf6ee828f7c5d39dc2074e3884f,f7b51898eb1ee798fdb377b6ba2eb13697e5b4fe666878b92defb64736a04967,unknown,Data,2022,35-39 ans,Île-de-France,12507542,18.318,7.0
713546874932ba9db30179b63f5a5de352d53f29212baa1c3ba80211d94b5402,9913f7ccd5597e0fcc6b7cbf3a30eb0ca957e35ec148a2467d86e7f3432f89b2,unknown,Data,2022,40-44 ans,Île-de-France,12507542,18.318,7.0
6284f6b08ec41e4026a40fee8f8d861b2863650acefc5094db1d79c18f63902a,e600df8701f16dd6efc33beaacfa03f92d5e4b3ee9ad44c2a8316d36b19bca64,unknown,Data,2022,50-54 ans,Île-de-France,12507542,18.318,7.0
61fce5c408a81f5691cff449a3e1574951637249915f1cd054dfbc414c54f838,f976269415d64d0f2e5f0e36969a5bf608d91b8362743c4c5f8f0199b3a1db3c,M,Data,2023,25-29 ans,Nouvelle-Aquitaine,6181885,9.054,6.6
9210551cd78303d6090f7b98de5d394767967197ac369ea4e65b25b3db3d729c,3be09023cfd2fc158941acebf719ac6f299a7e7d3fbf32815697e379f007d01a,unknown,Data,2024,40-44 ans,Île-de-France,12507542,18.318,7.0
df752b622c884430f444b16466cc65e3a69c0f5e5a59372db12e880c493999cc,898e260c9a365962ee3fbd2303a6dcab7b7f475bf12a777f9f8b679fff4bc099,unknown,Data,2022,45-49 ans,Hauts-de-France,5983840,8.764,9.0
0774df09f5c3004ada00c495d7c497db27e005269bcaab1893d5563bf656ad2a,2c64e95ac375a133a1badc4436ab4cf6ecd7ed45de08d89b5c1723a3081a6eff,unknown,Data,2022,45-49 ans,Île-de-France,12507542,18.318,7.0
398e1a77d0e560a03e31017919c461b87187ac5d83038f4f362343dc7824de34,3858a9a4ba168d722eaf9845941c436141a6537fc2f4bce3d4143130dd26dac1,M,Data,2025,45-49 ans,Occitanie,6165869,9.03,8.8
a2b85b49981a59ffe03c0837f9784744e6904f87bda921a63c13bdc90f96adf9,bc7a6c35ad676e3e6f005d04ba1d2dca000dba15435733f6207d135db0505c74,F,Data,2022,35-39 ans,Nouvelle-Aquitaine,6181885,9.054,6.6
cbc599b57e8462e44054f2c90a2b4183ee42dd381067521772df3c793e68da1a,52b588bd9cf18608af8e958617e6f19636aa6b0e8e9527bf70f72492986db3dc,M,Data,2022,30-34 ans,Normandie,3348960,4.905,7.0
e71e74fe755570db790256ea8fee60678195ca1f81ef7da7bc982d55e058b8b6,646f36897c4e842a8362d49d8bbe8daebda982aa945d78e7d83195b367de5459,M,Data,2023,20-24 ans,Île-de-France,12507542,18.318,7.0
638f47483ba3cd065c462258fec0e1efafb0cd66585a39d63007d66646ddfc2e,3c6913eb3ccbd6b17bbb457e75dd9a2b5689b484057d07f062b5134dc14b4b3a,M,Data,2022,30-34 ans,Auvergne-Rhône-Alpes,8238335,12.066,6.4
738008380ac9083a46cd45f161b1759ccb4173c39d62239dec175dc0ab09cf9b,fd35bee3f66b4973d0ac8b94a97fa8568c782e8f878edf609a1e13fcc5f38a37,F,Data,2022,30-34 ans,Île-de-France,12507542,18.318,7.0
fedafcd51ad3acf54423ddb492812455163c2da733a15574beee8da9f9f60ff9,ea90d1a31b49e187947507cce2e27d6b6089b516b860b76f9f05ecbdf0df4f94,unknown,Data,2024,35-39 ans,Île-de-France,12507542,18.318,7.0
1949c1684f1c12517749efc74d6a37d876dbd588e9e2c10ffbea2044ed115118,dd35cbd8a853c7d24e90976810307a76dd876276b3fb95cbb2d3d4940fa506d3,F,Data,2024,20-24 ans,Bretagne,3469711,5.082,6.0
6ea5fc412c8c0963b19372e5c18d7dec10c1749525ca8b9e158e8cac204183fe,953c7b22e1b9095a9dc284519cbd31b7c632199cf3060f02d67ad1199cf656e1,unknown,Data,2022,35-39 ans,Île-de-France,12507542,18.318,7.0
94ba780fad4227a265a536e9d032f604c449bf8663168ef8cc5109b69d574fa1,230d4d4b473b8320dc474a25ad65fb495099eeb5acadeccc3134a8c1f736d98b,F,Data,2022,45-49 ans,Nouvelle-Aquitaine,6181885,9.054,6.6
d98aa98d156c15609ca6d03e24649829383af43bbaf7a501879c29d10319914b,fdce9848f0ba90edf25b124e40454faf67c649d8b7bf9178590827edbef97848,M,Data,2022,50-54 ans,Île-de-France,12507542,18.318,7.0
be4105ff9e32b137d9d270de231b55135083a7d09f805cab9b3b4403fe96fde7,3867c1c97c70f9de6914ac2c387406263818b2e2435ae866db678944436e467d,M,Data,2025,30-34 ans,Normandie,3348960,4.905,7.0
b3602f36446da23f62a198957fc3d03dd18142dfd0e8707dc54b78752d32f931,9923fb5ff741d2d8d2a62ec78c3bacd7ce3bc8ac8ebdea415ec760d13c4b4813,M,Data,2024,25-29 ans,Hauts-de-France,5983840,8.764,9.0
e5b4caedfb78a38e6e80aaa9457ad76baca7d5e9ec7866a4c99382cbb3cc2754,3a865406de186d6962ccb71a8e467fd2a7bf2e4db2f88731a773680d7d2c2a73,unknown,Data,2023,45-49 ans,Île-de-France,12507542,18.318,7.0
595be9e791226b91beac257e6bb584d41d51ca2f34cd8f1e4d89f0e3ba6620a8,5c5be6353ddcd1c8e9b049d2b32d095d23d016f4baa6a7ebb2eab34c7a568f24,F,Data,2023,25-29 ans,Île-de-France,12507542,18.318,7.0
270da61105f74af15433525ed7174e50a58e2c4f98494cf216e67aee9f79545e,0d4d954c1d44b450a55cc94eaebd4c208ba692fb8e70b2a08f9acb96da0187b8,M,Data,2024,45-49 ans,Île-de-France,12507542,18.318,7.0
5df9de9e89fbd55b5af7187fc98bc23e625ede9e208fe998a0123cf602f4a868,97d9f3c55fd4b72140c01460d85d4cdd69bce3e9fdffbec998d28b09cf90569c,M,Data,2025,30-34 ans,Occitanie,6165869,9.03,8.8
9a676b1597a55fffd320f670907c23d0527f198ea67fb4ad8daff31a8c228128,ef8ce023d8ea4bbf0c5b6c2449b6d48be01983b7099042adfc49d648e1c8b687,M,Data,2025,45-49 ans,Île-de-France,12507542,18.318,7.0
27c4c6e15721223a44163d7b88cbc00827a126f699591497973639d66aa39359,6c452c607e21ad83f78f66b538aaf120113589d7369ce426a5d0a570f82f5dd0,unknown,Data,2022,35-39 ans,Île-de-France,12507542,18.318,7.0
c9d50c9197e223119e85de4f7d15827a037615a7b28aeab374693f7220e90e13,000333a014dc630e676a2afcbf8f6d650733c52352405cff8599c7c29b039a93,unknown,Data,2022,30-34 ans,Grand Est,5557457,8.139,7.3
34bfa428dadc7cab30cde21606b1c581149afcac41f1044ae17df14805da0e13,ae9d7aeeeb6582b216e8a6c428afca7a0d3bc8903bc35a48d7aa6889c0ffe153,M,Data,2025,25-29 ans,Occitanie,6165869,9.03,8.8
938e4ae1e72fe167bb68c0ad2ca484853c72a0ea5be06606f41abfe6dbdf6ea2,449a85c88ffba37ea5a416f205df595a2a008270e413ae466666e800c03c0160,M,Data,2025,25-29 ans,Hauts-de-France,5983840,8.764,9.0
f35f08d1ba2abfe951e8f0f2f8d55aff14a44aa2f2f01baba38792d9e58f271b,dc462822ef39d801f060a0656f1bc41198ebc26e83b530e5c30851eaa420a843,M,Data,2022,35-39 ans,Grand Est,5557457,8.139,7.3
bc6f1d5261942c5678b67e9ec7a6ba8062e016d383a5f33bf38c6a7bb20afc42,04ba6d6622ad6ad35b045c8f1f58451e93752f71e85ceb1135da365b870c07e6,F,Data,2025,40-44 ans,Provence-Alpes-Côte d'Azur,5252362,7.692,7.9
919212d6b04e90d7994e5edd9b88f723289c561214c895b22f235b334c848603,f94d6671701678b6d1fd43a7f2ae7afe6dc15bf52e58bb040f947d764a49cd04,F,Data,2023,30-34 ans,Centre-Val de Loire,2588006,3.79,6.9
3f68457009ace1e784fcc84195a4b1bf6e62ec9de5473f357a5cd9a40b75dc62,2e9df61ccc94aaf84c4fe4c147fb2bc7800450c56a5d6edcd02fe985028d530b,unknown,Data,2022,30-34 ans,Occitanie,6165869,9.03,8.8
b8d85952c334d918e6ceb42c817a6c9215b6edfb3c076be6cdc686a2061bf2ef,e325ea06737f6f5f2d56ded6d828e0096c078f8210dd9c8e96070b519e43de03,M,Data,2022,45-49 ans,Auvergne-Rhône-Alpes,8238335,12.066,6.4
7b86aae4662e9cafcc7bd9c9eba33f1cf6a30ce17934473be6caebb42beb5601,c852461cee8613def551cc553f8fb6c763b52687931733a30877d1f07116c69c,unknown,Data,2025,50-54 ans,Île-de-France,12507542,18.318,7.0
7f57fbd57fb555c205b70838c5910eaaa2d0ead257faff425623662d86f8295f,2995083cde9ee10f8248ca572aec50ba726e867acb103d373d3040f505715bb6,unknown,Data,2022,25-29 ans,Île-de-France,12507542,18.318,7.0
5cdde3f4d4e6ffefb87f21871efb1c460c88a248c7d1f30b50bcedba52960068,0f83fba623665e5b121a6de5fc1a34d17c93908185176ef47ff4239e90f37a00,unknown,Data,2024,55-59 ans,Île-de-France,12507542,18.318,7.0
984fe5bce9ae2ddcd160c8fd03ff132ad678c406270173af5694fa9f6ea32cbb,0d056deaad91e791dda9316eb55d82ff8343cae926045e4419fd7d884b85aab2,unknown,Data,2022,35-39 ans,Île-de-France,12507542,18.318,7.0
1ba5240e2d3581c2c4028b8b7ad1cadb9719883de61cd62d4540ddffa45f7680,a8ee3f232189a57e37a12031a417703241afea7362bc76feaf8650f5729cd3aa,M,Data,2022,40-44 ans,Provence-Alpes-Côte d'Azur,5252362,7.692,7.9
b50939c4a83e1335d295580d1be8f614c1046182a5ae8ef6faa330f28776014e,896bdf3113fa420d982f3f8e9eedfdceb3b201eed42e13c193bd2e18a952765a,M,Data,2023,20-24 ans,Grand Est,5557457,8.139,7.3
ddfc421a9aa7ae5690a0d384f73e16935d30870521609a71de5cda98cc4d49c5,3fab616c2ebda8c9532dbe702a09197696e59ee0490481c513937976f4892849,M,Data,2022,30-34 ans,Nouvelle-Aquitaine,6181885,9.054,6.6
d523a4a763247982346cb56baa49b8cd38db0f679d1ff4af01f7ef2a13cf7f1a,1feb053c713c7c2b00ab288cf093afbd9aaa1fd9fe12d9af320664183fa55a49,M,Data,2023,25-29 ans,Provence-Alpes-Côte d'Azur,5252362,7.692,7.9
afa3fd654680fb3035bd0144927e25e2b92084d7ba9431172deff8cda9b66ee4,cd2a47307896d0760f33b6aaa85b9e9eabd18a43cc389a64a2c03965cac71fe3,unknown,Data,2022,55-59 ans,Île-de-France,12507542,18.318,7.0
693767e1016010ccd591b1bda98f2d002dde76b705abf11060abe301625ff6ee,acb7b55926bce06ddcb72d73be5c8bf44beecb992bdfac6614b25e224c76ccbb,unknown,Data,2022,30-34 ans,Île-de-France,12507542,18.318,7.0
6c11aa2c7853082cdefd21f70ba9b35c9d5f7031b0a5f44cde88f5084b93c6a7,4f63add0075648ed8fb0d0f2e4c3307992ad2201cca19906abc7647846a3e4a4,M,Data,2022,55-59 ans,Provence-Alpes-Côte d'Azur,5252362,7.692,7.9
821f0ec1cd02d0085f4aeacf788406376d8c7fa4b42057fd2c14015972cf8208,a58186860c6866b78ecdec7fa8abb954c47825ead9e120439016198bdeeb4a8b,M,Data,2022,40-44 ans,Île-de-France,12507542,18.318,7.0
ea8def490ad07ceec6ed577ab7a378b5849fa6cc878b54624975463612a34728,11c068cb00a5188d4ffe7d0dc00a913d1f3a9639afc80f261f4935ad79e2f1b9,M,Data,2022,60 ans ou plus,Auvergne-Rhône-Alpes,8238335,12.066,6.4
9a70cb2d326b1503dc7397bfcfddea244c8f3879dc02b78c6e0fdcba5d79a5da,4ceb6806ec921119c9d8980cf1fdef8a3640f7d640a6bd5e6a7a6f4ba5303efd,M,Data,2025,35-39 ans,Île-de-France,12507542,18.318,7.0
ce5b56fa17038228e76301af47d506a1c3deed92749c88788f0660c756f1c487,7dd2af86b53829b4144b462e7e8acd770d73d8a8a23861e1eb22e4c757906e58,unknown,Data,2022,55-59 ans,Hauts-de-France,5983840,8.764,9.0
e39543b5ef36615fa8c07b435fa45d26f9f72d2005b26e5b98eb2f1d3632750c,312a7bf303691fc89b900d3cdbb9fa35afe0bb884cd58556c58caf3fe0fff5a3,F,Data,2023,25-29 ans,Île-de-France,12507542,18.318,7.0
f731973a9fd77ec815ca2e2ba8bf74692908ed6bb4452f9ce0747cd08e7a5874,b7c2817611373ffba0fd3d047fb9ca0dd4be3a866cc4afcd447937819640b575,F,Data,2022,30-34 ans,Île-de-France,12507542,18.318,7.0
a6d1fedd9c5afea8fd26ccccba22a58b5a88677d80d72160ae1f212e1e72dcee,f55c8d86b0431b590d1a7045ff85431fc3be44054d58cfc0304e9124f8638b66,M,Data,2023,25-29 ans,Île-de-France,12507542,18.318,7.0
d8e23176e23ead6c646ec016b1a31faee83bd51cb0e5bc336275a69be4db7edb,4881c3890d25bda97cce9e5a989018e93332e5edf1b0f95a1c5dc00b3d66bf65,unknown,Data,2022,55-59 ans,Auvergne-Rhône-Alpes,8238335,12.066,6.4
6f2ed55fcc3af5313a5158c79d28f093ed478028eea271bbad9cd61e654e22c0,694554f980ab2b67e3dceb413a5f41ce837af3ed4e58e328797da0a3cf75ab49,F,Data,2023,30-34 ans,Île-de-France,12507542,18.318,7.0
4d1ee568cd378843ce9898733797c304ff1a983c49cd93dd44ca8498e01f5006,c4484e0fe368abcf4b9611db9c24bd9ad28ab2db1c36a2d9d066d424e56baf03,unknown,Data,2023,50-54 ans,Île-de-France,12507542,18.318,7.0
bd487cea9a113e1eb85ef6261a09fd072ee732b85db6eb59e08cac756bab5151,b88ecda42c6d9aaf9e3d785ac9ee961cbd57ded96fd967fa2e8fd37b949a0046,F,Data,2024,35-39 ans,Occitanie,6165869,9.03,8.8
20c3693eec367d13222fa54c59a76f77e058a05e5804bb0534a42b51172925ac,d043b2eda2f3bf2e8ee3f4c3490bded3faa77f103642b4a2f519b21f954928a4,M,Data,2022,40-44 ans,Île-de-France,12507542,18.318,7.0
013c48cc0c148cdc3a3007d9929e19cba7e3b412ec782b71bf49873a9d794ca8,0ab112f45f86887698446d673a1cfc69eb8d175907a18d87e403952d35e2f7d9,F,Data,2025,25-29 ans,Île-de-France,12507542,18.318,7.0
99430a9ccde1a99a66a2d2c6af8212dd2501410352a46ad8d2e00ba3e7e84b23,c4617f53ee8bea428875a7b241e2f85c9bba4f8ae328a794e96af08853d73a53,M,Data,2022,35-39 ans,Auvergne-Rhône-Alpes,8238335,12.066,6.4
79aa719f7ff7b1501a2a735853339da088c285a3301f64def0ad99be3ea7457a,1bb0e4128b036228da91624acabe01746ecbe9d2906a83f97b1069ea0204f6d1,M,Data,2023,30-34 ans,Auvergne-Rhône-Alpes,8238335,12.066,6.4
545a1d1767444e179aa8e85a88970558a6e148ddc6266862e68bd5c3cf426730,fb9bef4885125b880e19f01f43b474471a6b0aea33f032cb09eb5152a6fec39f,unknown,Data,2022,35-39 ans,Nouvelle-Aquitaine,6181885,9.054,6.6
074f4d2ef2866fad416fcb596dcb1d3884c421a29306e3973844df4d7ff659d7,4a49396a6dbc256ceb98b979348babd3160785662007c1fe6527278929b9ef11,M,Data,2024,40-44 ans,Auvergne-Rhône-Alpes,8238335,12.066,6.4
3f976964f98b1c2a0c8a0ff6bbc9b8ef02763d7e467bb985e3717be6205e0de6,cf02bed2af1bc3bda8d2e70fe34e33af0198b4e43dc96eca5446271e7c32c7ae,unknown,Data,2024,35-39 ans,Normandie,3348960,4.905,7.0
8a9b075ba97a940aec03921e956771e39dbf592f844b11394fedfa533975f3b2,49a17ca9d5e8775e6a32240715a5ce06cc5db0aedfae36396131de2aed72c7e2,F,Data,2025,35-39 ans,Nouvelle-Aquitaine,6181885,9.054,6.6
c1784451a87042b489311872f52ac2ea60e7721a1ec0846ca9ae31bd6a727c95,cb06200c27b031dac3d5f2b78c2b139b88b52c64e0267117acdb1e22ef65c49e,M,Data,2022,35-39 ans,Nouvelle-Aquitaine,6181885,9.054,6.6
09242ad608297cf84ac192fdecb5248b48a83aaa3b14c608160ca48c7cc1be6f,7e2044674d322724da3f0c4c103fb01d286b967837c1ec1e746d81aa5d24a297,M,Data,2025,50-54 ans,Île-de-France,12507542,18.318,7.0
520a40c5e42e23565c3364f9851dc6d5fd476b9645c487a1574c0de333540316,b2b9d54c2aeb9c439c960b7f80cdec6357d797449139e4e86b426d1d3e445aec,M,Data,2022,50-54 ans,Île-de-France,12507542,18.318,7.0
d3ff39e0f6494d5e085962fd56a37b147d1c52aac705fd6d0fe397797dfa4083,dfff94d439c81ec13455ba470cb54608d357222214be4d21651fb714fa2ee3a4,unknown,Data,2023,20-24 ans,Grand Est,5557457,8.139,7.3
98d40ba10172ddd7d520a89c601f55e05300836062eef53df219503d60e13143,14da0bd3c38a4990d2d2ac43abab6b9cb731d97454f6442d38c87ba822ac822e,M,Data,2022,25-29 ans,Occitanie,6165869,9.03,8.8
ffa72bb6b75601aec2bbf9465ea93db1bc35875810a1053e1ea95e7863d2ad18,d07d08b4ed4abb99ade1d76d7cb8065fd7e1361e78850c2c9b0f7cbd3f15251b,unknown,Data,2022,30-34 ans,Normandie,3348960,4.905,7.0
5d9f0087757d1a630ecb0f748530fd3a01f44a00d67debc0692e4b1d9c94301f,8a7d0c41d55dacf32fa7ca7a29f08d1e99e24ecaa0a0b5efb2eee456bd471a3b,M,Data,2025,20-24 ans,Auvergne-Rhône-Alpes,8238335,12.066,6.4
14f1ffdc0620a54a77829d2f3d410a5188842c6f4f719205e8d2086c9be58484,0ffcda8b4c4cb8648c2c180bffbfb144718b6bf464a4c7546b05fc45c2d04381,F,Data,2022,40-44 ans,Île-de-France,12507542,18.318,7.0
ec048e0642672bd7f535b22b2ca49d16aa488b289a98e0f9e242f1a3ced25e54,d946987e69877f8394cf27e44abf832b00f03b515b4bdd64d5b74217996b64ed,M,Data,2025,25-29 ans,Grand Est,5557457,8.139,7.3
e1fb87be30643ef3425d9b94f10310d5e8d636ab142059b27805d16b5954aa88,593ccf72fa11bf52abd7d2f354fe8bbcb1514cc4e1bc6d08b31314e43b8ab338,M,Data,2022,30-34 ans,Île-de-France,12507542,18.318,7.0
52d84bbaea5b9d47865a1aa1b41a76c231ffd7e475a31a28688aa894ec315b81,389c1f06343077411889b4cce3a854001389f1040c10ca54746b5afc27955901,M,Data,2023,35-39 ans,Île-de-France,12507542,18.318,7.0
43080f0a863f4be63e6273f80008f1092c230119b983143efd92162217c45b9a,ef5504786d90a65731a736b91326c29c33aaeec87c281239b5050a229ab07cdf,unknown,Data,2022,40-44 ans,Hauts-de-France,5983840,8.764,9.0
8a70a4b40e9d8c682c182ceb5d02bb7325a881a13bc4c4a1c5ed3f051156c101,f696fd9a769b70e41cb359dcb648a4cdd48d4bbba0c87db7f19a91c4b2b611e8,M,Data,2023,25-29 ans,Île-de-France,12507542,18.318,7.0
9bda9900b433740c7d708c60d9d47887397fe3320e702cdfd2075d9442c5c6f3,3f916bfd805d04dbac0bbf9844499246a4a95ce2c9be830f317814fa3fce0df6,F,Data,2024,30-34 ans,Occitanie,6165869,9.03,8.8
bafa71b3a2318083c3922e111535452dba8ace699b3e28ffb71e2ea66a486d85,34972d7efea6086053e897196c325caf608195c43956fa6adaefa696c3284bd0,F,Data,2022,35-39 ans,Île-de-France,12507542,18.318,7.0
7e05967bb12ee38268cafb280dcaccb4fbea3322a9890bfbb073e2856fb82d89,6027569cd712865084b880d45043cd4245135521758e034e5de3c3c19fc1efd0,M,Data,2025,45-49 ans,Hauts-de-France,5983840,8.764,9.0
e1e8dc40c41d952d5f941ae24d7d6b49c6b6cd34bab7c71faa8942daa4ec4045,41bea7d54afdad299c7ddc81271ff49921c4ea9ac08a4f7025903dd11c69f8e8,F,Data,2022,35-39 ans,Hauts-de-France,5983840,8.764,9.0
a15bb1d0e67d6b3e43a061fb2fbf11c72901e0bbd208a92edee41d6b1f9dd011,9ec1ae4b51f43a3953e7405800b1d7e4c029e37b58ec517074df17f6bdb91f6f,F,Data,2023,50-54 ans,Normandie,3348960,4.905,7.0
84e48f6497eb6bc4767801096b4b7bff5bdefb2822c8ef33efcda38043f298ce,615958751bbf6f15c38b697fa46d921a7ba101edc442d98978a1ca76ae1af5fb,unknown,Data,2022,25-29 ans,Île-de-France,12507542,18.318,7.0
3b37491b8d2b665a40230562ef001595626cb47b2405116f98a1c4ac8c24fd61,3af744a099b59bd512d2db70092c8826a68c57f493b5f9fdbe00189b98fb49fc,M,Data,2024,30-34 ans,Île-de-France,12507542,18.318,7.0
4982aa8289bfae7e7f8e5b1906b039d275a0d7f027c41011f87015979493a3b1,a00abbcaf284d73ad0cd2e64b1b4ff32c554ca6a3c20f7dda5bd701bac2191bb,M,Data,2022,30-34 ans,Provence-Alpes-Côte d'Azur,5252362,7.692,7.9
c6e08dad082023713b2839d44b91052b96458afa285d0c64919ca768d24a4196,ca9b5c208f083b6fad870f987f5f40a2c52aece8a3d0317ff0e7efa0458440e3,M,Data,2025,20-24 ans,Île-de-France,12507542,18.318,7.0
d8b1d762377aba6c75cea853c546d57ee3e8abd425043fff7c670e4f2ad561ec,982cc9327124bd102673f25a55a8724ca11ebc21ac54e4d27e7b41f4bd4579a3,F,Data,2023,40-44 ans,Île-de-France,12507542,18.318,7.0
3b7e4fc8b5e176879bee729da5eaab932b218fd74b5e32801e50745080411026,23c10e82745bcd61786e1bf0cbf2574d9b0d3a725311606b7265091cba54aec7,M,Data,2024,30-34 ans,Bourgogne-Franche-Comté,2800180,4.101,6.6
80ff13b98a2a7ff6e7fe84cb9ca2cc72457cbb132ef3c742284e01ad3aebb800,b89a6388e345ffd5cdbeff73f581f19fd6d0798abbdd05d56aa2555933e03ad9,M,Data,2025,25-29 ans,Provence-Alpes-Côte d'Azur,5252362,7.692,7.9
198701fa383bd236d5eb42a8533bd07178e3faed75562f27debf8519c971b884,dd22b264e3e517a51646803607b50358c06b0772dcda164f5b8ad0a2e7356b42,unknown,Data,2022,40-44 ans,Auvergne-Rhône-Alpes,8238335,12.066,6.4
28766e7a04fca54ca5e11c2dbbb3896b9868bd68532bb8ad6f999075a937cafc,47033fac2637e2c3f82fdec6867bbfe9b1536366f81193163fba20718d11b82f,M,Data,2024,45-49 ans,Auvergne-Rhône-Alpes,8238335,12.066,6.4
dd88fd58b3fbf1bc1d9d520d258854ae08721a02c21885e43040b67b07bd7ef9,7ad9e3b7f6b31e6fea1df8394cb7a43a940ff870a5ec93351b9d496a051283f3,M,Data,2024,35-39 ans,Centre-Val de Loire,2588006,3.79,6.9
8b75e9f2f8dbdaad0d6f4f42417a83f316bb4f4f219e2058c978e12462733479,4fe470d41b854b3962d3bc157679f1a9b74694c3ed61c1ce05b221550067974b,M,Data,2022,45-49 ans,Île-de-France,12507542,18.318,7.0
58be0eadc79086f313d1111f08efb3440c4d51a02849da5d4ac12df7bfcb5b39,4c88c3e3d0e662f47c28d20c5e1caf935ad517c4b509c23874cf38ebdaa53df4,F,Data,2023,30-34 ans,Île-de-France,12507542,18.318,7.0
fa7b93862ebce0353c52c2749a2e839bda788f8192498e381c2b02a39f0ba56a,db91ef911f09af01a0b8a71479ab6f4ab67834bcd8014dafd61c9bf0a891f238,unknown,Data,2022,40-44 ans,Hauts-de-France,5983840,8.764,9.0
a36a5e48da3cb39b6a975e4d6f29742e2327e04743ddaa91f1ece11e5d4f175b,aa0305bf70ba379631136332d29c828e8b59e7a66e64e8116366c80f91128911,unknown,Data,2023,30-34 ans,Île-de-France,12507542,18.318,7.0
e883078925d79fd43af398b8704213cebe4f19a866dfb8c73610d91634a75f45,fdedac2153ecf8ac3464879ce0a511cb634983c449b4c3c7b2541e80172e88ca,M,Data,2023,30-34 ans,Île-de-France,12507542,18.318,7.0
8a04c69e13559e073450f940d5c93da3ad22bb59173755168403ff315e8e0ca8,cbcefc6a823b152e7cc70e9582ba1fb85959332cd2ad1dce40147cceb5f8cd67,unknown,Data,2025,30-34 ans,Normandie,3348960,4.905,7.0
55fcfe57a4d57f3425b7bc9a651b402af1ca8caf0ac0fe59c3c30dd234bb93fc,a341c294c868204db1353d158c68a50a176fb4809dda9f7e9255c27636bd7939,M,Data,2025,35-39 ans,Occitanie,6165869,9.03,8.8
01e0e858691937c564c90f24a2df0d64ae104be79529a58d30ac4f39c7a6d50d,4ae1328c5a46366186e89d8d6705b1673d7e06c106dd1eaf8312e8adde241b06,M,Data,2024,20-24 ans,Île-de-France,12507542,18.318,7.0
55a7b2531d2e254b702b943aa77c0b61e1ee5686abf53a3ec55113383c4b3001,d3424df29fc193e9e0d36230d235f008e70b3ee939e18b457d36c2cf432dff89,M,Data,2025,40-44 ans,Provence-Alpes-Côte d'Azur,5252362,7.692,7.9
1e95ca2124c2af88a92593cf53114c83c6f0bc022b8a828fbf665f08308abb73,d59018b022ce853692c5174b51d8df00511b88ce50c016509d796a28c53d27d1,unknown,Data,2022,40-44 ans,Pays de la Loire,3926871,5.751,5.9
ffda9c3a8bbf292b17c4b649d3e53a84fd3900ce71bbfeeb3b31aff5921d91c3,812e68657345d35dd2c49d1796ffea385c4390ca9b137d1e068ce802b1f06230,unknown,Data,2023,25-29 ans,Pays de la Loire,3926871,5.751,5.9
8396c3534fb51d3a624bb0a29686646a6ff4322b2da27288abd9680e0cfb67fa,74588c6faeb36b1cba9f91ae2874a2f4e4d607545480dc61c7d5836606459f1e,unknown,Data,2023,35-39 ans,Île-de-France,12507542,18.318,7.0
7d2a5e1ffaa823123ce993502d9bc1ebcfe5168d45194fead995e87916fa570d,22e3cb0b343d88bcb4f23006f1bd18616deb2aea666bd9c836b1e60947778ba1,F,Data,2022,20-24 ans,Île-de-France,12507542,18.318,7.0
a21a217055128c28f88237b974b778f6bfe68192f33fee39db4cec5e959e3300,6173050235c89758437cbb8c8a99af0268d1ca605b151ac9e882ef823db0f0d0,M,Data,2023,55-59 ans,Bourgogne-Franche-Comté,2800180,4.101,6.6
c2b4e2b6dd353b400023b8bd9a3124f2504ba7262acb2efbcb772fffa8ab295f,554a587927da46ca7b5efa6ef771de710245277539e4fcb8e20abde992b33fe9,M,Data,2025,40-44 ans,Normandie,3348960,4.905,7.0
4539eb909838e9ca9d7b96dfee425b11b07967a22e2561fec0075d1f7caffd07,b17b8bf060ceda7bbaba3f05299dd72e4b2bde7c85ce3faf99ccbf9288de029c,M,Data,2023,35-39 ans,Nouvelle-Aquitaine,6181885,9.054,6.6
f4b63a1175b1c846bb378b9f694e2eb7d6469bdabe0e3c5dbadee2b09b371d71,75087f3b94169af5b251b4f42697818efcb1eb165f35d14464205f71d852f176,M,Data,2023,25-29 ans,Grand Est,5557457,8.139,7.3
c164705c23efb11cf41c50784caca498c147b24c2ed41020b2ac73f0f086fde6,7cb83a0feb0f6d3c510039b7f32d8043d7e5cc52c98e6e9aec258cc0f80164b2,M,Data,2022,25-29 ans,Île-de-France,12507542,18.318,7.0
b6bb4785a79e5b31a6bc40b8271309c7b51d5c1f4b1aa338161099a7f27f8aa3,c65bcb4fc31614fe13342e79c264b425c499a4d874ce9be5ebe90e9789d9e54d,M,Data,2025,25-29 ans,Île-de-France,12507542,18.318,7.0
6dd120133cb0212302ea1a81415434092008162791a2ee6b9868d8feaca6e081,d7b5ffd67cf90c8950c7d7ac3295086360bf7562476d397fdddc01b668a73cad,M,Data,2025,30-34 ans,Île-de-France,12507542,18.318,7.0
80c6c6b4701d855d7786f36fd4c678ade9a1a41691b9b34fdbf238060c24f860,378def81371d5a76e0551af691fcb923718e25b3cb1070eb19ba698f74d4e0b9,M,Data,2025,40-44 ans,Nouvelle-Aquitaine,6181885,9.054,6.6
c60f1169604fd3c904e00238c0646c17e403cde0e5f3dddae5bc49e555f09c3a,27d0a85d9120acafcd0cf99ec02f745397fa4fad7621cd85739cb0452e3ef04e,unknown,Data,2022,35-39 ans,Île-de-France,12507542,18.318,7.0
4b26c97ba96e2505429424ecf3a0738c8a6bb029373619ecbc37ec73c3e7d938,2d74d26d8e07c75c4d5ec7575d35441d549bd90b19cb332f7211b1a459fe5095,F,Data,2022,40-44 ans,Occitanie,6165869,9.03,8.8
dd3d4b7dcc32db94b44fd1cbd18ac0caf67c3d24d6cbaef28bd99fb3aab5fb46,d595d02f514f1c01667174311751f011d6fad4c20fb01262ba5d77023b98aa19,M,Data,2023,40-44 ans,Île-de-France,12507542,18.318,7.0
dd62206e0e6a07348dda04e80c06b9f6ee6b837c1a681a9ece1b1ce8a31268d3,65f1eb722cf0ee029612b216afa3c66776ec0b5cac6b5f0d90516a4a45adf048,unknown,Data,2023,35-39 ans,Occitanie,6165869,9.03,8.8
36fd38004f126f28f1a78c241339c492151a3c847e11257cd563127981995815,fa7f7988195e91769229698dfde26fcfccdf7cdbd239980d8e21b745142acd91,M,Data,2025,35-39 ans,Hauts-de-France,5983840,8.764,9.0
739b630a4d7f4d11ac999dc9e9415e80b09bd283c4d91572a390acd8ac57c80c,e34e15b95eb76328cf078014a190644d6f8f32aabd3e5a0b24f9a48fa7d97676,M,Data,2022,40-44 ans,Auvergne-Rhône-Alpes,8238335,12.066,6.4
7c416e17f62ebd4f28ed744fc40f627c7abe0ede832001f7350ebd9039e7785f,13fe1e36f507543914a693603c4d1729310844559d16308efc5c38250f4ac1ef,M,Data,2022,30-34 ans,Nouvelle-Aquitaine,6181885,9.054,6.6
841183c28a4ca7684c2a4ed6fa4919e8f9613d118d01f8d9dba87ad6cc499e53,94c0239e184b83fc251532017e3572919cc422ab17ff8f2c080fa69291373edf,F,Data,2022,40-44 ans,Occitanie,6165869,9.03,8.8
38ee2f00ba89a5256b8078a62328c39145fa5555ece3a97bff5dd11f5b11ec7c,9d9b7f500e92406489c69a96806e708ac132fd449c348ea5ddd75c5fda5d384b,M,Data,2023,50-54 ans,Pays de la Loire,3926871,5.751,5.9
f9f9b6ef4e89d9fea3c73da7d3ab8499bff62cb4b16e22ac20644e69dc25172d,369ce07b3645b01aa13ddb90374cad26df820d1010124cb972a4a91ff897a796,M,Data,2025,40-44 ans,Centre-Val de Loire,2588006,3.79,6.9
6d39d0e0740a9cca0d9583f32cec34d87ff5d9d8e93856ddf6346f6847275f5a,15b45e90b3ac3b5f340093dacbb7d5a46495feeb585af3e7d412371aac5e6d5e,M,Data,2024,40-44 ans,Île-de-France,12507542,18.318,7.0
26e8b258acb4de10a363f6b06a022a62023a8405e4f9e34b34dcd3c45436a3eb,2d83d0a66717c14ff13cf616e54117ee393c44dc2aa13a1096362b5947f8d752,F,Data,2023,45-49 ans,Île-de-France,12507542,18.318,7.0
9d6491dbbbe4696470666420b57223a76efcc46b9e175995f6706389d3b16ba4,6e2430fab035f29126e53a5257454046854cc738955c0a60be768c5627839249,M,Data,2024,30-34 ans,Auvergne-Rhône-Alpes,8238335,12.066,6.4
64abd67545d0434d491dc1accb9b099ea53847d8b984a51947146d55ee92e190,89c4f2d1fa11b3a06e3d6fc6d51c097b898c41718dca4342b697b3880c07798c,unknown,Data,2023,25-29 ans,Provence-Alpes-Côte d'Azur,5252362,7.692,7.9
f4bcf3d881de4b347368b19e35943735cf46acae8aa9dae4768015086515ea43,ebadc07032d3ee8c1f2723022d558acdcb920cc8f7a125dfc9a6f6c08e2b2f52,unknown,Data,2023,25-29 ans,Île-de-France,12507542,18.318,7.0
7d15ce02eacfa59cdb40daa958ee25f21a1df58b0fe5316d84b85b0d83c0c7ce,fe825f1910bfe75c0eda06ae1444cfb666e6bea253a0515522b146dbf38ad0ff,unknown,Data,2022,30-34 ans,Hauts-de-France,5983840,8.764,9.0
54cbace021231c8ce8d29e733847996ef9d69de54d78da87070ebdfbb68e2436,2747858c04aebb7346f1ff217a2880e92c1a05c58ed96ea556c6669506e10a82,M,Data,2023,30-34 ans,Île-de-France,12507542,18.318,7.0
4aee60d5a0c04255b81adec2f27f316bf0b39b4b623783b6f1a3f2889f002ca6,f84100144381a0c0d2f7c0f302579496204e5084d384ea2e64e90e8a0d4e242e,unknown,Data,2022,30-34 ans,Bourgogne-Franche-Comté,2800180,4.101,6.6
e7ccc2de3309e9b84c76b9ea42bea7594287382ea18f26f27257c24c67ab0317,3a050b243eefc039f3ca92024a139945d4804ce7e6491dec77f0f8d235186421,M,Data,2023,30-34 ans,Île-de-France,12507542,18.318,7.0
2c0f8a615d309c684ca3777c599db1ad6e65c7dbb9d9787ef0d14a22d417ed2c,b327e3a36ea88ad08ae44b1b081076a74d55ebd9a36de290daf5b58859ba3286,M,Data,2022,30-34 ans,Centre-Val de Loire,2588006,3.79,6.9
40aaa93bcea8b24c1b290ab9ab858f994bf36c78e1d07f9c1c5cdd7ccffa1278,3b1dbaab1b215db653a5a9ceea4dc70f7b11eabeab2ef246a271a114bdedacbb,M,Data,2023,40-44 ans,Île-de-France,12507542,18.318,7.0
d0c41f25264299a9c7e83ffd3305579ca88009395620f17ae3bba6ace700e460,d67d62922b572de60fbfd072a060aef31e5b26e6019e0283e8dd0f313da7a7f9,M,Data,2024,40-44 ans,Île-de-France,12507542,18.318,7.0
ba5c6a694d0f5359b6ccd4e71b22da27e596611759863e4e53d2ec5b51896582,00f5cb25664522081a3e56703734dabcc2e48faf7e96102f7b694480d74b37ca,F,Data,2022,40-44 ans,Provence-Alpes-Côte d'Azur,5252362,7.692,7.9
0ee1dc0500a7ef060198083f94f5f93c8fdc21fc69e617835131686e3095707f,65a97b4aa62a1576a7d445a80b8a012b453777673dc991af147bca82e0c3e35c,F,Data,2025,25-29 ans,Île-de-France,12507542,18.318,7.0
04495c24a9d704cee08d0e06a118ca1ef76ccbd7a34147d79bde49b9e619b3f9,5b2aed13defb2921720292ad9aed8ffdd02fd10054d265804ecd534a9eb0aa8d,F,Data,2022,55-59 ans,Pays de la Loire,3926871,5.751,5.9
a55a0b7e614aca9aa59e76a1b5fe0ffa34ce7944bbaeb1b82db09c74e44fb592,4a2dcabbbadf951fa821cac8b994c903987bceaf350ce30dc7d32c682e864a8c,unknown,Data,2022,30-34 ans,Île-de-France,12507542,18.318,7.0
64508073763ac891af9cae5e5797b9a81cb82599c8777c51e6b18df1027daa5c,8a511b9a5a7795c3ae01ac5dc1c715a2e83e7778423aa24d8c01f0ec9b6d8e24,M,Data,2024,40-44 ans,Île-de-France,12507542,18.318,7.0
be0c96faad00f05a5ae2556583f854a5e340a8829e1dab5ee9cb14f91570af74,a79fd7e9a66e22d68119b7e0dbd58d6f5e61ae7af7548ca0b2e3976ce98bdb89,M,Data,2023,45-49 ans,Occitanie,6165869,9.03,8.8
be311aaffc561aae1feb814074955488f8d8d40357d19bd7db103488d4be3e41,fee929bc881d6c4f914afba37cde706b33ab0a449f4a27ee1cde6bd36c3df91b,M,Data,2025,20-24 ans,Nouvelle-Aquitaine,6181885,9.054,6.6
332a4357e1a249746e53a1cca67bf5100a87998fac33caac645d1daa396c8b3e,c5e8c5647fb24ac128d34b3830b97e53c22e819db37a6a73421b31f517d4d401,M,Data,2025,30-34 ans,Grand Est,5557457,8.139,7.3
1ab8b59e3c3e3114c7138c5737dfa89632d89150379f2aaba7a1395a4b28e927,796e00d9d7833f1eeacf5bfa2aa30190ff98d42f753b7b0e70e448e0bbc51d04,F,Data,2023,25-29 ans,Île-de-France,12507542,18.318,7.0
4d5cb5d275c6c7338ac10197b28b9fc6d45847f61007fedc9b112a78443ca7d4,b1fdb96b3bb8ff48eb26f67282d0eaa9e0a524c22e0d6be9900be0bbb6be7d32,F,Data,2024,50-54 ans,Normandie,3348960,4.905,7.0
d23f8754d965051090dc73e5e279d2645a508e8014c4ddab570dbe996936602f,06a42ad6a7432a90bae6513d83e48f2320949607d820838ea591c657f54aa141,M,Data,2023,45-49 ans,Île-de-France,12507542,18.318,7.0
86a88719b17cfce04cf7a49bfff8bd106154d95c9f1be66e10144a6a85a5b1db,c2811cf0598d2d74367757d98876795cabf2d40cc121229bc1e589160ea46990,F,Data,2024,45-49 ans,Île-de-France,12507542,18.318,7.0
6662f499f128af351000cb370f33d725e519090367429f71f4ec202d95685e68,eafed42dc29811fe154c8ed02b3e533dd2fa8d0c02d7c6757d547317eef70abc,M,Data,2022,45-49 ans,Île-de-France,12507542,18.318,7.0
581fe7e1e3e56fcf2a5a19c0d2eda0be42038739a43233019488988db361ca3e,00e3fe711e5d214ea71b059c7da0d27b38fead7fd7fe55812bb2c4fdaef9a0ca,F,Data,2023,40-44 ans,Île-de-France,12507542,18.318,7.0
53b3920b97257a69567179ff138c240aa40d224892491b8e3ebabff711c20bd2,cd8db9ae26153efa03577c354834db68a170e2501354e06bd59a9ce5808f8236,unknown,Data,2022,30-34 ans,Auvergne-Rhône-Alpes,8238335,12.066,6.4
f0858497751d3c83c8e8704c3de03983c92b024fc7074558b2057f85c08d26db,b8c83988202fd4f3332d86409ee243b1024ef20edb0fb4b4d2a64868a8d54e22,M,Data,2025,50-54 ans,Normandie,3348960,4.905,7.0
6209024b9317a53748a34b786acbff23e718fd9a4e85f4909e4b71b4653fe2fb,760c91757cba301b3eaf97a8fc8f7ba5342dd5d46bf5ed42bf11c78a4ea691e6,M,Data,2024,50-54 ans,Auvergne-Rhône-Alpes,8238335,12.066,6.4
188e549bdb602792f09421045735a72d39c229d8079160010709741cc07fa590,30a67858f9a9e91fd1b8725321eb5e0ab6102f7e1d92975f9b8be5f21468f7fd,unknown,Data,2022,45-49 ans,Auvergne-Rhône-Alpes,8238335,12.066,6.4
317a01e432fa79b4005c213e8bf43ab8aee9c00305069a2a8f9c5f20e80f35ca,6c40b5bab34a690c02bbe65bfd8e7d59ac186c55ef10aeb5ee63e0127ee29121,M,Data,2023,20-24 ans,Île-de-France,12507542,18.318,7.0
af2e939efbe0b13574ddc26b19d44a98cdb3d62a6a5198d3f7b31e8c80517080,3e3ba4032cb05d7f43e581cfe86cad2c0198b7f143652d8fb96821c9a38be1fb,unknown,Data,2022,25-29 ans,Centre-Val de Loire,2588006,3.79,6.9
31a140cbd2339daaf1c958c2552571bc73cced1ff0350d3b51145cb6dc586c6e,aec1b22b6f9a9d9ae51fb0f49b77efbb921cc5e47ba0f820dd034c4a28b72d9b,M,Data,2024,25-29 ans,Hauts-de-France,5983840,8.764,9.0
487f35bb5ac41f41c19497c876073480400bebeabb0ebc5592f02ac81a15edfc,958e7ea1131f4569f20717730aa8fc4537b796a56562dbe75da4be083291845e,M,Data,2023,30-34 ans,Auvergne-Rhône-Alpes,8238335,12.066,6.4
d64df6e8b2ead0f1cfe38a4a6eda5c1a1f57a8a49694434634df407668403188,8a785b830b0d9271c3d558df9acb46f7c3dfb5b6035b698328f7706570ea8162,M,Data,2022,25-29 ans,Île-de-France,12507542,18.318,7.0
c42e5d4cde5ec1717a1b950dd62bc96633ddb55f1f2c97fcf390b70dd7373445,f15225b7919637be3838a2123318991e07629b65d12be64397cc15671a0b4c03,M,Data,2022,40-44 ans,Île-de-France,12507542,18.318,7.0
5323ab615b81847183d6b672f11ccadeee8587f0429926cdb4624fe9633bb1f3,e9f39a0909ef034fe0c88c33ae370b2a2f84d96ccfa47efc73f67644a402647b,M,Data,2023,25-29 ans,Île-de-France,12507542,18.318,7.0
b6935d66533d06359273bf32dfa27da712adec08a95c694f9709aa3a103f6111,adb2944f0ceff1cc400cfc35ed4136f2d001d4fb0c7786fd5e6f2d0275fb9def,M,Data,2024,30-34 ans,Occitanie,6165869,9.03,8.8
d08bf78c4ae8496e9d85dd00037b03770537a592cf1f80f176ab3da9a1974788,95eb752b8ac604b38f9d1084925fb76f15e1cdae3e4688e4d57db0b66d567efc,M,Data,2024,35-39 ans,Nouvelle-Aquitaine,6181885,9.054,6.6
dec70cedfdc73b11568d2f7f13639262dcf1686bbb0d36a4880640a66a08d5de,106248c5fbd97dc7284565aa0034599249625e2d1fce0c6466e0aed062e92d44,M,Data,2025,35-39 ans,Nouvelle-Aquitaine,6181885,9.054,6.6
2dc596208542a695a83c6d210222bdf872669dbe07bf55f56bccce2abd6446a4,a1dd5197f05093020e1a84356e91d610fe78df22daee9028ed582510594bd647,F,Data,2025,30-34 ans,Pays de la Loire,3926871,5.751,5.9
85eee0a4d48e9e74b23f03112b88aac286e6389d92164ba68e1f28b9dbdcf1e3,886350b662138cb647f14e168f351e80d8170a92ef429c80acbef1d7d2b2a197,F,Data,2025,30-34 ans,Île-de-France,12507542,18.318,7.0
5b4bbe72e894bf6f593774dce2d98eeac8a18cb7966376729cd3e9e05866f000,4dc941fcbe303444530a7bb34e53ab9f76014972e738786833ab2977253f85e4,M,Data,2025,50-54 ans,Normandie,3348960,4.905,7.0
25638767345302e60a9f50ad16828f617602913dc46a8e14c95b6f59bd66f94c,0a45c702c8bce17bdc29cf0d24cb468b7f41f46ba980d7bb7ed83c93bf3ad363,M,Data,2025,35-39 ans,Île-de-France,12507542,18.318,7.0
a97c2b7b684885dc63c21c4fd4993677855cd78039ae05bd47d6c7f220ed8a14,0aa963a60a1ed6856690ecac277cb24ca914b1f5294e3ad3814df3a3e8ed3d12,M,Data,2023,30-34 ans,Île-de-France,12507542,18.318,7.0
d215a48b6141a2b45d755a09f45b4d00034074d8d1407d8c407679010207e744,f1a95a66e4138a34a1cbf8d43cd3ad2dc004f0293408ccdaff68b5bccfeffbef,unknown,Data,2024,50-54 ans,Auvergne-Rhône-Alpes,8238335,12.066,6.4
a4041e87e9b7a1a8095313753c44edbaf0153e8e2f772c88cab6b763999ffab8,fc6b8798dc43941d59f59abf1382ff23d4e645b6acb059c06bbb7f234dfb076e,M,Data,2022,45-49 ans,Bourgogne-Franche-Comté,2800180,4.101,6.6
d7692f74dd3639ba157edba47fd5548d3f7f941cd96ab5c042429e6432d91da5,27a10ab8d32e52eb2fd4d0b7393b408939704bbad3315de9d6e6f19fa002d6b9,M,Data,2024,40-44 ans,Île-de-France,12507542,18.318,7.0
6760d7c4da9f1d517a2e8f44f069f35c7c2ef49ce39f380dfebd3c4f660acbd5,19a2bd748e289ff82da32263494addb3e5627a72e402aed41880b15fd1512150,unknown,Data,2022,35-39 ans,Hauts-de-France,5983840,8.764,9.0
150437f1a78df5039a1f3fa50e41a81cd72cf84bda6518f170c0558a09cc5d3c,02d885bbaf69f1cb0734115241cf7a6bc73ad4fa23c9c1a04a1dfb3827e712ca,F,Data,2022,35-39 ans,Île-de-France,12507542,18.318,7.0
b6e8ad9b374d0498b1c0483553dc6db15c9ed61d58af5927deec4ee7e7be7605,9565fb8b83b55259af36e4cde9fbe7fc2ccfaf9c653c04b0f6d877197d0ed967,unknown,Data,2024,55-59 ans,Île-de-France,12507542,18.318,7.0
35ea9f3ca15df365419c661ef277dd62bbdfe86802db4ea757ab1747a4e8e1c4,725266dcc30a585d0b0d53e504a9c5587dfe2ae88830fe0e536eb94f9af71865,unknown,Data,2022,25-29 ans,Auvergne-Rhône-Alpes,8238335,12.066,6.4
43247fd389bbfec7dfbb580448b398b13c63344cb9ade7a7fec13b021ddbecc4,0f7a9693e771d1422b4ca67de5b985ae7e0cbeed339eafb0da134aefa248abb4,M,Data,2025,30-34 ans,Auvergne-Rhône-Alpes,8238335,12.066,6.4
a300467ae0bd62ef6f00107af7bb60eb4d2b1d431ae0507952ec012e005f4a94,1f7670bbc222368a07b856d0e91927e06ecab387468bf7de67857e07c9d5951f,M,Data,2025,45-49 ans,Île-de-France,12507542,18.318,7.0
ad53c5005cfcc0cc9c9243dbe0a36b5840e6ab7b42417d252e8e28857e8c0f67,846d9182234002e8ec8a5836c45d897bd2e95d3c8875bcb83fb3ea86a98be101,unknown,Data,2023,55-59 ans,Île-de-France,12507542,18.318,7.0
2722a1f4f8561f955701fdd026d820b59a1b165a8b77c10fa382d7bde95939f0,546a24a6b1045ea917cbbd00f6dc14a078f652c8fb3f5bd9d5c2c42bad829f4d,unknown,Data,2025,25-29 ans,Île-de-France,12507542,18.318,7.0
a2aa983c3fcb86ff6b6586257706a0089dc2b76db986e048d8a63ec1a99c6579,497101d654c1ac1216a9586a934745d98b1c3d74ba4506c96ff4d9cd0202f76b,M,Data,2022,50-54 ans,Île-de-France,12507542,18.318,7.0
ad319531ead45900e6308e3a782b61d9c90a4961a6bdbd697720a84341cc74cc,0d3fdf56de6ffa71eb08608be7ea012a097ecf1111db298e2da14a883ac83054,unknown,Data,2023,35-39 ans,Bretagne,3469711,5.082,6.0
8b894b1ca1dd4aa7b75e17e5b26eaf5c2765d83ac58fcce79ff42b55a7b6ee14,d4aa64f418c56c42320c9864d474890d35c141fe6cb8b397e0282a424925445c,M,Data,2024,30-34 ans,Île-de-France,12507542,18.318,7.0
a36bb34d3d262b95aaff2071ca4e5c48fadf5c7a0f53f8b44e0bdd24455e0894,ab068cd8d904cfdd9b2b2bb4d4b23d4ecbec84f23c451e09599383cc38499289,M,Data,2022,35-39 ans,Île-de-France,12507542,18.318,7.0
5f2491cec145cea57380bffdc5697ab943ec83732a562e3cc4ae8bc2d93f8d15,4c7ce1c5ff80571fda2c9a75383dc25ab6bba6dd8d39f3d7c10d82ec111dea7d,M,Data,2025,45-49 ans,Auvergne-Rhône-Alpes,8238335,12.066,6.4
ce9b7935a6bf43d4fd441c8349ccab48cd7792931b0e38eb48f0f4ea1b078ad8,4f68c76dd440dc1b3ee7c687d97ab00fa2a05f7b5fe97671cd4a5edd981cb6f1,M,Data,2024,40-44 ans,Île-de-France,12507542,18.318,7.0
f7cc53d292d99a32bc3572f9b4fc30abb9c6bf9941e2fa2e5c83e0192147274e,c0efc22604fa0cca61fd6b0afe113299ed31421330413d2937a2abf6fd9510fd,F,Data,2024,30-34 ans,Pays de la Loire,3926871,5.751,5.9
feea745a0b1e7fd0e2c07a189e69aff22bc147e7a3cfe366dcda4f4b753c41b7,e1fd646aa3005750451b4732d9d803df95046f10657229584bfd573cc13f53b6,F,Data,2024,25-29 ans,Provence-Alpes-Côte d'Azur,5252362,7.692,7.9
b7eb97936a2b25b3f15dcb00133be546b00981790d6f34f05ffcad9a6596855d,4531141a8da14abb3b52f90475337d35d88ae8096c5a82a865699a8d6d916004,M,Data,2023,40-44 ans,Grand Est,5557457,8.139,7.3
ab29b81ca4ff0a1d186cb26d88a033ae9ed93695fa8ef7324fb84c4cc6e97e7f,ad16b381a7d9991ac1cd27ea426fddfa398e21eac97d403da53e68546f4373cd,F,Data,2025,30-34 ans,Auvergne-Rhône-Alpes,8238335,12.066,6.4
b08f0e7a5130fae33381edc83cbd12029cd78ca12c31dff2158a68f953474626,523e8c50cfa22e07c7ba597acc90ec251e1113d4cf861c9b772b11b5303721a7,M,Data,2025,30-34 ans,Île-de-France,12507542,18.318,7.0
eaf663ff0d2cc75435b3523adcaca26872ec16e626852142a5756fd6e9a7c80b,109387be9f1535b1c50f36f0b74a5eb7e3097739d2ab772ebfb135cb3b6c7a7d,unknown,Data,2022,50-54 ans,Hauts-de-France,5983840,8.764,9.0
66e5da08e30377be5804acb9a91963ef793bb33042e3d3b8f327c0f362a478e7,263c073f59857d8532e6b02054c4c7c25e36bf88996db41a81f3c0f85d8f666a,unknown,Data,2022,25-29 ans,Hauts-de-France,5983840,8.764,9.0
759e665190613a88f4f0a9c95fa020b59e3b273a1622660307238abbb593fd28,87eca9b85666013fa848839ed3dbfc9e185ff2cf39d313dc968be206451926d2,M,Data,2022,35-39 ans,Île-de-France,12507542,18.318,7.0
09612aa24494e1f52d9258162a6d4e9b465a2f22ce41d0abf0c997d02c153993,ade2df8ff04222e72dacc4a04eff29885c8364db1fad8bb690ad8d30c2d2343d,M,Data,2025,20-24 ans,Île-de-France,12507542,18.318,7.0
d7f3d8566717046bd74ccb07a23e5106ce7e6b2f815a0bd8d7d74d8621f1edb3,31950864e3ec89c198b389f7be345186c8c1b6dfb69ebe39b96f08e98a4da12e,M,Data,2023,50-54 ans,Hauts-de-France,5983840,8.764,9.0
097e14b6ae9138645eda6e2c5e3ab92f964b1d0524870fdf20149ce20ec3741a,0d458349d98ae31d0eb6c2e1b4f9a35a502beb12eb4089d56b4ba0d484e2ee49,M,Data,2025,25-29 ans,Auvergne-Rhône-Alpes,8238335,12.066,6.4
20d9b057a264c5f85934971dec5a3f7fd592cd443338067c55a4e7d6614efcce,81eb7e9b7cc8619f63f22f51c82c96e7932cbe1053bb06b9d038193dd9c808a7,unknown,Data,2022,50-54 ans,Île-de-France,12507542,18.318,7.0
0f42c89df9162a78d1c23340148439f39f005d952b99c14c20c9409aa8491f32,ecab3c2ddfc898b33988df1499e20d78a4915b297fb80266a29cea160a0ce932,unknown,Data,2022,25-29 ans,Île-de-France,12507542,18.318,7.0
a25198eb57c78ab1f5ae5a77ca6d24fb47a5d64ff7fb817a0565295c35f6aa55,95da83e80ecd02b9e3c49ac1ce3dbd25a7257875b10e2db274e7291259df5725,M,Data,2022,45-49 ans,Auvergne-Rhône-Alpes,8238335,12.066,6.4
822250ad96750e7cce76ec28b77ae1002a12f658fe3106139e18fbc20640b3f3,286d4c268bd543cf0b6bc7f7c0cdbe198b3c31b5c56bae37cd1ec456e0ce2cbf,M,Data,2024,25-29 ans,Île-de-France,12507542,18.318,7.0
3b0e500869b48144917c4d6d16d0b6799c0338fd9f35c7e1f93da3e390f4bb56,062debb8779f4198f229de7b3f3d41abf5a12068e9d7dee58247581f4103000e,M,Data,2022,35-39 ans,Île-de-France,12507542,18.318,7.0
71c21a5c24b39414e1e24525d29dc09fc415a7317d905967442eb765b0e9caa9,dbc6184dbbab9a5a03c4e8afbd16354e82d600938c827fb9dddbe204f7f70974,F,Data,2024,35-39 ans,Grand Est,5557457,8.139,7.3
e7314eff6e6cd814154f5fd0f5d72c6cb72060f28aec8e17e44141e538466c70,e99371170a5d5f7094fac4cab331a12a87e473c8d46f3cde51a4b52b2a71c1c1,unknown,Data,2022,30-34 ans,Île-de-France,12507542,18.318,7.0
80e3121d09023d688641afa00cad28364f9017a72376858458b05e37a4377a32,40e406e57d4ba3d2b5ea72d0b18d024d0a09ee83a8e877bdbed269f9bea7b59b,F,Data,2022,25-29 ans,Provence-Alpes-Côte d'Azur,5252362,7.692,7.9
d4856fc3f0155b42ad771721e364995ca7e15d3ed6dff0c78a091c82fd2d7704,03ce2c6d386511f692545962c4853a088749ca3f6b47464a2413f7e978c6e07d,unknown,Data,2024,35-39 ans,Île-de-France,12507542,18.318,7.0
7a7f965f86757601326f06ceb011a532466f17060d4062387e775b62f83507b7,5bdce7a31cd34e98f94b5922801b2a9c12da7ae50600950f2a35a66e9bc8f05b,M,Data,2022,35-39 ans,Auvergne-Rhône-Alpes,8238335,12.066,6.4
a191adee8422bf8d79c7cab96cfcf51f8dede05441cee119e11e29fb7f89c837,1fc15842c9a0e4b6b40c098d354c076270af4f9dc5a7231249052d65f3e1b809,M,Data,2022,30-34 ans,Bourgogne-Franche-Comté,2800180,4.101,6.6
290510d91162f76a68005752a28f8257050f5d65460b451dda780a1bb4c9941a,3d317751b0737dc68d652b04879aa3de8736a3aa4babe3093f2b4c04204a7159,unknown,Data,2022,30-34 ans,Île-de-France,12507542,18.318,7.0
fc956f5bff4982486b0336c77a1f46160443d169f5acd6adbe33b7d4b99b177e,8950e1ca239aafa5b4a4955df3fa4f874d2dc98d1af8540ac35d28f4f136fdd4,M,Data,2022,40-44 ans,Île-de-France,12507542,18.318,7.0
51dafde7a367c01ba24fd5b7e6af13f93b7978432f4cb4ea7dde3495d702bf1d,22a745cb5eb4ec68861260580d1ed67aa644c918ab37f04e99171200b9cb59c5,M,Data,2025,35-39 ans,Auvergne-Rhône-Alpes,8238335,12.066,6.4
711d2a010dd785ee2b2f85fb01aa90cfdb220381b1fc3d815baa77262cd9d958,8960dfa60052d9abf2688e7f899acb86b75f4c38d767cdf35f001feb1a08950f,M,Data,2024,25-29 ans,Île-de-France,12507542,18.318,7.0
3de6f4290befb941accb69e8680acd84d1a1ac5e1419c8d674971ff20566c259,0294e944ae157850a3e68591b3bb9f37951fd2377eeb01522f15e2fa818d8a71,unknown,Data,2022,35-39 ans,Île-de-France,12507542,18.318,7.0
40e3ba2be93eb7b3fcec550943d63545c5eac5e058d957bd182f338b4abaa89c,972a67d2946cf20f0468b5078ca187da6ab72459b9086cc4c1c17a82a437181d,M,Data,2023,35-39 ans,Normandie,3348960,4.905,7.0
b53a992a5b4db204dff6217bf765b9ecd23db032ac5491a242cdafb469733d2e,7f3060d9fd356f26a9539f0b97cd540b223f5337715239113873b07339877eed,M,Data,2022,45-49 ans,Nouvelle-Aquitaine,6181885,9.054,6.6
a41e8e47d44bb693828949fb2fe13a3decdd888980eb55be42966e10cbe4b915,5e77142f2d0d8b84700c955a2d7d29f40cd7934b342ac1663824dc81db0b438c,unknown,Data,2022,30-34 ans,Île-de-France,12507542,18.318,7.0
c7419b89e3f37ab1b20a2d6215c7ac112f213e877d213301455a616d688b3601,ea9431fd8dd0ad3e70bb14c56309db9be51cb3eb6a028141b809990b560cba2c,unknown,Data,2022,35-39 ans,Provence-Alpes-Côte d'Azur,5252362,7.692,7.9
c24357e413d9082a078dc309b619b67bbe970d1c8d44d738e3589c6a64c21590,d59268e9e19103e5da0aaf24dd75df3376dc3896e3dafe3ed11ac7f020a6a53f,F,Data,2023,25-29 ans,Grand Est,5557457,8.139,7.3
40aaa93bcea8b24c1b290ab9ab858f994bf36c78e1d07f9c1c5cdd7ccffa1278,dc1fab4f0796e58b880ac027cd7be389140d343a8d65f06a3493f47342e1ba14,M,Data,2022,40-44 ans,Île-de-France,12507542,18.318,7.0
0e26f6a9ca65028fe69b842a67696fe693e3cbb981cda9493ad24a063a9ef538,60704f617bad05b24b2b305b71419de6f2d3537cf55203eaf9e86b7af5ea07d2,M,Data,2022,25-29 ans,Centre-Val de Loire,2588006,3.79,6.9
59f7db2299a674e45cc8ab057f807f15e5865f4199d9995a4edee633e4bbb8e3,c5c9ae3b1b390b088719b1c1568faf3c2ccb9702c82b31a904d1018be18d1c87,F,Data,2022,30-34 ans,Île-de-France,12507542,18.318,7.0
04495c24a9d704cee08d0e06a118ca1ef76ccbd7a34147d79bde49b9e619b3f9,07ba163a53334260e5c607cd6a5f5e1dc63bb3a57f0b1cc2cff646fe4dd48f22,F,Data,2024,55-59 ans,Pays de la Loire,3926871,5.751,5.9
317da3ae50e826e49c2647c6d7be3d453988f86d92945ba1111d41a44fdc175d,a04cfc3cede84ab78e9534c23f86d744d2092cc4841aee5e41e9d6ab0a57483c,M,Data,2022,30-34 ans,Pays de la Loire,3926871,5.751,5.9
519e164596d052bd07f72570b02b88383e72549eb034c10a88f4d95d4828ab57,98f07d57988a906347249322043653d340a892dbbeb297e8345f335bff663849,F,Data,2025,50-54 ans,Île-de-France,12507542,18.318,7.0
83365115be61b0d655a2e2dc39ce8a5cb42e0a556279df2ef0d97fe021bec555,321b17a0cee37280a3aa6d826a1c626fcf66c6d7d0398b0abdf80fdc3be3be6f,unknown,Data,2023,25-29 ans,Provence-Alpes-Côte d'Azur,5252362,7.692,7.9
bc634a77c184d53b3f92cfbc2e409f3f20098b39df9d3b5cb47478a47bb5fc13,c117b835e1d028f2830ae2159d4a43b758704d45728af8623ebab1ea784cf2e8,unknown,Data,2024,35-39 ans,Île-de-France,12507542,18.318,7.0
239e30d88d77fd3a923117191cf88fdbbf54932b746ba35e5d234fc3bff49ad3,74ecdc4aed3c6cacac6ab9c6ed3a12322708e99dd93248d399b4ce53553b4b3b,M,Data,2025,45-49 ans,Pays de la Loire,3926871,5.751,5.9
3a25814942df8a68577c52a920d3c0fda32351acd5e1721a959c3cccaaaf222f,946d1cf9ad40668b5f333981a6bdb0d6d5c1d32ea633d33d02e26b4a57d5f744,M,Data,2025,20-24 ans,Provence-Alpes-Côte d'Azur,5252362,7.692,7.9
06d0ea7888ed14702762009dce47b7f79a78d3db8073f5d35d6a6fc5765ecd6c,bb119c24936efc125213708f71f0ce08ac258d2d1a0ab5a0300a731a89c3f7b2,unknown,Data,2022,50-54 ans,Île-de-France,12507542,18.318,7.0
69cd0866cf435dec00792a60f47f1237f0addaff655d49631fe763bb3e496c37,3b1af675e7685d9593e6fb8f1e9caf17b1527cf3ede12eadf04f1a563cea82c0,M,Data,2024,35-39 ans,Île-de-France,12507542,18.318,7.0
b6c87fab2d49bcce8d339c8bb49de26ebce42c1999a7a5f7e463b763abbaaed9,e4eee71a891d5f426764c897d266cad8b2aae20190595521d4bef9f6be3dd0bb,M,Data,2022,35-39 ans,Grand Est,5557457,8.139,7.3
3f13f9642c266da8aa7ec7e98c57dad03b04bcc3cfb67e53c7fde982fc5e9e85,4d31be18b55629d20a9771d05e6fbb760e9987a8d16c50bf0efb1e631ba46387,F,Data,2022,45-49 ans,Île-de-France,12507542,18.318,7.0
406adc2db117b52a6b2a0c8b7627cfb5200efb2ae4cfc9dfc5dc05b1a1c890a5,e857b307a7e5d249b9ace181eeb8eeec44995cba4d4635c55b016749f7cdb56e,unknown,Data,2022,40-44 ans,Île-de-France,12507542,18.318,7.0
9fdd4a5a7b793a03401f850f492b9fb20afdf4ff7662c17d67e707c6781449f5,a537fe0b391816f96dfcf3139e9087d45a73f3b9613cfe501bbf4eb43d204208,F,Data,2025,35-39 ans,Occitanie,6165869,9.03,8.8
93fd0f65f0c0232073c3eca573b6905a7483b2d5da6a267015655acf7ef5dd84,728b986e7d5f24d4f38f88fe441c8773f28cb4a38db55da1cb7331f83e75a548,F,Data,2024,30-34 ans,Île-de-France,12507542,18.318,7.0
277e3703f08c4bdbae156960d50a25ee84ced5c77b7caebfdff31412276e04d0,fbd77c81eee4c289cf41e23a20ddfafcd1a1e14b1495c195c21d73cee4eb1e6b,M,Data,2024,35-39 ans,Grand Est,5557457,8.139,7.3
b27ba08e01a8a3f8b08136759e009b97b2f1428060191edb9c9cd5512b2db4ec,cf1c38df9157049cf7599dfb39730cd0dc2a249a157f64b42a46ce7ff466013f,M,Data,2024,25-29 ans,Île-de-France,12507542,18.318,7.0
029f27edb16e3ac168378a35e10da2d48de1d8c9468d3383167860c74ff2896b,cfd9808882c63332c3c07d3b8a296234c97e180a252ce95c86d95260cd36ffa1,F,Data,2022,35-39 ans,Auvergne-Rhône-Alpes,8238335,12.066,6.4
acb15102d608038416ab79f1acde033304d39c806a4df73e6b51968ce013c760,44b550316a59cb10f02e14166ae1254fa49a1d0552d49cbe1eea6aaab65bd79b,F,Data,2023,50-54 ans,Hauts-de-France,5983840,8.764,9.0
809d9c9c9ebc1aedf02b17aed17b08de472a6a5812b1be05a6c6badc84fd80b6,29bf39d2ad97a0a83bc50597a0fddcb5cb9c39a4332198198040be0d49e56806,M,Data,2023,45-49 ans,Auvergne-Rhône-Alpes,8238335,12.066,6.4
de5cea804ea1526fa83db17da5c6c9c4d534af7000f4df3d170eea757743090c,fba21ef91af2e0adabad0c0e3d328ebd920f0ef4ab536e6fb470e87be70ce1da,M,Data,2024,35-39 ans,Grand Est,5557457,8.139,7.3
5981938a3f2eb60b5b4660f5ec28af53ca0b244c88973dc0aa3037bdd49aa860,b24aea7fc1567b89ad495d907f97f9dfb5fb2758a8e3bd55879048e3495b7d73,M,Data,2024,35-39 ans,Auvergne-Rhône-Alpes,8238335,12.066,6.4
f50155ecf406124df2340f6c30ee3af829aa2e48202d6836b08c829ba86cd5c4,a9adf2f2a3b23c840effcdb3b1bf3a0d4da576f1b7331c7241a81154104ca85e,F,Data,2024,25-29 ans,Île-de-France,12507542,18.318,7.0
42a4ff0f217954ffecea8e3b943f6dc443a9675fe9a6875720cb809d7897eff9,00a44e05ccbac6e67c7f75197a3034544e4df1f79f3b64bdb96c842c5a1e0ac7,M,Data,2022,40-44 ans,Occitanie,6165869,9.03,8.8
050a2109f06775a8021fe53a65b78eab1eb0eb2935924fd1649ae99833865792,2120fd3e0a2add5d490a8921bc0ffe027458406f07a434c061111389e4f6d605,F,Data,2025,25-29 ans,Île-de-France,12507542,18.318,7.0
e3d86d7369722f620b28622c0662069e5b1ce9a364278b31cc81a78645c4f96a,002a92f32d83cbc717f325d0a5e5ee90a83629e24a2a0e6f72f3f84ccef77347,F,Data,2022,30-34 ans,Île-de-France,12507542,18.318,7.0
c59b93a59d5a73728d5719e1b6a2b2a66d05276acc5420ab67ad6559a48bde00,f7b82fa4ff03dbb70d84f3b9df69f13dd7ba9c6cfabdc8b12087b08ad6c9ec62,M,Data,2022,35-39 ans,Grand Est,5557457,8.139,7.3
e08fadb9f4697e8317225046e3b225edd35e7c91f08f32cd29a9fc1b89d7c2ad,376f39494e1de6e58ad03733f344c792f6ed8e69f1c0f254289267223909c6df,M,Data,2023,25-29 ans,Île-de-France,12507542,18.318,7.0
d9f75bbb8bdfe2fdcbd6f6a628df2d18a0d40cb8af8fbbcd6abe9e8423db7ffa,1e944ed76e2c01b2fb134baea31aa0871037fbe01be136e3f7b9d18b022c3b23,F,Data,2024,25-29 ans,Provence-Alpes-Côte d'Azur,5252362,7.692,7.9
1920dcd18ac75e59fc7cbe58b114dc29a38fcf7fa27f96f80cd56c1469f6972d,aab634823153362ca9558e0997a9c21c3b0df4cae0d85c2f5d4df8bcf2c244a9,M,Data,2022,35-39 ans,Auvergne-Rhône-Alpes,8238335,12.066,6.4
7f467f2dfbed4f145a3b5904db0fc522fe9604cd4c58e5844a24018b9a348daf,e6a68d217f57264d8fabca56b578d5c081e73b0dd7d096a94bcaaa07b8ae700c,M,Data,2023,25-29 ans,Île-de-France,12507542,18.318,7.0
3c50a39ed59ffd8a5e81472c16ddc737c1f55d9e33d991730694258054e8169e,ce228fe102676bfb86c939188656f850fa5d5136a2356ecb6445a4dd3964b47e,F,Data,2022,40-44 ans,Nouvelle-Aquitaine,6181885,9.054,6.6
bc1edb907034b3f2f942b2357f6fe8367e04a23ffc0c75f3fd80c836b057fa6c,16003cdaf7ed06d10d54d09f9e80a4f5178c8808a6dca2a4810bfffe6ab7867d,M,Data,2022,30-34 ans,Grand Est,5557457,8.139,7.3
613a84410eefd123d02b203502f21ae055665c1ced17462c82a8b12747f17055,d4f32a5afd3d6ddb6a2cb143eb4dd1bedd55216b5b23da6bb0ab14b7a6a67130,M,Data,2023,30-34 ans,Occitanie,6165869,9.03,8.8
a0ed58bea6f478160c0120ae086f4c97df891fd00369474ecb1cfd069f08006f,f5cfe25c1a0652856d2ce05203e70d6cb5c2c7157c875f5aa5d27a6a157ff9f3,F,Data,2022,45-49 ans,Nouvelle-Aquitaine,6181885,9.054,6.6
e9873ca47237fd6830eb65f9f84dd2cb4467b2228504aa39026a24e6c2cd7ed6,8eaa98e417ad71fca6840fd552f6f1383b22caf925fc94a3148527318c777618,M,Data,2022,30-34 ans,Île-de-France,12507542,18.318,7.0
2320ea1cb38d47107c14ac4a13df0964d70561305ba5b1021f3b7bc48b9ed3f2,ed27175a0cdb6dd9a0f67b86a3ad11534e4fd45d861dd3578d43772805547b47,unknown,Data,2025,45-49 ans,Nouvelle-Aquitaine,6181885,9.054,6.6
33e46679218f3c82cd7f59a5fe5941c193036424a3bf88ee5f5fbf2f13f943b5,ec475d99e632be786cf7d479eb2330851ea7578db6e8920f4f81ad2e71851cf9,unknown,Data,2022,45-49 ans,Auvergne-Rhône-Alpes,8238335,12.066,6.4
93e9434d58d56895b262f7cdbec8da96445e6cda5f440b32c809daf365149bc8,234483583b69bea52ef2fa5b68fafe97729e6b8d0ddccc02998f113235b2ca39,M,Data,2022,35-39 ans,Pays de la Loire,3926871,5.751,5.9
4e8e568524dae373f4502312af24c92043ddc95f080372a129e0e84b88e161f2,0e1a2f7a985955550e79e2de39004db840e0e03c2937df5990733464fed8839d,M,Data,2023,30-34 ans,Île-de-France,12507542,18.318,7.0
fa59642a9ce5694bee2b53887edb813c19253fc0c5a5b1e6c873036ffc390267,5c14ebc1a43bef19abc38d25c8dc75ec3bb025269e371aae10e6ba91942536ff,M,Data,2025,25-29 ans,Île-de-France,12507542,18.318,7.0
079b264b1d72b84f5e21a58828e136f919a6eb0014efa7259ea65d9053e853fe,46adace2788913ab3f4f068620f15f72c003ba1c34e0002e1812538dc7b507e8,M,Data,2022,25-29 ans,Occitanie,6165869,9.03,8.8
46f3936c0a67a86e751bb562e0c0045f57485dea083e8e45a56b48d61f0ba522,8c9fafd2c4cc0f3a5e734dbaa0116898968a8c19fe9453fbb8782a61444debbe,M,Data,2024,25-29 ans,Île-de-France,12507542,18.318,7.0
6f38f76336fea8a04f66dd3a0e8ee1699991a0a46956d59dd41c31c0ae6eacaf,7d69c07f6c92cbdcb2fe7d6cf4d57967cdf9d3f62d43a1dc959e63bb31517297,unknown,Data,2022,30-34 ans,Île-de-France,12507542,18.318,7.0
0672d2aeca4a90cc730750cfe059eacbca8117f4aa04c82ccb8939556d0c8453,727c3d82018446507825c451179bf3afdff2d1962f5fe9ec3016f43b7a23d8e5,M,Data,2024,45-49 ans,Bretagne,3469711,5.082,6.0
71f131dd026bf66d44aaf2dd3c1de86b92c38a6830a82cd95fb44989289fc07a,0a614bf30bfa1f6d626388f8a546166f6096e41b792227270f5a9032f48d7fd8,M,Data,2022,35-39 ans,Île-de-France,12507542,18.318,7.0
8d4adc24129f96d4b853762aa397de8e6454d980d9f04eaf58e4db938e0525bf,c0bf9a11d9ee6bbec246f0a46591f29927904041c35b4cb698fc8cce758f73b7,unknown,Data,2022,25-29 ans,Île-de-France,12507542,18.318,7.0
8e3fba8198d4b04ccf291ff6d2d6f3fffc92480b755b4d553379237cab96d89d,fc2cdfa161882ac0bebad7ebf61dd685e5a4db055271439ec2ec0c212a48cd48,M,Data,2022,60 ans ou plus,Île-de-France,12507542,18.318,7.0
d4a51f737c82c412d37f3a79b019fab8bd5769d2d55715cec75f671a0dfd4f7c,0f5e6f727c46792daac842a369240d1c263441c7b2eef3a6bf481953556c50ee,M,Data,2022,25-29 ans,Bourgogne-Franche-Comté,2800180,4.101,6.6
26f8d0deff9409c7cf5abab9a36f768f9dd9753956a19f0ca6f6cae125256c36,35e5edc27d1d6ba777ea665352e28d44f17e517c421d8bc128e1be4ce099f502,M,Data,2022,45-49 ans,Bretagne,3469711,5.082,6.0
a90959439a2dfad94d279cd4b121af3563864d803c8034774c1f220806e62cc4,e90ae27a37b34bc5d910019802f87706acaf01adeef24752fa3ccfa93828c857,F,Data,2022,30-34 ans,Île-de-France,12507542,18.318,7.0
1cd420ebd42be842bdf642d90f9520eb352b1fd78cc251c3bd0a57a75991c5c1,e3f704526327bb6511f52084e981d3926932cb5a0c2ab7655ea0a8d6c899b697,M,Data,2022,60 ans ou plus,Provence-Alpes-Côte d'Azur,5252362,7.692,7.9
10a32be217a7dddf208a3f9e3c68b94596e556396b3ba9ab77307ec0db284c60,6349cfee3cfa19203fa97ca878712008190fb0e36afd2b41c1435fde21604a5e,F,Data,2022,30-34 ans,Hauts-de-France,5983840,8.764,9.0
cc66a968db7d74c6f06d100559e65d2aca8f6ba187c3c715869da98f4c598e6a,f32534316973ed21d25dcda74620091f7e2117b152c05e55f3e8eb52948efd2a,M,Data,2025,25-29 ans,Auvergne-Rhône-Alpes,8238335,12.066,6.4
2c62f31dbb7a0c31aeb3a662d56c27adf23fc5356c6301ac2f5d706cfd9e4389,51f5b0cc0e119dc1141a54c592d81e22c0183f91c8a709812f89bbcec7acea6f,M,Data,2025,25-29 ans,Île-de-France,12507542,18.318,7.0
6f28fcd2343e29cc65e6c27ff95248bd630a7d9928b8004b43c21f32c0c53b49,f4ecad691e5ddd9d6f82bf1e867cb7de18862ef662d91c9c397d177682a3e8c2,M,Data,2024,30-34 ans,Pays de la Loire,3926871,5.751,5.9
5a9d5045014ba6b5d93007811fd03922bbb3cedba3f94de1cf6e8e91790e9bf7,d02495569dfe5e0071f92820bca290eba009f4ba7001fcdc13eabd19df1c85e8,unknown,Data,2023,25-29 ans,Île-de-France,12507542,18.318,7.0
1add47962f86dcccaaf684021b417945f55a1af107a7bd638dae577b6195a723,8f37da1e16e27aa0ece018b67353c6c980360ef5de06094e8a614c497eb9df33,unknown,Data,2025,30-34 ans,Auvergne-Rhône-Alpes,8238335,12.066,6.4
819990e9ab6b3fe787abad55550cd5a7bca7cf37478c65e1dfc79d7a0a62251c,99555bdb95a2aaa0d01d44e302e673281faf45515318959f141b5c504a8e5023,M,Data,2023,50-54 ans,Île-de-France,12507542,18.318,7.0
f60d85d8646764ab4042b5d9cb0ca9b64f8797b80f4d3bc48fb42f997b731ff6,fd0ee368e0f88af49c19399abe1c9ce145fef838b523b5bca9cfda51ddeededa,unknown,Data,2022,40-44 ans,Auvergne-Rhône-Alpes,8238335,12.066,6.4
0180992586e8908ec2d3effd87ecb329a71affb74bd0134fba5d943a73ed05f4,a8281ff15d58a8a8055778fcfbe2ca38d874c063645fe44a4429a8f8e792f2d2,F,Data,2022,25-29 ans,Île-de-France,12507542,18.318,7.0
4162b42175b95f7b0e709ab4c01bc8defe73a2ed1cfe8130a0c1cfb833e58915,8fe009815df4ad38f7edf491c9667380326f3f518224d22cdb719d42249ca1fd,M,Data,2024,35-39 ans,Île-de-France,12507542,18.318,7.0
be101775e02bf8d2c997d5bd2fd900c773a726c110d7964ee3cf82f31527155b,650242dc17576e353465fa488bcb02f2842ed8c44f97f87f0fba4cb1b0024b2b,M,Data,2025,20-24 ans,Bretagne,3469711,5.082,6.0
7dd78207baa2ab1dc044c20c6965b4a37c52dee8fd983bff60dbce5accdf2a4b,60fac72b7caef09f13013cc0736891649fc1be12a09b7e24fe7771b6e4739fc9,unknown,Data,2022,25-29 ans,Auvergne-Rhône-Alpes,8238335,12.066,6.4
e07a65dfc52c3ed3324dc2677c2726ec91806a14e654436b31c4caecd3bf8853,8f9d6fc45d3f78116aaeec4253bb1beccd8673a17de43c75c463e9b628ba7a7f,M,Data,2024,40-44 ans,Provence-Alpes-Côte d'Azur,5252362,7.692,7.9
5c8bb2fb325ff3824a85dbc4e3980c6ae36d96756664553fd422f6529e2eab8c,ccbbe2459bed1d18f077abe8924cc7452ddc1becc864c4dec4d93c0beff73e03,F,Data,2025,20-24 ans,Île-de-France,12507542,18.318,7.0
151a470b5322bf81dc3d5071f5caf523c0514f5f1b34f68964afe3c33d0691dc,f8676896e77d2fdb545cfb1e7d216eac89fc133071c6f74cb4e391d9506e1fae,unknown,Data,2023,30-34 ans,Nouvelle-Aquitaine,6181885,9.054,6.6
684a6323721e703c372535cc4f6687bc2119e38f099f3c56213db60701f88eac,370546ba8b7dee38619c3c79e41899bdd90ee3cb48ca8b67aaea39754e335513,unknown,Data,2023,35-39 ans,Pays de la Loire,3926871,5.751,5.9
a11d55e00a7ae29c1d5b37d0a31348e0d24d5da60ac0190ee11f3fa3433c4cf1,bb20466b1d5012ef35e2266bc8f6dd03d123163e985c056b167dea0c3ea98d7c,unknown,Data,2022,30-34 ans,Île-de-France,12507542,18.318,7.0
418bb7c977661991f6425f613639a6ee3d49c14db6f3d9f8b53364211bd041eb,66ffab0527ce8705ea68702a0612b925b84329a87986a927ab25a0e6a37cd386,unknown,Data,2022,50-54 ans,Grand Est,5557457,8.139,7.3
9972172660f02ad5107c0bcfae3aa205f8e902186d4ccaf6316fe967d0c123c6,bd669878172137993162caec9db6325a8a11f43666ce3323cb0bff721fad7219,M,Data,2023,30-34 ans,Île-de-France,12507542,18.318,7.0
e65063dd9430119815c353b6757e66423666bf3a2e475cba99d0176125a5ff64,143d0e521206a948f8ea5b34612a5d5a3c8c0ff34f0ea2a7d9e40f66835d85af,M,Data,2022,40-44 ans,Nouvelle-Aquitaine,6181885,9.054,6.6
8aa637ae3bfbe32b0f7dbabf8b0926ea1d09006b7ce67320b3bc082163ce51f7,5d9c56f8d5c101bc4311ada3115e1aaab2f0b381adbe85e873ea45fc0358ffe2,unknown,Data,2022,30-34 ans,Île-de-France,12507542,18.318,7.0
4e06e166c0d56467cee2f8d5e2054df11067f1f12c83020ad297d081e15eaf7e,53e178823c57ef24cc7a6031f86ab85f2bba15a834897586646f6b9a2778ed6c,unknown,Data,2023,35-39 ans,Nouvelle-Aquitaine,6181885,9.054,6.6
77c90d15e643287c2c6e44b277437db588fa9c9919623a2171ea1b40adfa6ea2,75111abc97fd0e0bd00845da265a7ec59da190b3379a202a43749a9c064718ca,M,Data,2024,25-29 ans,Auvergne-Rhône-Alpes,8238335,12.066,6.4
6f65e8f54f6da71daec51d9a24ef0a539b9a4bd452760568f9f0d6646a87cf81,69ea80339cb9e89fd2637b8ed29bb3e04c7505c5f31b939497cbd876bf279908,M,Data,2023,20-24 ans,Provence-Alpes-Côte d'Azur,5252362,7.692,7.9
52a8462e0891d8b3a5187d8ca5ddfd004210031835bb83e8ff88bcefeb4cac5b,4ae2c722507738dfa5fa90d04fd576f46d7d535feae40c0574bcd51aaa53eecc,M,Data,2022,25-29 ans,Normandie,3348960,4.905,7.0
e665c958834ab2788c68c4faf3ed83ecce8a3f1c4caaab89e5af77dc350a42a0,d229a3336ec85afb8377ee940aeda3607b58afd0518fbbb4b8ffcc18e298da1a,unknown,Data,2023,25-29 ans,Île-de-France,12507542,18.318,7.0
989bf5adcd17d2f3e6cfd4ce8a59920767a483b6dddc89d1ae9e74a744182709,b68f1b8935481422405abf5f9552d49846aea914eb6dd59eed1017b55c3b8c5b,unknown,Data,2022,30-34 ans,Normandie,3348960,4.905,7.0
2424bc01e982514c9e1ad7a39a4214c50825e68f099e0a3471aa587eaffe9683,f2cc613b9efed39e8d7fa5706ef68fee0b0c8f7025df11106c3fdbc709b690bd,unknown,Data,2022,40-44 ans,Auvergne-Rhône-Alpes,8238335,12.066,6.4
992df2a409885b8830ccf1800a9512e0c3ad9217830a77bf87c0903c0f1fb6d8,30a49ad3cf5ce465cae2af23f2966880af04d2e4d0f18f3784149115428b3509,M,Data,2023,30-34 ans,Provence-Alpes-Côte d'Azur,5252362,7.692,7.9
25bb097114b7328e2ea6f65de43f462be49e88615e318ea493eba5af3562d75a,139f10c454c694a34c165a2d89321da1627a4c6a8c9fa9257b047a92c66e1430,F,Data,2024,40-44 ans,Île-de-France,12507542,18.318,7.0
c4f7c16dbd1c1cdb6fa1f0f7ff08f124965989feb44b41f834538dce4ef6f04d,d82bbcb8a8185018ffb1fbc53e76cbcc40231f75d5a2be37e21f45f5767045c5,M,Data,2025,20-24 ans,Nouvelle-Aquitaine,6181885,9.054,6.6
176c693bc3bfa974c1a85ff5fb43dbb5e4281f517850e7057220b8d008ed7292,60acb331d199a60a666c257c6a127a2ce8814d3241f4874af9795020fffcefdb,unknown,Data,2023,35-39 ans,Île-de-France,12507542,18.318,7.0
60423c57ed6ac8a7e46b0afe7555091e5937e64b05207198c2d1174a20c8a6a6,71484e8cea30e0c788978a064ac88700d4af89cf886c51cbc86d7fa47446e0bd,F,Data,2024,35-39 ans,Nouvelle-Aquitaine,6181885,9.054,6.6
1c6ba0d076fa329cf762da21d81cccb948c4c46aee7c77a0bd2e5124b8a22285,e6eea001986e58696ef4decd2514442fe9d20d16574f699d184ae814b2673880,M,Data,2022,30-34 ans,Île-de-France,12507542,18.318,7.0
5344c01da3278b11aad010f866bad1ef684d56571de7b72e64e715fc896fc2e3,ecf100ce79d1c442676060ac2e561bf093bace2ea56df5bace9033215e4a37d1,F,Data,2022,30-34 ans,Île-de-France,12507542,18.318,7.0
7b43c99ed74afcb33ff5c4b95e80db760e45e4b1770221c8e336b4bbe0109c38,40745a625862f088fb1fcea0c84ebcdc4bf9877184a3505d35b8cdd865674734,F,Data,2023,35-39 ans,Île-de-France,12507542,18.318,7.0
f27a9da61777c4663b72123cd88ac375bc10727792d63feafe719b53e2ac5df2,d2ce4a351e966fb4729e06c4085e8dc44aeb7f353820ff84f260220f98d1de48,M,Data,2024,50-54 ans,Île-de-France,12507542,18.318,7.0
d3560e662ea2b7550466a53f1ddead5ee733757928d0ce63b4988980278b815c,0e0463d4d74697006bc31d1803134e23f6dccfd0d574bae7a9aec8acd973bf5a,M,Data,2024,35-39 ans,Grand Est,5557457,8.139,7.3
1028d027f7af44b47a6fbee42712f6feaf17c8c8e6bbcfef66b5110ae96ae4b9,f55cbfd639235929890d17f0eb09b20cc86c83ee07adb928917413257e95fc83,M,Data,2024,25-29 ans,Île-de-France,12507542,18.318,7.0
96832348c470c9b28b54f534530406f15d0470b4a9bcff5dd084ba76daf16bf8,f3ec7512b7a3267ebb5ab17164061968cf0e94126a24d0905a2a0b19df4d942c,M,Data,2022,30-34 ans,Hauts-de-France,5983840,8.764,9.0
7d46b67439eacb38fcb6cfbc1e78b615b832c0ff8f7547b47464538100c83550,d28af257dd5518874747888ed427005d45c2f37e98c55386e580671169c3bfe4,M,Data,2023,25-29 ans,Île-de-France,12507542,18.318,7.0
0d2205c58b31082897d63c374695714389a17ccea1f411af7084cec80380db4a,5e62ebd138f8fd4141db204f27ea42e4fb990b2a8fc93efba1d487a9bd8c8737,M,Data,2025,30-34 ans,Grand Est,5557457,8.139,7.3
d784db5c4f70f348c206dc471583fcbb2f7b9382afa783ed998cc4d3bfbca327,d09bfba1ec9a584b9e7e70b872a20e975fc6678b0e38aef1b4b06a007a8ac2b4,M,Data,2025,25-29 ans,Île-de-France,12507542,18.318,7.0
a88fa7e5d6d3a7834ce39f3e0d213c1e3cb9a003fdf5b2d191d69fac151890ca,ed95578066136d76afabfdb7b390c6441893089bd9360ea63b30e174f96b3b09,F,Data,2022,35-39 ans,Provence-Alpes-Côte d'Azur,5252362,7.692,7.9
485c9763033a237dc2c7999ea8184492032c4fbe52bbc0182ca48b6c83dc46ae,4cc5e7eb414757c76c2c3fcd390becfb41f8bd7272f7aa32bffb7a0030182a42,unknown,Data,2022,50-54 ans,Île-de-France,12507542,18.318,7.0
e22e5174fd37c0df8d0cb4d12cd47f1e2ba8be96c1f0dc281649a576c7eacb98,58c6063179257e3352c5d922cf5fcfb60856ff378d433d4eae56c86034e9287f,unknown,Data,2022,40-44 ans,Auvergne-Rhône-Alpes,8238335,12.066,6.4
5879be02e3d5b00e229a05f2998a0911d2d8b485d74051a8f07865679019eeb6,2854203d9e90d76f0ecc5c8e908f865a6428bda87114ac50deffbc1a8d3bcbff,M,Data,2022,25-29 ans,Île-de-France,12507542,18.318,7.0
d9c18f2fa6900eba4fa59c091e5273e6dcb1c31f7fc52265e79e2041502aa1a0,cc448ecff3ef5edd71a312c49be591e653083538ddf9fd5f88d3f6990f7aa850,unknown,Data,2023,35-39 ans,Hauts-de-France,5983840,8.764,9.0
8bbe5515ec2f509c387151d41f364d6f7a0c65784d3315bce0ecf4b3b3e86b23,c0339a9f2c7f0332b7b14cd4501f1f2af8a4fa474173f01bd3db3c0b17ef0464,unknown,Data,2023,55-59 ans,Île-de-France,12507542,18.318,7.0
7d3ab8485b16f2ce5768320130e551a8953c974156f0f57e54f7649114ae44cf,45f263bc0886a275b009b128e90d5bdc84351148bdf2874730e449bf4681a3ed,M,Data,2025,40-44 ans,Centre-Val de Loire,2588006,3.79,6.9
0de5afadbf2ea021bc534a4adc0aa83794ad51d5a7122cf25c2b6f409c907965,eb6c8f63ae8cd13c7c30d07f8f8afdfc631edb472241c9d05b67c0031d3cbe6e,M,Data,2025,35-39 ans,Bretagne,3469711,5.082,6.0
ad8b2b459547847495354cc3077b8e06bce7782a9998e0adeae226cf313e8b72,c43a6f288bb5442fe12e27a84b4daf9f3ee2c699033b985155995914dfeb7ea3,M,Data,2024,50-54 ans,Île-de-France,12507542,18.318,7.0
1ab5a4889f9777290809e729d2b962d649cb48d78ca3947a336677caecdf026e,50c1b16ce444f88d673ac3aa99f78e9f510f3de5e98f79cd8e154b68f988c8e3,F,Data,2023,30-34 ans,Île-de-France,12507542,18.318,7.0
df717d1bb976734492ce68094357a2dd99860ed26557e073cbf3c0ea1f67ea59,fc2592200247064efdb42d3188d25fab194f6c889a63149b7378a6dff95d5494,M,Data,2023,25-29 ans,Île-de-France,12507542,18.318,7.0
5cfa14e4d353946435509671275fd122870bbfab825af93155503531fd3281c2,31b66f3683a6164dfd7e0ac7aa58c194a494fbc2884f4de77ff5822729332c3d,M,Data,2022,60 ans ou plus,Île-de-France,12507542,18.318,7.0
ba80b9d7b53b88acad9501e28a09d34435eca89db1f3e164803a4c08c77a4ddf,86d0b3622c9b406d03ba7fe964ad3dad0266fc0a100f99fb7fb6a7c3dcf2ee54,M,Data,2023,45-49 ans,Nouvelle-Aquitaine,6181885,9.054,6.6
1d074bba333e7cec2c62dcf8737dcc5ac8aefafb0cab1ee4cea08a14e2e84a2c,1854264e7ff82e71059687227e319a23dcb3c019cbf3d85cbbdb9829ba90631f,F,Data,2024,30-34 ans,Île-de-France,12507542,18.318,7.0
12a5d1514249f3426042dd9dc3d42c011d8ee6eca53641935ddc170b8dbfb677,147bbe5954ad21303afaa73e3cd2dc9a748cfc481c4cfce31d53557b5610d664,F,Data,2024,30-34 ans,Bretagne,3469711,5.082,6.0
bc97b0e00dd21707f038227d021758f9a9f6ed7e9efe3f5a0c97fa17e7db73d0,e97a428e278fbdba15d70e6acbc9c00961b464b6c48ddd27a4be0204d826fc76,M,Data,2022,30-34 ans,Bretagne,3469711,5.082,6.0
f2fa8cc09a965ed28b4b6274a3d47db9728c96659388752158aca9f91d3bb2da,1397d5947e86cc251e60d2a7b27f28f7ba7a09a1a4fa7a9d0e1ff315c0ac1f18,unknown,Data,2022,25-29 ans,Provence-Alpes-Côte d'Azur,5252362,7.692,7.9
98edd3ab98d85cdb8578178e9a61e8a0f5440f7dd1ae97aed3b71d8796405e8a,f5919495e4b2058ae65832b8b60e3136987d65026020661dde0320aaa63cbf0a,F,Data,2022,35-39 ans,Nouvelle-Aquitaine,6181885,9.054,6.6
b27b938147ba6241383fde5942e3435595a9cb486583d983ed518398f134b8a4,094e2d0daf7b573fa7b99d4d9d6b2c6174a8e0f67a2d4c3037f019fb08b50f6a,M,Data,2022,35-39 ans,Provence-Alpes-Côte d'Azur,5252362,7.692,7.9
fd1c6f279be14e4f7106f63485f73c4ceacaef5df36d82f44f251712ea106400,3be3a9bd2e0eb48d5ecb812cd25275d0f9e200eb13e207f5f8605c5c1fbc4877,M,Data,2025,45-49 ans,Île-de-France,12507542,18.318,7.0
cde0f33e567602b3e48d361d54bd3a5c81dbfde5739579103b815c83eb6ad3bc,8f2251bf2353a7521bfdf1d11b109e864729c242bb2416b66d838537ca1fd0bd,M,Data,2024,45-49 ans,Grand Est,5557457,8.139,7.3
b1c33b70b2c5eaf1185fe8d3810de4a7f4ad0736bf58d8623701d72712881cb5,cf1337f6e377c8b4344458ce87ee9401c8889f8ed7e842c484fa5d9aa9176272,M,Data,2022,35-39 ans,Île-de-France,12507542,18.318,7.0
5c3c564f02215811fcc1d8e42a5ff96bcd12d13e69b5e199cbfe3a494c426415,ecfa59dc4cac731645ddada8e08d7ef2873e526d43bf4bec333796c1d4d07a7f,F,Data,2023,30-34 ans,Île-de-France,12507542,18.318,7.0
2dcca0b6b43ad6ade4129ea66300977f4921e1d634cbe77d8500880f4a3266f3,d4d4b9d63955a3090137b7be1674a616d9ea0cadc94c7503cb67a4869638131e,unknown,Data,2022,35-39 ans,Île-de-France,12507542,18.318,7.0
8d24bf37d5998b88efe148f2e9b9aa7394cfc6ccc6193f73bf9477a4b0d5ebc8,04b39bd5c08834dcd0429552a5df34909fcd007a631b0cbdb3d128eae2c34d97,M,Data,2025,35-39 ans,Grand Est,5557457,8.139,7.3
392efab0203d1b0b97bf18d355984406c99519719f059b319837cdf44384e80d,5d092e96e323034ff7b8f9adb2a54980cb7c64ee721c46c92015c756fe3e93ee,unknown,Data,2022,30-34 ans,Provence-Alpes-Côte d'Azur,5252362,7.692,7.9
12b438f622b8a1e3b29247066f4a36e8bd31623c65b64eff74b33733c44163f8,523841911d9cd32419b679628fb17230ca77081a2fe14bd5cdf481d62a0408ae,unknown,Data,2023,45-49 ans,Île-de-France,12507542,18.318,7.0
c719d98ab7683a3b3658aed3dd5309f3c024739ed5ecd26b81ad02d356638f34,433deecb9a7034951348595ebc0153c80b3e25d596e4065aac510128dc8866e0,M,Data,2023,45-49 ans,Pays de la Loire,3926871,5.751,5.9
964aa6bdf32dbceed8be75151cec19c92d08b90a1bd27d2e17764baebf498979,c4360f7691c55501cf73cda518eb29fc09131c14a4d7420321da4232c38852f2,F,Data,2022,30-34 ans,Île-de-France,12507542,18.318,7.0
05e2158036ac7b9c1f708627e0e85a1fa1cd2d70870a505d05a8b7c2229f8376,f835332cfa6c37ccd4099793194ac2ebde6e3a4e19a6434baea8aa103a6284f1,M,Data,2024,45-49 ans,Île-de-France,12507542,18.318,7.0
ff2fd534e1ccbcdbe8a9d566512fce39fd5c5c057049d091e017395a7d872f1b,bbc794bcb49785f276155404d9ded0650b3633aa63f52340ca4097cc7e22e7ac,M,Data,2025,30-34 ans,Île-de-France,12507542,18.318,7.0
d3a462832c56f306132df835b11a6c5f5bbb2063467d431be53dc62566677ab8,57167374cf7555c1d2e8a5ce9ccefa9ad1f5ba18e981ed957a80f8b3d47834b9,F,Data,2022,35-39 ans,Île-de-France,12507542,18.318,7.0
5c48c2dcd924e404a5833918d67ec03dd5944253d41925dcff41cc235087ca0a,c408962bd8de8c10bc1c6e736c4b1cf0cf3c6fd73581d18a38a361039a4b81ee,M,Data,2022,35-39 ans,Auvergne-Rhône-Alpes,8238335,12.066,6.4
0dacb45c88db080763003cc087e8c609d5b25b56a96da7d8e58bcf59146fb096,54051376955836fc104e6dd0fb9e02ee064c5c802164dc04503bf0505e85278c,M,Data,2024,35-39 ans,Île-de-France,12507542,18.318,7.0
12f91973493cc509a6b33351ae0180d6a199d8bfc1b12d5c1763a75fc80e8caf,5f855964745cb42e76e3acffc6b6b27d6f207f5b9a9dcd050e06bbbefdf14418,M,Data,2022,40-44 ans,Île-de-France,12507542,18.318,7.0
7c158ae65090ddc705c87d3928d2efd3ef3f5a0fff738103ba67071b23d52d84,31b46f4e9d6118be37fcdab4155fed12d03ddec493c273d63d98f25672860529,M,Data,2022,25-29 ans,Grand Est,5557457,8.139,7.3
0dacb45c88db080763003cc087e8c609d5b25b56a96da7d8e58bcf59146fb096,d79cee2af79803e08046b74c075220a6277f20e11607c5ad79f5df2d605162f1,M,Data,2022,35-39 ans,Île-de-France,12507542,18.318,7.0
2f4a4350730febff26ccc0eff5b3a6e44be11fe6c60e9eccc48fc931f7fad770,8f979c4948298b76b2ea9fb3f1c4700c7994d0122d697fca68e4e93754bfd157,M,Data,2022,25-29 ans,Occitanie,6165869,9.03,8.8
a27084087b6b25fc9bf6b1bf27dfe850210d392660a04fd9bb08ea41f994501a,825d5f2580f2386f6d3f1deef30a13b37cf507da11497b6aa92ad1855a2ca287,M,Data,2022,45-49 ans,Pays de la Loire,3926871,5.751,5.9
f5764f2c38388f80f4cdcf11ce1231ec8013c177083de749302b703793cc265a,7a24bad9a748a6117160c030237320657dedbb446bb7838bfc1c83ba41f9c9b7,F,Data,2022,30-34 ans,Île-de-France,12507542,18.318,7.0
b5ff485a1d591be0e5377d6dee353d7ae1b500555245e93da595e4f5f38b6a62,71493a0bfb2fe1d8991c42e5b139f1560c8535b1bdbba468e41a45e09b55625c,M,Data,2025,30-34 ans,Île-de-France,12507542,18.318,7.0
003516d52ce962596829cf956ebe0cf3d2e4ee6a5799b58dab60a513f29adc00,7ad6dcca01ddddc240b7a166c4c45050782ee6a10a066bb0ca927ea0639f8ca1,F,Data,2024,35-39 ans,Île-de-France,12507542,18.318,7.0
28ddbedb15d5efc33ad0f75ae6a0f3345136d5da281b14e2497a56dee5dac38f,872c4f52314bd056229881cd52e145ca78897c54803ae0b8dfb8546090e24784,M,Data,2025,40-44 ans,Pays de la Loire,3926871,5.751,5.9
5e343a958159871966791fb6eda7425695d40ee3eba18ec22bb2db614327e47e,b214f8f7b0ed69548a8d6c57a0c851c8c271679dd466de0d25e5388d503b05f4,unknown,Data,2023,25-29 ans,Île-de-France,12507542,18.318,7.0
93d33953d6786add07cd00668555822d6172e62d81ffc35c4185355f611342fa,89e1ca2c003fb16d5f6e304a6b5bb02cc482a4447060316365d3c7b60578b60f,F,Data,2022,45-49 ans,Île-de-France,12507542,18.318,7.0
cafea170c22eb0faae7a735ef57687720af4564e4e830992689755c8b0747537,631140ce74cec24c38b3a44d611c3fda962f0de86f16929189ccb03dda6a001a,M,Data,2022,30-34 ans,Provence-Alpes-Côte d'Azur,5252362,7.692,7.9
b91ff79fa8887d131d3c7966c8880be2a19429a03c28500439487ba9759f8886,9dbbc110dc0f5d64ebea97a6faee23dc2fa44008a6d2be1cd76617b212b31f04,unknown,Data,2022,30-34 ans,Auvergne-Rhône-Alpes,8238335,12.066,6.4
718ab0c3bc63855851d795120985c51dda75decbf15bd6e8beabbe716ce85632,73e85df59a72d4808ca2a1e0c944c5ad323d1704749ac0e1e0667232db064299,M,Data,2025,30-34 ans,Bretagne,3469711,5.082,6.0
63ac5a8c1074bea18e53be9e45f530a7824d0293a5173dba4e0e5af37cf20daf,a1b1aac6877db2762f000cd573e75804f2d16bdd75dba54e6ec4526f5f5db256,M,Data,2025,30-34 ans,Normandie,3348960,4.905,7.0
533db97b2a87ab777c440897a549a31e7c7c5f901c8cccb3b5a3fed1cd16f27f,8cbb9b5ee9313fa077bf7e0824453c8c6fc7a3644fa47b0a7dc438c0b2dfa870,M,Data,2025,40-44 ans,Bretagne,3469711,5.082,6.0
976a3b3e792e4205e900ab8b86ba471fccc7ebd92b557e956611244f458a879a,a25a70814e9e2ae8fada7ba29d2147cbf928ca83d7c33a4f0b7d1f2c9391ff41,F,Data,2023,30-34 ans,Île-de-France,12507542,18.318,7.0
27ad73b096f50cbc8591bfdd666d4a8078239c5cb7f5f5020919e4838daced84,844e96b07fb81189214775b1e33d2b241459ba99340e6c2000274ad2770dec0c,M,Data,2025,25-29 ans,Occitanie,6165869,9.03,8.8
1ed74d91b73a57b7eeed2949ea7c7c8b91c7cdaf3bcccfad362c33e5ec63540b,eecfed737cd5cb6bfaeaba24f11f3772e13b937ad49da1f0ca56171ddd61b66e,M,Data,2025,25-29 ans,Île-de-France,12507542,18.318,7.0
dc365cfd513858eb8f094b94a8287b6c40ee81f69626de51ed4daa6841026b4f,499d47c36d10a57e904358af3a5548adbdf2cfaf89150dd14f9d964e04f1fe33,F,Data,2024,55-59 ans,Île-de-France,12507542,18.318,7.0
c11047a6170cbf2558615b44fd13aecd06ade585a162e49864f135afae73002c,3704821755b4eda0ef7bc76969a6b6a6308ac0a46d442e4208a5e15842a8cdd8,unknown,Data,2022,30-34 ans,Normandie,3348960,4.905,7.0
80e238d2e696131af75e379fd0b43c69278cc44ce85ad405e1ef8e3282083ad9,217b4ba7ef5d19baab71a9cb97acc43b52c7d592a8a57dbd1b1fceaaf9fd6256,F,Data,2025,50-54 ans,Occitanie,6165869,9.03,8.8
6f80ce4626827e1589d86d76f440e5605a71f39c5aab439ed382f0128eefa97a,3ead58b7f4e3f85f0d3a315afb4bb26cbb884571c23831dd4d50f2ed16db34bd,M,Data,2022,30-34 ans,Grand Est,5557457,8.139,7.3
36759779eaf3b32def8622960f53b1368d5d3ebc692635b785787a03e5b22182,f074e4eac9e275d60abba6b3e60a99e8d0a037e0fa29fc6373b263f0f55084b2,F,Data,2023,35-39 ans,Île-de-France,12507542,18.318,7.0
f3f5cb7570fa76fa93c27283beb763c8a330094dd4ffb389daa60565b5dfb23d,ed631568a1caf5e6f5f18dbcd45843604d3ebce45aec1fb207a89b0c23c31ae2,unknown,Data,2022,45-49 ans,Nouvelle-Aquitaine,6181885,9.054,6.6
503e15407a5be8700ec64df0bf1831e16a18393e31afe7cb32ee2d02c6b705ff,4e6e4cb56a350eb498216381fb4cef20e1b87643241635430d6f5448b953b8f1,unknown,Data,2024,35-39 ans,Grand Est,5557457,8.139,7.3
176c09c271644653e3d8bdd8c52630f9b031e48ed8c5e36c5219a0fcd8db1b76,313f85e8bd86e5c4bbf2bfd71c1e47a67df78fda882b9c724d92fb1723e04f23,F,Data,2022,50-54 ans,Île-de-France,12507542,18.318,7.0
4f93d0daa468c8004aa0397a9e7cc27da6ca9fac2f362b0c7f41639c08a13433,2200b9a182fddb54e761f2918b09b3beb5bb735d5f0be4946be44fa593a2bdb3,M,Data,2025,25-29 ans,Nouvelle-Aquitaine,6181885,9.054,6.6
b9bea352a1f12fc94f6afc38e17235e047ced6f622363b2e2a1ce33e874157f5,1b94e4cc89707cd39037ef63a032b58279a15ce755e5d09128de5cd6c493a882,M,Data,2022,30-34 ans,Auvergne-Rhône-Alpes,8238335,12.066,6.4
0774df09f5c3004ada00c495d7c497db27e005269bcaab1893d5563bf656ad2a,b037c2a1021b286b8e76ad7d0c9a3859347ba1d111cb56bb3566bae3176f6627,unknown,Data,2023,45-49 ans,Île-de-France,12507542,18.318,7.0
b71645a68838f9fc7218f89b59b0ed7e35c5b02b92a27cf6f8734196ccb2300c,cb5f897c7363d8da5b5c6ff9946a317cdb975fea317d848cdd90d9ba8662aa59,unknown,Data,2023,35-39 ans,Île-de-France,12507542,18.318,7.0
46d5dc40932cfde753224d3c3df2049de702075539eaf09353f6e1053f72224f,33e75a6ccb24beddb3365bd1cea1c0d6603a72c0c1b953a593dec398c558972f,F,Data,2023,25-29 ans,Île-de-France,12507542,18.318,7.0
07aff0bb6c32aac8df4f9f3ac69ec0764b46fdf8ecb4b999521a811e9a1d372a,29d533bf5a686bf34902c49514e9f5b864d59c38aae62796ce3eac4c552250f0,F,Data,2022,25-29 ans,Île-de-France,12507542,18.318,7.0
6b9153f49d698442430d2d269d549c2bcdc9e577363c1a64787cd8bd1d9ce27c,ffc54bde4e6c299175dd307a2da2f8ce56c2219a560a64c34bd7bd22954e2378,M,Data,2024,30-34 ans,Occitanie,6165869,9.03,8.8
a77dad1f3c8c460bb44fd78c5f19fbfc24327a173726ebe3b735a6ef8daf88b3,96831da12f5aa87c7e8733d4406cb45ff63098151c925bac037ac91578faafaf,F,Data,2025,35-39 ans,Île-de-France,12507542,18.318,7.0
e6a93f90bd5e0e1215ced60adc280a4bb58f002f715a49912c4a458062ebc2ad,8363869b378b8dea5e03cf8c805fb4df591177a2c389b14579392331635a07a1,unknown,Data,2022,30-34 ans,Bourgogne-Franche-Comté,2800180,4.101,6.6
223ec0d889fdd44ebe38d3d71d0269ccc4dd2d472628284d684019c4b9af1f74,8ac6b04f0384aab7dc55c3f0d78d7c53ebf7da90bba900e7fbfc1bf65afb95a1,M,Data,2025,30-34 ans,Île-de-France,12507542,18.318,7.0
1b1bb2d0a2327eed6d765675964ed32389b1f5256b07c20dbc4787d790a998e6,13791cb5bcecca67ef6e7338b45163e22a4ab62d96607e7fbb573a052c846040,M,Data,2025,25-29 ans,Île-de-France,12507542,18.318,7.0
60b590583276991dd9bf9977d8f0348357d09fb1f32dac39bbf800746e674b86,8cc35801e9028233940436ef8a37492fa42b9cc31de5f12e2d4d7cc3dbcaa19a,M,Data,2025,35-39 ans,Hauts-de-France,5983840,8.764,9.0
2ebf7eee6918463f512153a203f04efeb32b29beb338dc88f03c8d6838641f0c,dee4d92a39ab8e510c0cf1e5eb5d32e3c5793bead9ab15b4ead45fe6780d213b,F,Data,2022,40-44 ans,Île-de-France,12507542,18.318,7.0
24f609d6194cf8d97aa2c400bcfff630f418009fa845b0440587f1ad658a056d,4d1d8be88d10e48de27a6ab7a3fd229ddbd11e84eccbcf1d3593a4c7b8433837,F,Data,2023,30-34 ans,Île-de-France,12507542,18.318,7.0
3ee02b45aa44429c2d1987d8cf02d47448af032e2e7795e8b295720999bb220a,87d44880db6ee4082b30e532d642df38f3e0919d79001e9738c738ceb432b591,unknown,Data,2022,35-39 ans,Île-de-France,12507542,18.318,7.0
5e49b65cb9280ab35c5ecd01fbf4d6469f312103034cd4d59d4c8f9ca5ae0976,61440b9203f54a8fcf51d7675339cf8916fb7c4c07ad6b08abcc5bde3fccd61d,M,Data,2023,45-49 ans,Île-de-France,12507542,18.318,7.0
e0f5f844a45fdce8d8af33c726d39ee5dc0832efa9caa539a8ba08f18584599c,535b1d97e71711a9b1e2a533da5d89df5a300827737f385afc224597f7cc414f,unknown,Data,2023,40-44 ans,Île-de-France,12507542,18.318,7.0
e54a78cb0e4806d6694f50c023d43afacaaf7775af8fcdc3c888b7d47b1e8975,fb39d7cf1f1178f07a0b303399ce79277d441b8130dcd06237c25f889cb8efe4,F,Data,2024,30-34 ans,Île-de-France,12507542,18.318,7.0
cca698bd032bb3385bb46b57b6cbcab69394cadb64f97676c138e57268eaefeb,f9026d50f19dd9d567311c5d78d1df58f31d82124043de46b6c2492fba084ad1,M,Data,2022,45-49 ans,Île-de-France,12507542,18.318,7.0
60da378f0ab09267f6ddc481a9a21ee50af852ce4161c66d995a36c84e55ccec,c035ca40a756bc0099cc7b5087b03cb679b87969591f42cc4e47ce868e9fbc2a,F,Data,2024,25-29 ans,Île-de-France,12507542,18.318,7.0
6d28338f4c07d34ad3a35fdf05856156b1b3e8de10b2ae31c65ecd5f8c0ab7e6,bbca32bb95ef9f96b65fb779d39e837208fd66b720dc80598bf19f2fb72b582a,M,Data,2022,35-39 ans,Provence-Alpes-Côte d'Azur,5252362,7.692,7.9
c972ba1bd332797ad273cf146c65523c0566348fc0be40eb0a62f15970832ea2,091aa3c366c88e5d0d326c8320ef543de366670516bfc2af2b2ebc849d6e7b6e,M,Data,2025,25-29 ans,Provence-Alpes-Côte d'Azur,5252362,7.692,7.9
85de2af38054fb68eb529e69fbeb1dea65288c4841040f58765b4880b7d5342b,78443ef36c8422fe2a6825c10139e629217a225c5817b2e5a91153c029269fa3,M,Data,2023,30-34 ans,Occitanie,6165869,9.03,8.8
30d61b1327cf66e0dce905b0c90ccd3968d1a4015f5c4b7a96babc443d06a3f5,b18b368a3d0b4a1618ddc3c53ea3120e41c44bd85b0965d152b3cd8d2ba47289,M,Data,2025,30-34 ans,Normandie,3348960,4.905,7.0
7b12ff282372f58573994050fc2bf0dd0e4773f0e0475bc36f06efa6a3cecd9e,8cf49c3c57be6e1384fc847b21e0a4d827aecaffe247b010f12bce13b08d3e5d,M,Data,2025,45-49 ans,Île-de-France,12507542,18.318,7.0
d9322ad735fa3c39881739af3118b736fee83a412841e86092d1fcef18710a5f,85f628adc21d9080ebbc809c2c74ef6d5958604557f986740740c8b502a7424f,F,Data,2024,30-34 ans,Nouvelle-Aquitaine,6181885,9.054,6.6
16568e2910ab1eb4ef43f0db2f4f664830eeaaed24b98358236fff66efdd921c,3cf7635a99e763a2bded9c04c230e622b21d1fca46245daf1cba01b1d84dedfa,unknown,Data,2022,35-39 ans,Île-de-France,12507542,18.318,7.0
8e66526b1bef43f695b13958177c8a9d52fb5e76ba4ccf39fdd2f2716d5ad9a6,ae52325ada23a25b8bd2cae9ff37565a6aeb286fa2acae4d050b37df4dde78db,unknown,Data,2023,55-59 ans,Île-de-France,12507542,18.318,7.0
00cce4944c914aabb5cae34d7a617b33f8807d39b19d412ed38464456a26112a,10fa2bc189bdaf213d3c02e8b55a5a4ea0aca7df55d94b016da5398f1e1edf06,F,Data,2025,45-49 ans,Île-de-France,12507542,18.318,7.0
9c0f5f1f1f44757657bf89dfbe4f3413f9b2a74dc9c1073c0842e64f2d40355e,92cc7742550a1bec221142b4cb3fb67e1168f290dbf2ba3924c6c707eeb9ea2c,M,Data,2025,30-34 ans,Bourgogne-Franche-Comté,2800180,4.101,6.6
3b1ad356673804ee253f88de66d73be4b2d4ed1c942f193c5b0fde903680b261,a59f1b4bd520d685894d2af55816f12c2feb64eadc8c6a7626d8a5947b3b5173,unknown,Data,2023,45-49 ans,Centre-Val de Loire,2588006,3.79,6.9
644109a152daabe5266bf3824055198c41c590cb065a2f96edf5925455cd21e5,ad16e31eefb6833fa6bf9938401864903203cce2283e093557d10590ae3821fc,F,Data,2024,30-34 ans,Bretagne,3469711,5.082,6.0
a8fac17d68092976599326ec874c98d843a07f96741bc98baf959bb3b7b78afa,e0c0e007a4c1377f9e7ca274256811a8534cb0e6ced46cf0735c2abea8b70225,unknown,Data,2023,30-34 ans,Île-de-France,12507542,18.318,7.0
195a4a4d564bad90395b9699d8a90861dfa4fe25446ff9c4edc4d558601ad1ad,11f2e9d04afc435fafa4019a0d4e630fe8bf994d729464fc6754089edb4842ae,F,Data,2025,30-34 ans,Auvergne-Rhône-Alpes,8238335,12.066,6.4
1b253a11509c023fda95627ef7038c4f1d65fdcdd9f7175a741028d7588841d0,76eec551ace08e413b9da14887af5bd59754903b156fcf5f53deae76aa68ada5,unknown,Data,2023,30-34 ans,Auvergne-Rhône-Alpes,8238335,12.066,6.4
eeceea41ca2febf847535e1402ecd32be2a99af28f4e1af7d21a91773f5defdb,1c3d039e439806e957643104188f29b38a978da82eb55920a60541b41ef6486b,unknown,Data,2023,25-29 ans,Centre-Val de Loire,2588006,3.79,6.9
464de6a18370b6d3f05c69b8ebde6c1b923d4fc04876208f0efcba59ef2b34bc,19007f5b0b8123ca745834c8b0472f51f10a0c5a141d7aed8dd81cf9d2257f74,F,Data,2025,25-29 ans,Grand Est,5557457,8.139,7.3
ffb9d7cd32dc3827845f4ae06728b0c3ebced8046245f23010b812965950157c,0d8a4e76f2841b0972627f85df393acdd6abbd920e4bdab2f0164d06a9898993,unknown,Data,2023,45-49 ans,Île-de-France,12507542,18.318,7.0
94a8443fdfa4d35ea369ca24d9413f1117d94566308341df126caf84c479abf8,3447ba9836f050ba9e2f4f9a0097487f33ca1439cd016257142f4cf4f589458b,unknown,Data,2022,30-34 ans,Île-de-France,12507542,18.318,7.0
89b3657f2a011f05b0c0fda7224a4616bd859ed5fc232dfeca5a7abf28ab73d5,775c0e9bfdb2aa2114885bad6f0fc6fc6d4815690b7da0fe90e4cd17719b1dc4,M,Data,2023,40-44 ans,Île-de-France,12507542,18.318,7.0
97f956389ea86309590ccd2a01d305df2513295457389bc8a353a5d49183ab89,ed719164f6ef18d036c07d18d0053da567406f5b303cdac6968cc9b279169492,M,Data,2022,30-34 ans,Pays de la Loire,3926871,5.751,5.9
e1c578dcf113237ddfab11d2b1fbf0f3544838519fcb242a2b35afbb0757529c,17b0b2ab4eb9ce22f596da64aac44bf8efc8e39a7d8370ccc5235fb65839b212,M,Data,2022,30-34 ans,Hauts-de-France,5983840,8.764,9.0
01c016e7818711822ca0231c42d46211b715d86f6b641318da68246084e4865c,72ba42ac1be71065a25a81c2b3a565b23082c7780edc7c70bd57c73f2b673bda,M,Data,2022,35-39 ans,Bretagne,3469711,5.082,6.0
4339f7b7cb259e1190a960bcb864e54dd29f37c9b24224085a33adc86924ba86,4b34cc1180d9b67e71448d51d996c63a4bbe42bc980e87365f2e606c9825dcde,unknown,Data,2022,35-39 ans,Île-de-France,12507542,18.318,7.0
ee4d4f76df637d49c000e5322e04fa18ee95593033bbda9c38320dab88338a4f,17a6d17b543ff0abf0acae3c971dafc78fb61c9ae8b436c3b1a49ad646c4bf0a,M,Data,2022,55-59 ans,Grand Est,5557457,8.139,7.3
8f70afa29f8e522b6f601fc974734a9421be3ab3321aad7ae53c0c9b72fb8ed5,27c868d7c9eec04f2d72803a1764e6a9452b29fd22275a74a35d3713a604bbb2,M,Data,2024,35-39 ans,Île-de-France,12507542,18.318,7.0
d75a54c0fdbc6e9358fe7a990b99507e6155406e0cf874d79db0f34a52134e66,74de295650630113ce4b3cc55e963f52e4f089999e552fd2d38fbf79ff3b5132,M,Data,2022,25-29 ans,Île-de-France,12507542,18.318,7.0
0d7b02904363ff0780be5d1984503e08e9b2e1eec2cc2ba715eccdf6173c5820,ccba684180157feb66977b77d7f1ee9de05ae915967570b0fa82adf10aa9310b,unknown,Data,2023,35-39 ans,Île-de-France,12507542,18.318,7.0
80235c66098dad792dfe8fb28694e7b404eed48312e828024d5a5e35b87c15cc,b8e59e3ca6d176d3c4d1b0810bb8195ef5ef5827afc26b64cd21443c682fe311,unknown,Data,2023,20-24 ans,Île-de-France,12507542,18.318,7.0
df6958e7b2938cb6b4a3e942312b552aac81d1fe7e1bfb79b8051fd3a0a0ab18,fc871419aa1363df0202e78a4d62aec3b3d36489e2aea66fa41b1b409d537824,M,Data,2024,30-34 ans,Hauts-de-France,5983840,8.764,9.0
3be2b2436a534f1139351a005d90e7f77579544aed5481fc47ac99b3a5a948dc,71461b8d2d840ec05a3f1821c179282e264551cf23ef9744cfeaee45eea0e042,M,Data,2023,50-54 ans,Île-de-France,12507542,18.318,7.0
fa063b7f6b6c82073ad4766c0988e38f0d6dddac661877c3758c2f0e78ad55c2,b63ec91c802e46472a7a9ea1e3f30cb397a48650efb30cdf27b167ab8f786d4c,M,Data,2024,25-29 ans,Nouvelle-Aquitaine,6181885,9.054,6.6
19f5dadfd982ef9597115a825ea045626b265d72985f6d6442fdd1088628b882,e4a312fca7e2e3b43f95d559360904cee28b43627bf98c1ec7fbbc928e1811ae,M,Data,2024,45-49 ans,Grand Est,5557457,8.139,7.3
55aeb375796b1250e9e0508796a341e697a3897a2be7710138cfc51696d0f22c,aa42251b121ef0399d6d1fddb1e781d054443888237ed9eb0b8484c516056742,unknown,Data,2022,30-34 ans,Île-de-France,12507542,18.318,7.0
a0275a55c8e81c77107381b7ae62789123c8f9e0fcdd48115f3d58a0eac7e32f,75d1aa897ecda51c7c99d2fe172883e2f475cad4f11db7ada8f683f42b1e2ed7,M,Data,2022,40-44 ans,Hauts-de-France,5983840,8.764,9.0
a7ca3b07974755da833ad0b7662702a0dfd47284a562cfd727eda5e3f162979c,d64a2bc4375329bdd167118bc76eb031e75040b96d53f118e9913b8d0d6ab62e,M,Data,2023,30-34 ans,Hauts-de-France,5983840,8.764,9.0
5b497de7d1c218794c2b87a5466d3f55c897811c0fa695530ea8f9643ccbbd7a,081cedd30e0191f49c0a1a11331a7f4ab608d5fa96eb9c6237bb243fbb27dbaa,F,Data,2023,25-29 ans,Île-de-France,12507542,18.318,7.0
131544c24e66857bb69fcbbbd0e2b6feb7e633034e0362c3fa7b06fd7876bc67,f58cc6e15f04a46b7a8d88468a125f1f0c3ed73b286c35168e75afe9e1f48185,F,Data,2025,35-39 ans,Île-de-France,12507542,18.318,7.0
84045bfb107ecfe16d417c3da2864dae92a16462bf320ed4167b4db4534d4f55,aebff4d7e375f3471b4ecdb5fec5ab3eccb41af2e243104013feb007de2167de,F,Data,2025,35-39 ans,Île-de-France,12507542,18.318,7.0
a03e41601d963f3524ed646042d8e944be7f2541070b59b3a4c2a4b28d214ffd,86718bb66ecce30c49ebec20678c654814b2021e9c6d653583f8537a4166403f,unknown,Data,2023,30-34 ans,Île-de-France,12507542,18.318,7.0
aeb3824edaeaa118cb8d74df1de9dbd404c96d1ade024fe53bf822ddf1fded98,f981cdf62aeaee81b8002e15adde77acf5dcf7d4e0056c2d3ba811be6040b7c4,unknown,Data,2023,35-39 ans,Île-de-France,12507542,18.318,7.0
36ffb07ddb9de8740e4c3408b98666704e9dea6570bdafceb85524a275d0c28e,cfd35c7d010b0d5b2d24ad5632f03a698800f283f6ca58186732cd6d834a5b19,M,Data,2024,60 ans ou plus,Île-de-France,12507542,18.318,7.0
750a5297e33728e7279967204bb888b5171415542e3662efd0ead52cb43da617,06d4b9848abfdfd44e477fa096c91ad442663ed5aace959988e8fcf87faeaa10,M,Data,2024,35-39 ans,Provence-Alpes-Côte d'Azur,5252362,7.692,7.9
fccfce200ac39633b40cb8e094259961810226447601d9702b2555f0fd9ae8a5,e970694c15d3793165f6fbbdcfbd9241ba72f4ac95d581d0b2fad69174ff7f46,M,Data,2022,25-29 ans,Île-de-France,12507542,18.318,7.0
82ab0987d1867aeea329660bccd7b4d34c0efb34de95d69ad26cd959c5ab18dd,9cfca938dba97a01148190577afddff5052c08c2e7129bb15f5c294684c2ebd7,unknown,Data,2022,30-34 ans,Île-de-France,12507542,18.318,7.0
9b91b020df398d1903a430eb508e38f7112436fcd2e66f78ed391877306cf3bd,286064a7cedcc91e8f3fa93996f8c0d8b3bc313d9031f04c380cbda9a1688f00,F,Data,2023,45-49 ans,Nouvelle-Aquitaine,6181885,9.054,6.6
8c7e2cb983b1ca645412aca1dff879d2c3b840f44aa9b91e65ef0aa4b19cd455,55cf18ecd2ad74b72f4f65b11a1b09dd5a6deef451ade9ddfee6166e00030f0b,M,Data,2022,45-49 ans,Bretagne,3469711,5.082,6.0
4153a4754e09ee81709cd0eb11128834c34726d9cd172900d9205ba858d224f9,20b11332b395732f384b2aa7f1b75997f8f5b81bd59929c856b83d9ea714d624,M,Data,2023,50-54 ans,Île-de-France,12507542,18.318,7.0
22633018795d093f6580795041e326f31c576f004a93d24a63a21c47accb9e88,7fc73352cd70247f426eaa70b25bf14e73a902ea9be88827f378cf7c2ba4a72d,M,Data,2022,25-29 ans,Île-de-France,12507542,18.318,7.0
06b536de5ec91e32c19399de72b5cb659b85fc044ccad7407fa401f4b09fabee,65fd1eaf919627d407660a4845b22cd34de482134c6b2dbb67b41561ea803865,unknown,Data,2023,25-29 ans,Île-de-France,12507542,18.318,7.0
2fad3ff60eea6253052b119ce3373a122d5dcdd43cb45ab0823a4b322dab12cc,b7b3957dbf4c9c773b6f67ca1c0d1d5b0c410b0a5c8be1c5c4c4f1259b8c47d4,M,Data,2025,40-44 ans,Pays de la Loire,3926871,5.751,5.9
ecf9e62e489ff63f3a164f73d384e376cead354f56b12a86ef48acbf68a4a19c,34cddc407352f83129394c6bdf98bf0c5191ab34c9dee99359d2a2d6d36a0df6,F,Data,2022,40-44 ans,Hauts-de-France,5983840,8.764,9.0
01132b6ff6f3f3a025c7857c5827469c0d6314863509d6a4b8aed91934e02abf,431d4067359fee5244bfab2174626bfe5e6dff53450a4cf852fbb1f091ee52ed,F,Data,2024,35-39 ans,Centre-Val de Loire,2588006,3.79,6.9
66429d9cb99fcb9325c522206e4b1bb72e8aa523c1b537749f4c86b8d7bd8b4f,67e42228d8f16931da6e7f4bf8297b1a96b7660b73d1404bda5e5919f3631074,F,Data,2025,30-34 ans,Île-de-France,12507542,18.318,7.0
cb3aed952a63249686eba50b2e981700f48d794db492dd6dd4a04aa09c6e3bf0,675d8818d73b583cec555c56a8026b3dbc14757c3afef3ccdcc2afec458de24c,M,Data,2022,30-34 ans,Nouvelle-Aquitaine,6181885,9.054,6.6
c49d156772f0339cb73f3b7453fb50f7fcb92c7cb55746b2e60d332469907c21,10fd39261039fa2a751881a9194c8acf55033fbe4a451e4182ccd35d7b34902f,unknown,Data,2025,50-54 ans,Hauts-de-France,5983840,8.764,9.0
409ad557e1d53c91fd411e45ddcbee4a3301b8e4d9b766ff9319e4d6e46e0cba,0d762dea4e760c55081aeacbb2bb4fee3c4c306b676cddd42b2a72e602110693,F,Data,2025,35-39 ans,Île-de-France,12507542,18.318,7.0
b5fe77adb8f87ffa5c1d354249763d0b06f5fdc3c607d3f645b37a10a40effed,53125f4fa15a6f987142bd85dd51f6c0d8ac358e3466d3dce06772ddcb1e129f,unknown,Data,2023,25-29 ans,Provence-Alpes-Côte d'Azur,5252362,7.692,7.9
d85005e4f3ac046d3230e94f99ebda93ccfb616dd31aadfaf5044328436cf785,464e70cb2291a1d6a9fc4ad2d4b3ecd3dbd5da41267034a6669467d0e0372632,unknown,Data,2024,30-34 ans,Grand Est,5557457,8.139,7.3
f4d713ce45dc9675c3ba7e5bd37a1e56a8289734b449c080ce40a94f623517fc,5279b4b2090fc7f9adfaebf9d59e69f8bd5db4049c7daebb8d2d0bcd3496dbfd,unknown,Data,2022,25-29 ans,Île-de-France,12507542,18.318,7.0
93a25ef60c15760aeefafc3427662e8c88bd0cd172ce01243047ccdd873bc328,df514ca24dbf9329e24fe4f5d1518dbeca372ce5da53077b1e80aa8b3a8b765f,unknown,Data,2022,50-54 ans,Nouvelle-Aquitaine,6181885,9.054,6.6
d7328c2b6357a915ba93bd21d9d129ec44810aec6660d16f5b9c69538ff6ceb4,fe39b51e4c8939adcc7c09964ea023bae87d90d19acbabe4d37b9f9d302539f1,F,Data,2023,35-39 ans,Île-de-France,12507542,18.318,7.0
e67917251682e58839f1116eeaa273b3ef74dc6a22533f766b920381f6cc8f03,dc1cab8e8182ced29834f1426179d9717336ab018e582452ba8bb5b20478e8f3,F,Data,2025,20-24 ans,Auvergne-Rhône-Alpes,8238335,12.066,6.4
317262707f8a275022b3547dbe60981658f28c8c0c4036ed695524a79f10db96,fe5d2ef50e91dbbeb2a2a297fa126150ba746740e2b9fdf59656b2f864653c3f,M,Data,2024,30-34 ans,Île-de-France,12507542,18.318,7.0
631a3a4c54770859352f198a8bdf55ea076e848849824193d42771a4abee250f,64a7a459c2a63efa0e8098db160cfecd094503ee15c24b16aaec1ab372661cdd,M,Data,2023,25-29 ans,Bretagne,3469711,5.082,6.0
b160b5bae95d469c7a19c7eab926793307f955c0a763066147e3b15d027a92a9,1288db0aafc42ba747831b3dd5a1223de446bdae36d7d3780077dc28790891e0,unknown,Data,2023,40-44 ans,Île-de-France,12507542,18.318,7.0
c5c1b543888a4b9fcb2cfbf99df1b5c4f5d91921bf034b4254bcbb8c14954632,18b8fb868e0c400ecef3876d6317ac5fdcf1f54b607350a7134aa74f17f3de99,unknown,Data,2022,25-29 ans,Île-de-France,12507542,18.318,7.0
69fbaffafc1284c4d9fa49f80585ade3518fe6770e76f57fc1be36a32e35a866,43ad00d1db7910342060ee7b36e198c700cc815903ed49cd4ee43610bdd1a44d,F,Data,2024,40-44 ans,Occitanie,6165869,9.03,8.8
59ad5ce567cbd2f345d098fc3c958e2fe71de97703525c2d01d98eb31e8ff16e,422100f885a1e19b0349dee27165fe9747e00c83cdb7288efe4dc1eff15b6325,F,Data,2023,30-34 ans,Île-de-France,12507542,18.318,7.0
ab8e69abdfcfa9bde774b93d9fa2e31c21edbcd9539bc83c3f2f69cd2f5bedbe,ba1eeba27eb8b9f2a7c97d00063a0429a7a91ceedb51ffff34ae8929b4f92c1f,M,Data,2025,35-39 ans,Normandie,3348960,4.905,7.0
c67d198a314bb249da3994e8231b428b4707320d1191236ad287f92d74b1b652,fddc556a9c845be78ddf994e698a47bf24cbbe354741c4e99fbcadb3102e3c0e,M,Data,2022,40-44 ans,Provence-Alpes-Côte d'Azur,5252362,7.692,7.9
56b3bca989cfec3afc8b086db5b3c972977dc637d9aeda738d04b8fa92f746fc,4a69edfbb4b5c9bacc6bcb2c3e16065a536f8da0c3e4a657ecf75bfd0c269fe0,M,Data,2022,45-49 ans,Grand Est,5557457,8.139,7.3
d2d278013a9091a351e3db0c7ac60ecf74d7e36475327ae47ca01e93ebf2514f,cd98ddee0f344c8c66a2f08c884734ad080ba0c88bc0835d122f244588d01a61,M,Data,2022,50-54 ans,Île-de-France,12507542,18.318,7.0
417330d57b32c52d29e90677e41bbf16a675a05b618d0015fb501e3b0888a286,7c8e8d1c19a0b930d9157cb1d9f8026033fa6dd0e1e7b6d7a2c35a90d975d3ec,M,Data,2024,40-44 ans,Provence-Alpes-Côte d'Azur,5252362,7.692,7.9
6e4def9ea1527e7dc2eaba6c57b273eed63c6ad489506dddcd8f78609f05c65a,70e16439249c36b495a71091818796b6d50a499de6a5ac4bbcf151f2b6de5035,M,Data,2022,40-44 ans,Île-de-France,12507542,18.318,7.0
91f7ff47a0c2727227ebd880cfa27bc7b0eaaae9739cf19e1e195ccb256d6af3,90c4874129cfb4774305fbc97f143fe1b539ae6e4c716b511f1d5318b0cbfa51,M,Data,2022,35-39 ans,Île-de-France,12507542,18.318,7.0
1e51ac5cfee3365c0eab64124cede6fd2c38e29f1444b93fed79d6cde78c9d7f,aaf4f85e214884a9ce65335e1b1817ad90d167a0ed47504147212eab5b96a014,unknown,Data,2023,25-29 ans,Provence-Alpes-Côte d'Azur,5252362,7.692,7.9
c2fe18ff8d598b5898c051fbbaccd6ad8f0ad4f88d30b48b75b2cc12279947c8,ea0111061adee17ac6bb7c702efdc25369d3e2f3890bb9d3f59f58e7aec0424e,M,Data,2024,35-39 ans,Hauts-de-France,5983840,8.764,9.0
7cd995228c691969081c52408919deba57927e5f7c590316aa7e7607a46d720e,7f808dee1a39f6818a9c3230ea8fde840bd5fe80c55c8fa2de2fc86ee5a7851d,M,Data,2024,35-39 ans,Auvergne-Rhône-Alpes,8238335,12.066,6.4
b891c89ee60ae3fa99d2cd71330c2a365dbe03d33058f65f8ddc132c62b3936a,55a8cf7dfc509cb6f083b4416e90263e79426119229c6b664c4fefc65be39ea4,unknown,Data,2022,25-29 ans,Île-de-France,12507542,18.318,7.0
60ad0f5e5efe9b1aff0330a51df8af2cb0994ba4ad63077201afe0bc5d1bbe4b,2fd7d8ec7bf5ef5d4d5ca339bdf0968b361a29dbf468fbc6082900ab2d50373e,M,Data,2025,20-24 ans,Île-de-France,12507542,18.318,7.0
e1646de1cc517929a353775048c0daad6e86ffe113a189891ae1a5fc4177f1c4,fd7e336ca9b02fb74822d391c815b9cef2ba3ad79fff0dd86d2898322f7885a2,M,Data,2022,40-44 ans,Île-de-France,12507542,18.318,7.0
156b962d3c130d56cb89dc9d513fcd4dfb67950b147ebd9593b0a425a3970e74,7638116a7395ab9d4220c7b8271552e8881eeef99920a2cd69c6c9521aab0ab0,M,Data,2022,35-39 ans,Île-de-France,12507542,18.318,7.0
211a06c3d56512191324c74d038c933425231f0ceb268e9c7ac7679bfda42222,c90992b429c3f1e9f563b4cdab83eddd765959c23fbdbc10601d707d6a0ffa26,unknown,Data,2022,50-54 ans,Île-de-France,12507542,18.318,7.0
0940a271f77ac0a107ae21d1d3c4e513c48fc6919fd4f835994312624b550d12,8f4888292b2fca2a97ba483412a6c416b6483be418738579a214468dba63f4ce,F,Data,2023,35-39 ans,Île-de-France,12507542,18.318,7.0
7e7906ef37f891ba792eedb8a86f0e57c6689cf259fc6497d0adb8d2876a5514,591b5a2f720aafe720b2fe0b4397e804dbd74c2696b68dcf511269a899835f83,unknown,Data,2022,20-24 ans,Hauts-de-France,5983840,8.764,9.0
373ebdbaf63f4d6b82e3c40ef611a5404b816f2984729c5eae2a8926991fa716,06dcfc6b5951f5e36770b2f1366320aef29727fa1dec63c5b9c1b0ccfce3690f,F,Data,2023,40-44 ans,Île-de-France,12507542,18.318,7.0
03336e6da803518ff3128b2efcf82e305f7a514488f1eb04adda0242b8cec398,a1a671e82dfc78d1c3cabfbe07441b1e5a461bd905b8719b1fbf87ce67aa18ec,unknown,Data,2022,40-44 ans,Île-de-France,12507542,18.318,7.0
301bb0d31a670f32f15d6c7d242d6bd28550648e97849b8699cd43e6ed9c194b,33e0155d84c0b24db08fb772467f927ec9fcaaca218ef72600b2e911e4122d5f,M,Data,2022,35-39 ans,Île-de-France,12507542,18.318,7.0
450728400338b47b3aed44c66f857bd4ea045e937b9a7932c52e3c57f72cb93e,075b9ee69f28332647f4ddbf73e3da141ffd175b037625c7f645e65346009fd1,M,Data,2022,30-34 ans,Île-de-France,12507542,18.318,7.0
71c21a5c24b39414e1e24525d29dc09fc415a7317d905967442eb765b0e9caa9,806ab50eca6586306d4d8b660e9aca100f0e5e66d9443cc9cfdfa17d5146c2b1,F,Data,2023,35-39 ans,Grand Est,5557457,8.139,7.3
82c9b8daed623e64c3980440aa02bd76102feb43c2348bba292f1848f64c89d2,b91e65443dd97a43a15ac6542b7c60b1229bead2fa0510c0790048f71b38b14b,unknown,Data,2022,30-34 ans,Île-de-France,12507542,18.318,7.0
aa31f28d8392a2b0822868ef975e53f5f42bd07f349e2dd8ef7067e477576908,28703578a240e92a69119290cfcce2786461dfb6c1ee1d60f960b665c2a5f66e,F,Data,2024,30-34 ans,Provence-Alpes-Côte d'Azur,5252362,7.692,7.9
0d2774d1795f27f6074bfc7a220e3901e9a28b371fd2b4f54c32b28af608c92b,6463fbc4438a0fc3047bc7867ad60e7b9c52baba1fe81ef2c3785ecf9df3f142,F,Data,2023,20-24 ans,Normandie,3348960,4.905,7.0
5039a82d48ef22e8897c0c62a74e5344659b74bd815e332533c6da61d48eda27,7334b76c416a1cb9eab57ef3e44b0858f6739924c8352f520eba4c0359a21bbd,M,Data,2022,30-34 ans,Île-de-France,12507542,18.318,7.0
3203458619eeee7e3518e7a51d6bd32e30ff61421fff1dc09ca52186b71d8f89,e5d500eb61db591df9b5094bbcc56a127c5499aa8b247e4ef8ea16896bf0b82e,M,Data,2025,25-29 ans,Île-de-France,12507542,18.318,7.0
f3db6b39e2419141c5a64945cdde4fbae0e67b732b21c7acb2cfc244c3ea811b,66a555635105f8bd046884c2be4bb126d1c1cb309943870dcfc14d27400c854f,M,Data,2023,50-54 ans,Île-de-France,12507542,18.318,7.0
e5b6e8e77746df0e3418f5d59a023cb2aa8df757513aee1172a022086a603b24,5a1f2f5fe936c41e2dc0f4302f8254bcad9e72b0506e28527876cea4eb66a588,M,Data,2025,35-39 ans,Centre-Val de Loire,2588006,3.79,6.9
4b93afb0e0c4f45fe3ed27efa229146b3c146d6e9573b56686c1f57de2a43745,75044a801bf3685ad9aeb5fa3a863ccfa8774bd3cb1139a9842ab42e5d7f1976,F,Data,2025,55-59 ans,Hauts-de-France,5983840,8.764,9.0
96d5ebdfb26c0a0cad1bf976e408d42c96d429eb6023109a7e099cc5210f9a48,78c4f6db9dbbde678f9aaccdb45492d1d1665e2cee4908b40a4d61a2f8fceb47,M,Data,2023,45-49 ans,Île-de-France,12507542,18.318,7.0
81678d9be7b421f3fe71e94cede26f1fc925af682f057c47a54f73fb69f5cba4,65f1d1ffe1f948ec2433c6228ab49ca6a59a040986331e88b61c5ac0af46f9c6,F,Data,2022,20-24 ans,Île-de-France,12507542,18.318,7.0
f9fc8642b049fa518be76d6c5f9839ac1f3471b69a9347c361d311b5ef383606,a4b42c91dc9ecc9ace6b2bc61a1e89ad609f6df2c9f3cfb476094bbd1a14d935,unknown,Data,2023,45-49 ans,Auvergne-Rhône-Alpes,8238335,12.066,6.4
2f6b478b782277a7d0c978a3341e1c0e07b8336a2b6550ab8cfefb3e5cd856b5,0cf0d1032fbb3f1b73230c23b078718ff566eb9d5eb8b2ce230f383d307537b4,M,Data,2025,35-39 ans,Nouvelle-Aquitaine,6181885,9.054,6.6
e159747f8daee972a47c3d8ed221009c940470e6224e953f55ab6a1df9119335,536464b459aaf278e6b9ad7255c66830b91600fbc01e3ca1d6ad1f687f0fac40,F,Data,2023,30-34 ans,Bourgogne-Franche-Comté,2800180,4.101,6.6
750a5297e33728e7279967204bb888b5171415542e3662efd0ead52cb43da617,96bce183202114228d60a41e2f113a5d9c2b56274b662899e4a1dc6ad6cc86ec,M,Data,2022,35-39 ans,Provence-Alpes-Côte d'Azur,5252362,7.692,7.9
750a5297e33728e7279967204bb888b5171415542e3662efd0ead52cb43da617,1e49238ca9b0965814a513dc7298c433978ab16ab8ac6f66cb0329925b93299c,M,Data,2023,35-39 ans,Provence-Alpes-Côte d'Azur,5252362,7.692,7.9
749487d29e9129436d9552934966a1813b26f0e3cca27227c7bc3cbc8d1aabf8,7f87a9e7bdbe3c4102b76261c8eb8057db396c446e9cb2d66814970b85bb1ebb,M,Data,2023,35-39 ans,Île-de-France,12507542,18.318,7.0
276cffd4be4785e6686b0c58dc3425bfce3d90b38b186829c449e830d1bea8da,1497f96754814ba5b9455023f149db37c9bf9019f133536af405ae1182d89921,unknown,Data,2022,40-44 ans,Île-de-France,12507542,18.318,7.0
8d9b34a3a322e822b39e4fca7dda9129c43ee42a6edad54376e24bcc68501110,e59887129a27a998cb95295a5881ca8762882c6c1d798019bd3c6d4586a2d52e,unknown,Data,2024,30-34 ans,Centre-Val de Loire,2588006,3.79,6.9
dfcf385428587cbab98d7fdf7505833f1ee6f146513cc05475999d117ac72bdd,bcf9cc4e12f542d2c18cc9280fc70bf664c4879919c95b05a0bde3cba2171e23,unknown,Data,2022,30-34 ans,Île-de-France,12507542,18.318,7.0
31bd8981e0f0d539ee3307ad7359e5923de218b93816bb0208b54e14c4520044,aa7e5f3816579c1452f4917948a1ae630bb655b5ef486ec6df84be2ed57cb9b2,unknown,Data,2023,55-59 ans,Île-de-France,12507542,18.318,7.0
483e1c454927b6d68c4bea7ffe67dcccfc091cdf62ad97844fbd24d8df8ea52c,f6800e94786d416f5c3a2ae838e8e4cd73c0dbc061defb777490901eea7af300,unknown,Data,2023,30-34 ans,Île-de-France,12507542,18.318,7.0
fe1bf4667b7c0e2fcc9a37842d82bc43d69c4dc9166803c8f9cb23e203b5873e,87b6c9b11112e4ad56ff5af153908381c9b13caabb79ba8e7caefa0ab274cc2d,unknown,Data,2022,60 ans ou plus,Île-de-France,12507542,18.318,7.0
6b85b3a50ec202ff364cdbe1ccd69b6c98e50777179e6997c547a9593de07db8,c405262c6384c64b67d1baa095d902ee7ead2ccb71be52d1d1b76ba1d1a616f2,M,Data,2023,45-49 ans,Île-de-France,12507542,18.318,7.0
4771b2848a962e964ef46b4d67b52547995d095f92b50c2edcb1abe517a95c10,7eaf0234251bee1b65c3afb3a50dbf6b5a415f891ee415d28169f21c697feaa0,M,Data,2025,30-34 ans,Bretagne,3469711,5.082,6.0
901f6b0fd7c14e352273dcc4d3a302e0e0a0038c65ae5a94f6550cb966393ca1,145d1f5188ff4346f62699a2e8681e1da57abf2fa1e1c297d74be3f1d2ecfbf6,unknown,Data,2025,40-44 ans,Auvergne-Rhône-Alpes,8238335,12.066,6.4
d613e0510cabb16b019c7f51f2abf4bd923edb84ec54e743ec6c8b4103c46d46,6c69c5a6c401e92d1c831fb4e1ea9857ead0cb073427f579ba93b36e65498e27,unknown,Data,2024,30-34 ans,Île-de-France,12507542,18.318,7.0
263b20f313a0ec409ebd64eec42714d490c0465665ca21dafbff76ec7078124c,30c002c6dc2b76545934cfb6563fb01f287c45b710aa75f59912a8a3bf9fa31e,M,Data,2025,20-24 ans,Île-de-France,12507542,18.318,7.0
f0496e385418ae75b5010cff009671309426107e265955d6843122adb2300b4f,fddf18ad6a05117b3d0fb5d8a58b8a91c5f9c18c964aeceffd99f71227e17325,M,Data,2022,30-34 ans,Île-de-France,12507542,18.318,7.0
6f3943a7f44b4631aa9333f1b731fc05911324fee54f6e78e92b05eaabc1846d,736f59d69eb5fb64e381a9db7b4e7dca14b267f28cb74a6a38f72c07ecab015f,F,Data,2025,25-29 ans,Île-de-France,12507542,18.318,7.0
08e956bdf46a5754ca72005763ec898bdabf08ddb98a432144d02f35988b3dd1,62936a4df9fb4cd53f7855c47e125b554523fbdfe264b0f48a67aafcd7463dfc,unknown,Data,2023,40-44 ans,Île-de-France,12507542,18.318,7.0
6188d92c149225a966353fcebdeeff5b3e9f83e11985fa0315ebb92d1b4f227e,22f81bc69ecc9b6451ccd0c5f30646969672a761490275faf63d18c2deb06112,unknown,Data,2022,30-34 ans,Île-de-France,12507542,18.318,7.0
ca7c721091eb32d4f8f92e25e0ef4c34eecca8e52710af741a13e182f8089ce7,d6d435b62a32dadcb89770b191cca2c859f98c14691d999a7ce62c32150b49b5,M,Data,2025,20-24 ans,Île-de-France,12507542,18.318,7.0
4349e36c06bfbe13d17b25afb795e760f7461eef581e0bf36bcfeec6355b923e,d27761b2ce7ee865a1e5a8fa4f082e0e6761b4c02d2b7b97dc465521b2584d67,M,Data,2022,45-49 ans,Île-de-France,12507542,18.318,7.0
266b175e3ef682d088803cd83b2eadb188c1ce5c6db6283599eeb6ef4d7f011f,81c058ccb4a3f194197b789eeceeb068ab627f74203325bc0458637a069ed8f0,unknown,Data,2022,45-49 ans,Hauts-de-France,5983840,8.764,9.0
85ba9995d26fd794f3f967fc3da154d54cb2f7447eb704bfda5bdfcb7c4aaf9b,e6e3dee5052b912b1368be054520150a29b0cf621070c6d2720c2b6e44e39ac7,F,Data,2023,30-34 ans,Île-de-France,12507542,18.318,7.0
4b3b1a18a5b64ddfa6e2dc8b506e62b16f20e9f30f1ce7fc767d476e93bc3190,3247fd8575fc10d0991e81ecc17285b6ad3c95f1f2e849b75b23401a2db47f1c,M,Data,2023,25-29 ans,Île-de-France,12507542,18.318,7.0
69067a8ede76fc4032a0f17060e21884c3b2767d4637b649ad7e743489a8a1bc,d982eb00d9393b59dcaf03489a31e5edce995b2269d25095c8e1dae74b4d8b13,M,Data,2024,55-59 ans,Provence-Alpes-Côte d'Azur,5252362,7.692,7.9
b6d9f8538bc4dacb4a2e6900f29f22b1fa36ed587e57199d92889015d8ba7844,0cce5d0cf635eb89c3b83bdf0722af616472f02ae423d78857b93bde231e935d,unknown,Data,2023,30-34 ans,Provence-Alpes-Côte d'Azur,5252362,7.692,7.9
33f24559dff065736b3b4fbce8582e6a3acf2066b6cc6c606dbed3495c255ed8,c6dd3c2c6d9c7dc1d445b066d09b77c64208fcaa4edc0b682b6e21cecd3ffeef,M,Data,2023,30-34 ans,Île-de-France,12507542,18.318,7.0
b840b2445ddb306ca5bfa65f952370c23ba6098c4b1afb66152edaac556ce62a,adf38be0d7c19e4fa864540f6fc26baee9601667b7d72b6016ac1fdf7d9310a1,M,Data,2025,40-44 ans,Auvergne-Rhône-Alpes,8238335,12.066,6.4
071936d76d74cd83b20399c155e3ca3fecd8d2d0fc39efcdb9d2d8bc41602498,72ad445956a006f220691fa85be5d20f350c8738502ab803913654ebcc8504a4,M,Data,2024,45-49 ans,Nouvelle-Aquitaine,6181885,9.054,6.6
5b17f5d8904384e507ede4885ec93dc47eaee5d9ef0f40b511f3074bd5efd043,6b5396898edafd72c8a53edb38f4a6a601317f9c7f74761b21ef3c37f71b85b0,M,Data,2023,20-24 ans,Provence-Alpes-Côte d'Azur,5252362,7.692,7.9
acb15102d608038416ab79f1acde033304d39c806a4df73e6b51968ce013c760,72454cc656d8f546ad38f9339eb0566ce086b02590be15e40a49029c5ddc6e09,F,Data,2022,50-54 ans,Hauts-de-France,5983840,8.764,9.0
09612166add170b55f4cdcef7ebb76f8d9de007c811b7462173f723189a46825,69096a6d884fa9acb62a26bbe37512b4fbf5ba281868b562465bf6b1246a469b,F,Data,2025,35-39 ans,Hauts-de-France,5983840,8.764,9.0
f730a5ba3729afc67d844f78f7fdc583e4805705567a41908192887a4a1bedfe,e93087807caa1e2c1e15292e468ca1b80b7a1ded7854a59709d792cc3cbfba90,M,Data,2023,30-34 ans,Occitanie,6165869,9.03,8.8
8625a57c7a8d2ffd454e9cfbc36705c2f71314e1f895a0db080c36d0fa0e8000,1024481225fdce70067d8eeff1723dfdac3149757b177e8678cd5d7ab07a3a36,M,Data,2023,45-49 ans,Île-de-France,12507542,18.318,7.0
b9814acecabf9ace808aca8c77cf18be8727e9d77fff37b3ae54f417670503a5,1703c4ae263aa15b31b2f99dc2d74389a8f854802e41997b16299412ef4c2cec,F,Data,2023,40-44 ans,Île-de-France,12507542,18.318,7.0
a1cde2b90f4d9b946c383ad3cfdef57877c90072cd3fb213a144a175d2f48f05,3fbdf70e31aa155f9639d0ff878f5289fa93ae2a7d087e5c5ec522f6c7b148a5,F,Data,2023,30-34 ans,Île-de-France,12507542,18.318,7.0
2d3597df6520ffd652ef38dff0df75aa1121aeef5f39a6089f7504ad933b87a7,5a7ff95db68b522fd2508361788314d18fb9da57a2ea17e86116d83718ed1771,M,Data,2024,30-34 ans,Auvergne-Rhône-Alpes,8238335,12.066,6.4
a38506f25d82014c6cb293f4d7eee50ca9827abee0b125016b57c5f479ecba13,9d9f29fa38c94cbc903d88dfcb54cf8add7b5364b47487f682dbf4951e671d85,M,Data,2025,25-29 ans,Hauts-de-France,5983840,8.764,9.0
b54e8965135711719f3e71c4f682afa36f40dfacb9576286eeabf4d089b62713,6aaf1e4ab0233f42324d1947bf73a012077dcea2bc55e14ff8a121850ebc49da,F,Data,2022,50-54 ans,Auvergne-Rhône-Alpes,8238335,12.066,6.4
df95aa18c045aaebf92342fdaef4cab863177337a08cdf33348c38e94e86da6f,63bd1dba34db49169e503c26986f0993047ee84e2ec28f7ffe6a76415d7b5e6d,unknown,Data,2023,25-29 ans,Île-de-France,12507542,18.318,7.0
8717a596fe960c5b915ea65b5e81df05a5a56d297c4fe1bf76c929e22f652e28,1b0d3a4b9b6f679575c5769f58ccd483b446f6a63b22779009e8ec0fb7e58835,M,Data,2024,30-34 ans,Île-de-France,12507542,18.318,7.0
60ec9920215d05cbbf7779a3bd3bbec505bac00472b568803dd3c74a7edf6396,f9c2579cb4e36019966edd22959185d54071cc7371a70671c6d82aa5a2356ccb,M,Data,2024,30-34 ans,Île-de-France,12507542,18.318,7.0
4c6dc85047037898fb60df2a2ef592d29d4fd13d27d217c14970e1ea3db99749,289ef6c4e837319d7bcbc4a1d01f083da758fc0e4d02ee694ee3f41f44e8609e,M,Data,2024,45-49 ans,Île-de-France,12507542,18.318,7.0
99ee0585c44e919d3f1a8307a90a2ce7637b74f16c474ef310dbfbf6047886e1,f8a6730f95962db1a4bbaf973cfe597d81b9f069fff441cf40a7646ca2e1d172,M,Data,2025,30-34 ans,Hauts-de-France,5983840,8.764,9.0
98878b0f0585c1e19563ae94b2e3b4253ebf0e6cf828e028a09a61945cd4676d,ab2b1d33bd6774cd460913fbe21d8904f6c31c703c8a74bfe8b32c84e9df2899,F,Data,2022,35-39 ans,Île-de-France,12507542,18.318,7.0
9ff0b343b398eb7559de4153e9168fe09b77b0e534f583dad24aa06281af84db,a9d9946a29fc50ae9b750683670213b3ffdc2a462321195e7de9648b35992c86,unknown,Data,2023,25-29 ans,Grand Est,5557457,8.139,7.3
fb294ca624ca2710034e1a0944d429bfe96ba693a8b8f34577b92cd3802074ef,4c33ee5a823117432197338b96ddd7513ba13a9422e4a09c7573d10ab6dbef88,M,Data,2024,30-34 ans,Provence-Alpes-Côte d'Azur,5252362,7.692,7.9
595ad91bb133ad39facaeae4aa99ef2e2df8cecec4e8a8484d33af59e086aaac,f360708ce91fdb8f74c55b455b5369930de45122bfe1cfdbaf4500edd549a1b9,F,Data,2023,35-39 ans,Île-de-France,12507542,18.318,7.0
3641d0f70971f45c1b4fb37d4516a1c77d512476ee1589a6fec3112994fb025d,56c5d4615ea95f3739f40fa15ae2b8606e93f316705eb7c3e5a4b559963092bd,unknown,Data,2022,25-29 ans,Hauts-de-France,5983840,8.764,9.0
b01082df7197362fd6487cdbe15db222d62a2f9db29521224e7b6bafe3040ce2,1cccc5eec5b73d5cca386bedc1d1835a86501289267c8b3b17363501d3e64933,M,Data,2024,20-24 ans,Hauts-de-France,5983840,8.764,9.0
590f90f6d0227a0cb5fca0502cd207914ca09ebd8da47ba3e3c0ecfc6fd066ae,8200141ae47705e4e4180ff1c72aad2e70204dc315864ee72671936b96409947,F,Data,2025,40-44 ans,Île-de-France,12507542,18.318,7.0
426ed321d745acb594535bf762771705883abba77732d1f012f4dcb81998095a,f91f4bb3fac5b4a6c02157d64008f2be09f3d0d6735af6776b589c2d489c0e1b,M,Data,2025,35-39 ans,Bretagne,3469711,5.082,6.0
d9eef0effd03c2c07f4462c88f941c1f1de81274c6f9e314a2dd32f10c9ebcdc,5a10b23d68040872931a892ef71bc2228c5ed6728d0bede2916b8b97024232ee,unknown,Data,2024,40-44 ans,Auvergne-Rhône-Alpes,8238335,12.066,6.4
4edfea87d0d23a533e409827990ac4fcfe583c8118a6a6f94281b960e7bef059,b1e91db46a152747d404cb8fe83b83f6d94710da991afc4d4f9e9d70ba0e45b6,M,Data,2024,40-44 ans,Hauts-de-France,5983840,8.764,9.0
2606488c68fade951d6d552a8d749f9fb33a7f71258ef2c3da00821e3325f3a8,efd2c254ba9bb2784212e2c1a356a32b744aff7358956e0657ad2aa1cd81d544,M,Data,2025,35-39 ans,Hauts-de-France,5983840,8.764,9.0
132698b4c4cb83efd8a96ff7bd25e5e62c6c40790bdbc161170d7a83b568c711,0126e5402166595aa90b9c40fd8d9e7ae38473d7eb2bf71dbf919e366ac1da86,F,Data,2025,25-29 ans,Île-de-France,12507542,18.318,7.0
86d47e239576a6babc4629832d68945a4020da02da4b109f3ad660913d51faaa,aa64431c129fa6f3d479b93f6a9bcb40959058a58084587353b47c391920f624,M,Data,2024,40-44 ans,Auvergne-Rhône-Alpes,8238335,12.066,6.4
3620c084433cb90d21b0807f7d6a8856f86a7e5fb96a78e8c63a8e03576fc835,c80a9b75e80edef13dfdc095994a8dbdbe5cab1059a5606ea16f5d74718c3a80,F,Data,2023,35-39 ans,Île-de-France,12507542,18.318,7.0
85eef3a624250b6d8017c19197ac9c7f0cd1e5548734ce526cf275f650409bb7,17e790b710af02ec710386b68347966c7405ede7733cb36042f0a10e63af9e4a,F,Data,2024,45-49 ans,Île-de-France,12507542,18.318,7.0
48b73b4b1e7c3d49d92d5eee666eb7577d0f9a06173d1ec4d1bdcd3f5cc767fa,5123d7943047946db3a316baefc6ad483fb7a95350ec612ff92bdbd465a39f60,M,Data,2024,35-39 ans,Île-de-France,12507542,18.318,7.0
86b40178547d29211754506555bf9367aa6c0ae3b2d177f9639117083ce096f3,dae6eb43d60f2265e4d433f185fb41705e7e35ebc26faf0a6ee5e5dd30b393e2,F,Data,2024,35-39 ans,Île-de-France,12507542,18.318,7.0
d7c8d0350a6b2c9e2d19ded3a7d0e0f60950ce30753b44f1ea1a7af4d38bf0b4,28d606756f70a593b919c1d07c608c3b210cff3d12514bd3860de1b861f9c63c,M,Data,2024,40-44 ans,Pays de la Loire,3926871,5.751,5.9
95b27928ae863d6c8ec6842800bebcadf6e06dcc8e94643c2b985c9a12796895,97f71e9171c014b839d849ab9a496b91465c20370ec0f8a8870ab0d17a06a929,M,Data,2025,25-29 ans,Pays de la Loire,3926871,5.751,5.9
ed0f956165aa3befb906fd463c5a89be6eadf1558595d203feb7b7b198710e96,7f06250e37de02adc5ddb780378730067d257160f7af9a9382c4ee46655b9f80,F,Data,2025,40-44 ans,Île-de-France,12507542,18.318,7.0
ae6864c060ccd7e09dd31f4b4c40fffae9a6cb807a7d5a6cdbf6eb8bd6050484,e310d8b4def9344a8a3622c63401f259be63b399248e9ff4613e38e001d3df25,unknown,Data,2022,25-29 ans,Provence-Alpes-Côte d'Azur,5252362,7.692,7.9
7b5f69bfc233cbf39367d262cebfaff5a22a6943342b4bb6d50a4654b3096754,2e50d7fb982334db5881e06036c553b4515a16c9c787c00d60305058b7181a1b,unknown,Data,2022,50-54 ans,Hauts-de-France,5983840,8.764,9.0
f5fdda470c313b7101970a685ef43d981fa1de655424b5f9f44488114cff34bb,0aaf25b66a70d0417958499aa36aaf73fcfb02b8f174179bee5692714fc3f10b,unknown,Data,2024,35-39 ans,Île-de-France,12507542,18.318,7.0
de74ffd15c59d4ba8483906f4ae183c6048c902f22cbb2e597e1baf065080b84,fabfb2aaca65401cb7eff09abb0bfb65cf97d889ea9e688a45252d8811680cfd,M,Data,2023,25-29 ans,Île-de-France,12507542,18.318,7.0
b60a00db9b7dcf7b496d6c5b7791ba353ebf00edfe5f2d90dd4bad963d6405ad,52184002b7c4abd42b698d9cd1de960635f59ffaab898ae6296851ad06ab426f,F,Data,2024,20-24 ans,Grand Est,5557457,8.139,7.3
fbd4aae6a82b37bb141bda23ef1a0d2fe38930cb810e37e26b4aaf40669a4da4,4ccd5415e97699370ef9cfe3598ee861781d725898301177ba3efcf058506687,unknown,Data,2022,30-34 ans,Bretagne,3469711,5.082,6.0
81138342451735eddbe13f87fee4572a9aec478a9dd012668490e5333e45e445,f669966f6cb2b53239648cd17256a159a19f2ac0d210b3966baaab30efa44cc2,M,Data,2024,30-34 ans,Hauts-de-France,5983840,8.764,9.0
5b1d2140e86d9675ff1ddcaeb4dd8d112f769d985babadd2ee4c6ef7d2729277,c00bee18c5619b6fe5d3b4924a6b93c0cc83503f89a167e4b90bb3335a9bd35d,F,Data,2025,25-29 ans,Pays de la Loire,3926871,5.751,5.9
4114457933bb75ffca1ee42346861876796121afbf0cf1febe4233971f8c8e78,2f380361a10d7fcaa960ea7ff23b262d83c875e9a52f84426bc54de5bdffb79c,F,Data,2022,40-44 ans,Île-de-France,12507542,18.318,7.0
09de0a82aafc72e423b4151cddd67d79bdfd4d2ebd0c479d4ae43b0999fd02f8,e4c0e2141055613a9aaa4d609d7c9d912c14480238c6a46fec2372f827cfa98e,M,Data,2025,35-39 ans,Occitanie,6165869,9.03,8.8
21c319fe93ef54106b7967fb0e90a8071d74c9300544d53cbb24802a6e28ba48,27382a3bf61f2085bbf3de0965d125b3441beb89ca8f8c6f7a240b26e0dd9b0d,F,Data,2025,25-29 ans,Île-de-France,12507542,18.318,7.0
3a4138b7205cc0a0683f9659b45aa09ea7bd3c1d3f0f4fd44db07bef7dd74182,26ccd0e60e6ee68cf61056b24ea2464cdb289003b12bd09ebc9754231fc0066d,unknown,Data,2023,20-24 ans,Hauts-de-France,5983840,8.764,9.0
24222c45cdf2ac66b0300c170f8c4f366187be3b6312591e3422900bbd0b3740,b61f80872bc5124e160420817238aa305edb3153deb017904c4fe40e9012d75e,unknown,Data,2025,35-39 ans,Île-de-France,12507542,18.318,7.0
64f5d9144299aea5205211711e673f902ff87e1ab1218c090adea2af922a2e23,b8a78be07deffee89f7af6460fea3ae24ffc92a43dd5064228cd10b113de3b70,F,Data,2025,45-49 ans,Bretagne,3469711,5.082,6.0
5b9bec1719d7eaa69cf0a25ff1957099264cdba6412bfd62e915e7705104cf97,fa0b670afc1fa6b8b8ad7c8899599c48958efae633d099d8795966e5443ae716,M,Data,2024,35-39 ans,Île-de-France,12507542,18.318,7.0
bf7ae1c3231844e1a33a67670875bb785655bbb8d1da4f1450886a45aa14c402,bf608ed3ae2a0469cf1ec352464d53fe55ed07940f9459f857229519818e993b,unknown,Data,2022,30-34 ans,Auvergne-Rhône-Alpes,8238335,12.066,6.4
aab161b48feef5a09f942e5a1310cf69ef87ee6f15fba43aebda5552918067a4,f13cb6e1a5c6fb4d70102d4352e5dcd10e20d6ec1a1b22903a3b5ebbd8674ae9,M,Data,2024,35-39 ans,Provence-Alpes-Côte d'Azur,5252362,7.692,7.9
6c8535dd3bbe65659348198abccf71d5ad276e520ebae7bb575247d6657f995d,4a1d5da571c55df5df649135c88f157bac0b4aa054a1a01b24b43213b7307dd2,M,Data,2022,25-29 ans,Provence-Alpes-Côte d'Azur,5252362,7.692,7.9
df3fd2bf1c325da3696b82f22c46a763982e20f228f0be7669acc6a89d477544,8ad1837b46bfb800a2bdbc412b24e70ec5f2792362d74b411a325bd22a95d0fe,F,Data,2023,30-34 ans,Occitanie,6165869,9.03,8.8
ede004bf4942b81ad1b9f07da3f164f3710e7240458d7dd4cb0b6311ccbfe627,9c54e11f5984736b10a2640edfe7792b8fb617235c6908059071eee1e9fdf4a0,M,Data,2022,30-34 ans,Grand Est,5557457,8.139,7.3
3834fb34d28740b6b6021ddfcf8a3466c37bf7a9640b4f9af8ee3e58c9635bb8,6355f49e64c7f873663e05f9abbb9ab2ab819964be874acaf9f896b5764e5016,unknown,Data,2022,50-54 ans,Auvergne-Rhône-Alpes,8238335,12.066,6.4
52d84bbaea5b9d47865a1aa1b41a76c231ffd7e475a31a28688aa894ec315b81,f1f5fcad0cd3bc459f946e78114cbbee1accdfdc69b64028a008694588e36655,M,Data,2025,35-39 ans,Île-de-France,12507542,18.318,7.0
ff22d643f889768d9db24c14ebc622ede46e45b469fb913004ea615912b93d2b,a9637f1f956b52d6d1bd017fea39eab5e8c02d8f9da5083ada15c0281e9d1f98,unknown,Data,2023,40-44 ans,Île-de-France,12507542,18.318,7.0
2b0c3c0d0ecb4979caca6ea77441ad77bde7c4f62c223234added7aa58339374,f881b8f0e2fd0988766c48e4639818bbbe84fb1a1f49fc109c27d1af63d3b52e,unknown,Data,2023,55-59 ans,Île-de-France,12507542,18.318,7.0
89d3555466d143d150ffea340c9f603feea9e6379aba7089665e929f63d1a2ff,c80343459519e0eea8cb1cd12cea5fea27f3a0ad70f5a8f9c125ffa338bea0a9,unknown,Data,2024,45-49 ans,Hauts-de-France,5983840,8.764,9.0
071936d76d74cd83b20399c155e3ca3fecd8d2d0fc39efcdb9d2d8bc41602498,2acb0d05fcd640c8b239e9e4e6bd128c024d41b906a909d9e606ab0c217c9860,M,Data,2022,45-49 ans,Nouvelle-Aquitaine,6181885,9.054,6.6
ff3ac44ac6adbd4b2dc70722c90b1e2bfe63af7e3e84627c95af961deb21e7b1,a9a0bbd124598c5ebf1d1d119a21348baedd5b8194975d255cb24f2c49e5f02a,M,Data,2022,45-49 ans,Île-de-France,12507542,18.318,7.0
f070cb1b2aa2778801cc4d20bf9bf191e813cd75d1d1f36dbe22265942c7539b,b1f2f8a40797519bab0635e848247de7c0205326af12dd278baa3857e7532e0d,M,Data,2023,35-39 ans,Auvergne-Rhône-Alpes,8238335,12.066,6.4
2c56df7f0f58817aa63c377229cc3eaa86338ea1c461c895a0b6546bc566687a,bbdd7fe84cbd9a70efae50940fcb242180514137c079a7cf88a01be41ef122b5,M,Data,2024,25-29 ans,Île-de-France,12507542,18.318,7.0
36f4a802babed96ee7f8afed78056cb368b0e8c6f226e4281b40ac96c38e28eb,12dda5d161ab767d0c5e896fa3466f626ca274bf2fe1df04e2551bead095e647,unknown,Data,2024,50-54 ans,Île-de-France,12507542,18.318,7.0
620988143882b72a8fca04fad838ac2e6f501ea4adbdb79301ce00ed5297d024,d6c72fe5250b0dc28106322cff80624cec466bdc12b41243fb3d25caf082e7ac,F,Data,2024,25-29 ans,Île-de-France,12507542,18.318,7.0
5c431696c2db40e1a69c6709d402a849333b68492bfaf750984bf1553bef6ac8,fa1d950df1ececa718999b93ca063ada82383765fbc048ee4fb29a3168a48fa9,unknown,Data,2023,30-34 ans,Grand Est,5557457,8.139,7.3
5a9618679df2ae4d0832b7c92d612f5cfff0438196bc17cca899013c77a7d187,be2543f580ff1735883ef996d8ee0b5c7dba335b03f16dc03712cb6f91ed3aa9,M,Data,2024,30-34 ans,Nouvelle-Aquitaine,6181885,9.054,6.6
7c28a287c0ef213546ca31b527e8245f7674e47451f5f33029aca645fa1306cf,a6bb78cd9fcda2b290a4850a48de90609374e692b6331ea6e3abece42466e40e,M,Data,2022,45-49 ans,Île-de-France,12507542,18.318,7.0
d6264f6be47f4b96d441b65eb2f6e9ec36c06777606020865d82b988510e9e20,6a79229148946092b7b5dea8e3aaf589e5ae9caf47facd6c44053652befb3e82,M,Data,2024,20-24 ans,Île-de-France,12507542,18.318,7.0
9763a95e233528e15b2ea0065ac351775417703a501e935714041d604ff5340b,077d2951ab50e830ff33c7651950caff3675b941b48b053835b8f82c5db5ed35,unknown,Data,2023,30-34 ans,Île-de-France,12507542,18.318,7.0
f0404e33457d914e738234e5140f5f428e14dee26bdb330a918584ed77bb9975,a38f1593ae01216e1ebd761acfacf24ee6e762931972d6566c15fb320b1c25bf,M,Data,2025,40-44 ans,Bretagne,3469711,5.082,6.0
61123dd2eb1f14d0b4525f6de2b9e0e5c66999a3891b3f18718d8fe380418ff2,a94bda27dcfd645f2f0fab9903a168ccf068b1622f9f0d2a7c3971d8f6e71494,M,Data,2025,40-44 ans,Île-de-France,12507542,18.318,7.0
61756fe055493e70867b3dd58d3dd1c58ab2fa086386795764009a3a031a4485,317d7d0db5e3cd369d1935acf08515f962c33e74af0b266b61855edbbb42f6ca,M,Data,2023,30-34 ans,Île-de-France,12507542,18.318,7.0
829fcaa46152b8bd7fcd8dd4aebbef1d3a33b7cfa56aa3ed42012c0a6dc902c6,01670d7af3bdeb2968fa74d96d086f55317acf1aa31d7e27d462ac775a613043,F,Data,2023,30-34 ans,Île-de-France,12507542,18.318,7.0
df50525320b8ff3d5df4cd59b3129d196dd963893d9c4a8cd5fd71afe4630e54,78a75b8c958bec95abd9f238c462db10d9c932aef1729b7263991bd9c62a7b15,M,Data,2025,30-34 ans,Provence-Alpes-Côte d'Azur,5252362,7.692,7.9
f107ab321d5c3a12117692d89854f886117cfdfa3024e831f780b9809adc757c,0a92465618e64bf2c640e3af5fbf1a2cbfd5a9c545afe2679a8439cf8be3f8a4,M,Data,2023,35-39 ans,Île-de-France,12507542,18.318,7.0
5f868d3a2a1685abeeb9a3c875b6732b3a906c3799e21382396c74376f42d212,6beadf905be9e14bb428c5425a6706ae1f00a382c55536df7413928c1011a9db,M,Data,2024,40-44 ans,Île-de-France,12507542,18.318,7.0
873818637f03f871b662076d8721c35aac9440ca0e633d102174c81f0998f182,c56e42897b9b02424442183a9320319678959313a124310f077affcbfa2eb419,M,Data,2024,25-29 ans,Île-de-France,12507542,18.318,7.0
cc5835a499491f0bbb57c6a5916d2869b317a261f296f0299a1806506805c35b,fd0625af287bd2859a85bb3e78d43e0cf786bed1d21fe6d8f5e1f27952942472,M,Data,2022,40-44 ans,Auvergne-Rhône-Alpes,8238335,12.066,6.4
65f8a6949c28e87efd641e055ea76261b66fcce7a89833a5ffc071da1feb9654,62aad5f1584b09c50332f74ca3f37e35f36aaec5e9ce3d5c552a6eb677990ce1,unknown,Data,2022,30-34 ans,Centre-Val de Loire,2588006,3.79,6.9
28a610a8a857428e79fdf018cf6d32a69c741ac1833d84b9d78ab36d5fc68c98,1dc59b12ee515ba96358a6335e740e1a33087e65ed76ec249af8c57a14a9ffde,M,Data,2025,25-29 ans,Île-de-France,12507542,18.318,7.0
9163b45539082ad3fba55ff9037828024f6d0eff9ea3f560523ee5099968ffa0,150517db46d5f27fce92943cc1a58e32eddf93e078e068be0e48ecdbdb8e139e,F,Data,2023,50-54 ans,Hauts-de-France,5983840,8.764,9.0
399fb125521a75b61f3a8f3e1f0ed4427b7648172e071fe1ba1b8f05672e6a9f,752cd33d6cdd64a1c02206784eddaca42df912c4c9e5f018c6a1e009fca25cba,F,Data,2023,30-34 ans,Bourgogne-Franche-Comté,2800180,4.101,6.6
272be83d7176cfe4c18dfd36fd29619e81f18dd695d407eec77c2777b820b00d,67a191be647c0b9565786ec60c6054bc9c062095f110b11ef6dd0835c685c5fc,F,Data,2023,30-34 ans,Île-de-France,12507542,18.318,7.0
8622cb4ffa2758367f3ed6ae5df31eeae512936fdaece971b299c04733fb1e6a,f6f32a05ba2b381ff79d10684b78df0b50a2a36e6e4264621a774c50feb2907a,M,Data,2023,45-49 ans,Nouvelle-Aquitaine,6181885,9.054,6.6
504dd3771d7cc82c2e09c9ddeb6a338076950c1a3286c08f458e18ddb004435a,c62ee773c3d5257ab01ff21f74f5e108efa8b288c7c3a0c85d2a50941da8d0bd,unknown,Data,2024,35-39 ans,Île-de-France,12507542,18.318,7.0
37c48fcbc2833e9ae863003941bd15ae8a4d1c898353b52112d03defddf02bf7,8529ebb5d7e0453b9d8b557bf43a6a0509177f8a4f451cd7de059217719af1a0,M,Data,2022,30-34 ans,Provence-Alpes-Côte d'Azur,5252362,7.692,7.9
25146edc6fecc8ec684442d1a853db3955607bb682d1b7959ccddba4a66ada06,ff4af47438ac7e8f0b61981f5596f9e6f3651b356cc213d7c35faf856b8023e0,M,Data,2025,25-29 ans,Île-de-France,12507542,18.318,7.0
cee7b57be35c42a4f466d4e29351a2808b5f6747f561a6762ce83086e625e8d3,3f0c732927f1da5d7c5e307ee10c7fe1c8ccef53e3c44985bba4cb68b769b06f,unknown,Data,2022,30-34 ans,Auvergne-Rhône-Alpes,8238335,12.066,6.4
5dfb4adcc24a7f5d798d0811b09a0232d1e9e533c94de5249a72cbc8e85d2cd7,b3e0fa2cd231873834baf52495606db6e2974a74a8c6725c01039fd322d2a69c,F,Data,2022,35-39 ans,Occitanie,6165869,9.03,8.8
454a728c5104c670384689167b4cbdea3471d5b8c4b22ccc14f52a34b167c395,7abd2042a7e09ac51c964a2819f76277b8034b569eb54e410ee1941f6c458f91,unknown,Data,2022,30-34 ans,Île-de-France,12507542,18.318,7.0
af315b8a1fa8206f0745319d42b931956a01bda4061d3a66f8c25f27c6ad0e57,44132fae923e3a2ea3cc3b125ae093c7d318fa05f24cd3b5b275f30fc07bfb09,M,Data,2023,25-29 ans,Île-de-France,12507542,18.318,7.0
6a06bb66439daa7317c2266c42372b299a7b6b54a77605dee44148e8df3bdcaf,2b9dff1e39046ed81c748471b80b111a50ba6c28f504e60cce023f7f18c2273c,unknown,Data,2022,35-39 ans,Provence-Alpes-Côte d'Azur,5252362,7.692,7.9
34b7c2454298f7032372810cba61d6d17cbee5f5f67b89a2aa292b4bef7d500e,09b34a3bea2429ca0200e3403a17bcd6569f3dbd3ca712d60ac16064784ea600,unknown,Data,2023,30-34 ans,Île-de-France,12507542,18.318,7.0
dda8e772b317431f281c013222b776a1f278ef991ec09ac3d1cef209778c7352,ead57637aab783a9c5e6e8ff1efe5e13810a792fdfa2d7a771899c8551d29383,F,Data,2022,45-49 ans,Île-de-France,12507542,18.318,7.0
72dbee8e0b0801a0bca799b6e011f282b4b19d3a8fbcb846f7b1ddf0fe274a38,9b4e891c2e8a078526dec4319b954d120cb7519af75f745c7d6023ca901c3b23,unknown,Data,2023,55-59 ans,Île-de-France,12507542,18.318,7.0
838822d3ba29e139a3f91c8f18a313aaf2e730d4e8b8fb4f35002deaae82f447,13206e86879b9c193f6e682d468a05123949e3bbd2c67d445bbe9de9bca7d041,unknown,Data,2022,40-44 ans,Île-de-France,12507542,18.318,7.0
aaf11219a2fc03b534645506f4ea006df47113e41f4032723415d47702db402b,00dcd482197398ded4394d9b7bfaa0462cce898886959428cbbd12f809f3dded,unknown,Data,2022,40-44 ans,Île-de-France,12507542,18.318,7.0
894ed56d56e9bb229bb44c7d4252ed360e946eb6d2eedc79e18ea8877531d1e6,d1ff231a8506bf3391c5c24fdbeacd92b326802c630eb9aacf6ca904a555a968,F,Data,2025,30-34 ans,Île-de-France,12507542,18.318,7.0
7f242673d423779b74bbb805c5c4b47681ae42f914214a23338b35d9bc8d3506,955d797c2b1f97d38ed5bef40ccf8c35b218ac769cbaf61d1e9cfc95d238753c,M,Data,2022,35-39 ans,Île-de-France,12507542,18.318,7.0
0f0258af6be32df773825a66501f4a53eb368c3a26166386cf90e6185b29e747,13e3eb5d30d63c0cfde9dd15bb4de7cf9c788aab9cee43888d341c39e62a5987,M,Data,2022,40-44 ans,Île-de-France,12507542,18.318,7.0
54601c563436b7c7a4e57b1e56011587562f07f506a22eec092e53c9e46ff892,d142bb224a9e209d5949871e8954232dda7985a9be0c65960f69a1ea4aab49dd,unknown,Data,2024,25-29 ans,Hauts-de-France,5983840,8.764,9.0
8a8622d112756c5e6af7b6df0555423f00012760851a0bc80e5a5bf806647840,1305496d3a5940da13a98a99d180661ceccbdfa725931ec99ed09033cc3b09b2,M,Data,2022,35-39 ans,Île-de-France,12507542,18.318,7.0
6f2ed55fcc3af5313a5158c79d28f093ed478028eea271bbad9cd61e654e22c0,44be34a70186dd00a98d6dcc3e27048fc06279b2c328d73bf81b92e70146c68a,F,Data,2022,30-34 ans,Île-de-France,12507542,18.318,7.0
800c3db1e4dffe2b8b28a98540abe8ca5eb9a8d782a252a6691f75dbad8c76c8,a69dc3cb5083b750f498be941c912dd92b33d8a58a616a31fb1b010173873c6b,unknown,Data,2022,45-49 ans,Auvergne-Rhône-Alpes,8238335,12.066,6.4
d68f83a768001b13f719c4199fb07e2f135c5762a39673712ff99753922a83a3,a92471e938e0ce91624d1f5832632667fe39fb927258385c26fe6d5d5b6dd51b,M,Data,2024,40-44 ans,Occitanie,6165869,9.03,8.8
82483033ce7fdfce1ae7c2f1b961fe65e05e2e95e9bdca056d9c450286b34378,76f96aa0e194019021385793093dd714a6d9a54316f4038e79ff805a7edcd0f3,M,Data,2022,35-39 ans,Occitanie,6165869,9.03,8.8
677edc4771b5ddc8426a1692a9b67d7cd38930c5efc53b43fbebc8294531aebd,8a4b4b71ddbf2b6bd5c092852acfccf6342845785547b4133ab4c14399ffe9dd,F,Data,2025,45-49 ans,Centre-Val de Loire,2588006,3.79,6.9
fef456bfba2f4b996f897240f283050bc9a9c1d21f8b1dff48cbcf3df69561e8,33976f81b342f208ae5af6e97ab4baa6bf7bb96ab754e74a3bd0326d9866753d,unknown,Data,2023,40-44 ans,Île-de-France,12507542,18.318,7.0
feb1a75f5477ff06102ec1137d2e3d557cf61e3f9dd00e8bdaa2c1fc2ea40436,caa78eb543c19fa0ef35efe01ad7734a2763bc2801740c879f3d68f31a5ede05,M,Data,2024,30-34 ans,Île-de-France,12507542,18.318,7.0
f7a172299ce67aafeec3faa266c1cf7281d5433d698f1192660fdcc4b723d86e,c69099069f34d3731291db3751c1ec9e70c4310f136c084a61e88d553dd88ea1,M,Data,2022,35-39 ans,Île-de-France,12507542,18.318,7.0
c3f946d5128f907b22402c39ef9600d901fabd6544435c368252abc925edb984,42c991e35ec06aa657295c3a305721045bbaac096445737b4f01ab458c2fe3ad,unknown,Data,2022,45-49 ans,Île-de-France,12507542,18.318,7.0
7ac91288b69a4788e42b9d9252ed9133c89b42ff5ae815a2e0012f3c279ce0b6,5011438798dfee3424998ec7548c5099e2b60b7721fb92e8e89e79ad4d2cd0c0,unknown,Data,2022,25-29 ans,Île-de-France,12507542,18.318,7.0
3b6853691a9c7423e5d7afb6970f340b42fe349c5e547f61aeef8b09f6153e61,d10da15d21be619ffc273d6c18044be2029a7aaf44d0f42746d285ad4f372978,M,Data,2022,30-34 ans,Provence-Alpes-Côte d'Azur,5252362,7.692,7.9
6e3231fb442fa7013eb90fcb82b93ea88793f15ad424ba0df92cbdb6a116ae0c,c736b09ba730d8266d84cbaa0e9026aecca858be3a30399b7d74c6986abd4ba5,M,Data,2022,30-34 ans,Nouvelle-Aquitaine,6181885,9.054,6.6
66342fd7db63fbb1219108927b016bcd246261dd56ef61d4683198b83150e72c,9e58011b83e9702bc4a952c6da41346ce5c8c9370b31d7b863419a338dc9950b,unknown,Data,2022,45-49 ans,Île-de-France,12507542,18.318,7.0
8c5b81cf58aec52588e87bbca27e9379c20954ed7fb53f5f7c91357575a9b188,16d765bc5f4ce21aaaf2292f9ed99c57b2fa430eeb60de0f9afefc87a115fd3b,M,Data,2022,50-54 ans,Île-de-France,12507542,18.318,7.0
5645fb8adacd1d4351f9d7499f4f991c847ff4310e1857561012800f4b90e411,181e1ffed8774da2aefe0dd5de1152fce8000e68df37462784ebb6e70d2c1114,M,Data,2025,35-39 ans,Île-de-France,12507542,18.318,7.0
5bd42125e8a13c05e986600d3de7f61720f97e3b65d714f5d441b1bc8b896f76,fbe54813058fc81729304a9777b20c9570127737c2cfb37ee5be7913082d34dc,M,Data,2023,30-34 ans,Île-de-France,12507542,18.318,7.0
a75ebbac4ab77160a66238398c41ceb55ec62e05d51b4c16b6de0eaae99aa678,97b91eb2b465d262c3afe0d184abcd0448b116c2d4790206fa2c373b76372223,unknown,Data,2022,35-39 ans,Centre-Val de Loire,2588006,3.79,6.9
8510a9ec36f56fb8aafe93441fd8b800ec5986c54a2345432cbb766a29ce8404,d8c450544ba2e25106ba7bf02ebd04742e504fee0b3ecf65a1c764c5bffe2c80,M,Data,2022,30-34 ans,Île-de-France,12507542,18.318,7.0
f5a320e25dcb84938bfb653297dca09c20162ee09632266a5e5fcbcd7d7b4efe,fafbce336f28638d0bfa005ca34994bbf606e6efd29bb8f5edccf6c46fd3ed5e,M,Data,2024,25-29 ans,Occitanie,6165869,9.03,8.8
639af453f1926aeeb16ba6fc172ad86e7656e6ca6313c32dba78aeafaab66591,97ede5a7d583476b3fd4c34f170a1106f2f41859e6c49b818e53810fa281a0ea,M,Data,2022,35-39 ans,Auvergne-Rhône-Alpes,8238335,12.066,6.4
669bd46a36ad8aed8c55cdcecfd2f014520099a7674fbb3b37c67f92c2289cf1,fb45f1558b87a0a4569cdb171b4cd3242881b20fc8d60cc96c0ea73fb07b4a4a,F,Data,2025,30-34 ans,Occitanie,6165869,9.03,8.8
c4369a88a486a7eaffdad0f659d2d7411f51c3325822327f4787b39b49cc8dbd,47fdad6bcb1015c0e4b56d5b7282a72bf239dd3a45bc4e3516ddf5ed1d2423a3,M,Data,2023,40-44 ans,Île-de-France,12507542,18.318,7.0
20f269dd3b74f758939b959616f60a677cc7bf7431c774e43c12cfe60b24ba81,6a7045fc9b091670d96f2bf2bfebc41a13bc5e0742a004eca695ef5f9c21016f,M,Data,2022,40-44 ans,Occitanie,6165869,9.03,8.8
5c431696c2db40e1a69c6709d402a849333b68492bfaf750984bf1553bef6ac8,30a03645489e54d6f41c86b1454ab9da39234e6f04a70bc4d4f3d205caba98c3,unknown,Data,2022,30-34 ans,Grand Est,5557457,8.139,7.3
5fb532785cf1ea70b8cd5ae0cd04feb58959aebb883d36cca69c6f9b34ef9668,e79b197cf2776d6b34905b53c759ba181aea327cbd12083faa874162424e7502,unknown,Data,2022,60 ans ou plus,Île-de-France,12507542,18.318,7.0
23a29eb3d834a2c7509e8d0cd3cbac483e51c6a5610060c86baa7c4d21bd0c98,d1086ae7332cca93e2efce7afdcd0fb447f26494ec421247df4e0d6e85f5a4e1,unknown,Data,2022,25-29 ans,Île-de-France,12507542,18.318,7.0
66966943cbefa1d9b9340b5a479167d1cb8ab3f283dab56360ee5fcf0fe7e567,055c57087ff45b3ba6f727561966476a1ea26cbe773f772cfbdc450995731dc5,F,Data,2025,25-29 ans,Provence-Alpes-Côte d'Azur,5252362,7.692,7.9
1e6124d64dce29e2c60a4b7172802ef52b9d3f4834a24e16cf8876f223ba5496,1d851e55875ed0d7df0e02a85a78372915803d399203dbd4ed2b2e4d659ed3bf,M,Data,2023,30-34 ans,Île-de-France,12507542,18.318,7.0
5a1ce9a261138e77c4d37e93a60648dd6eb8c5e38dfb271e4459500f7edcee6d,23c41f1479db767b902331fe05b762cd3a558cd58c2a94cede29f005c1e3bc2d,F,Data,2025,40-44 ans,Île-de-France,12507542,18.318,7.0
2b5d95d7fc263b4197855969f205d0836bad74f99fe5db70952d91be725bf777,396817efe75037e33b07eb39afa0ba9db5ed1ed3d96fb18c6a0c2b0517fd1692,unknown,Data,2022,25-29 ans,Occitanie,6165869,9.03,8.8
c3b6a3b7ffb3823e872605fe84a2eea3b0176205d230d54a73dc6403d350f9b1,0206971377f878b3193055ccadc8c92135f39db619941c9ddea48f9ea84f453d,unknown,Data,2022,25-29 ans,Île-de-France,12507542,18.318,7.0
1cf30bf4c28dbb967cbce494da82257d55c10f472ae5cfdce37565b21c9ffed2,75905609513aa28c238721b335b68bae6f424fe32fd375a785971b097d0da370,M,Data,2025,35-39 ans,Île-de-France,12507542,18.318,7.0
f2a9a7714b456790221e7d9d86f009448a642714ab85897a21c40ac95c9d3b2a,14ec094a4e02cb5295e63beffdb48e92fdcd6cd94cc5bda1d3f6c987387fe2a7,F,Data,2025,50-54 ans,Île-de-France,12507542,18.318,7.0
d65685ef7e02aedb321bf58c3029d369501fd88d2847dd2803c37419e4b3f86b,fb567dcc95b347ac65b0e3b25ada4a20ebffaa1bdb2ee4a24138c9e6fd1f0e7b,F,Data,2025,30-34 ans,Île-de-France,12507542,18.318,7.0
c46c77fb8936025be0e9c399683fe3366cbbc50c38b06a37da6ec62fe87f1ce3,b1179f00fb9ea809828602e514ac6a2d8232efdb7a96b129a0b5c9aee852d6a3,M,Data,2024,40-44 ans,Bretagne,3469711,5.082,6.0
2722a1f4f8561f955701fdd026d820b59a1b165a8b77c10fa382d7bde95939f0,1ba309389ef4662dd58d0d8d00b988dd620bf518b5d7afa8dc44e1ed78e264a2,unknown,Data,2023,25-29 ans,Île-de-France,12507542,18.318,7.0
912b8eb55930b6ec3b3c1ca6a50c613163b4d5958fe19353444f25be00aa89db,d2992f80a21602cdc45c4b5235038d2c60a31637dc3dec35c444040e8b5f4961,unknown,Data,2025,35-39 ans,Île-de-France,12507542,18.318,7.0
3c8619fe52c4ed6c88e6138554bb684c02ee55bcf59cb10582c2f82330a8ec80,71d41bdabe7872a6aa134aeae47044cae4f8a4b87b5c4f1bc242f3b645ab9412,unknown,Data,2023,30-34 ans,Île-de-France,12507542,18.318,7.0
4ca60f04a70d2d47196596eceeda60dfe479b5406ade4051eb35e27d286a42f0,503965c968f4424bd514ae974d6e3d0f3b1ac109cc742436042f3fc86ab146a1,M,Data,2024,25-29 ans,Occitanie,6165869,9.03,8.8
2c4ed0d8a8e3c24cfb382e64f2d137c4118dbab286f4c4971826a4670f2bf51e,1d0b5a637223304e8eb5f3215de7ad42f1bbbac923cadc56225b6d68ce663f3e,M,Data,2025,20-24 ans,Occitanie,6165869,9.03,8.8
6df746a22986a7325fe42252d37c20905f51d3d19d0f1acae687c59fbc8d7947,3755205d668997b08fb39d84c7c0860a8b6559afc7160b399ec92aebaf498ae6,F,Data,2025,25-29 ans,Hauts-de-France,5983840,8.764,9.0
a474983014c00fd25df1db280c9e235c941f1ba5aabb597e2a8cc7eaba218406,4b4675324d2ed921e6c8bbc2804fc8ee00485dec99fffa8752687297fb2ac29b,M,Data,2022,25-29 ans,Normandie,3348960,4.905,7.0
eab7d57764f17e217ebbd3de3513fe010f7a3f9fa1833a70406aa25960bab3e5,4cf84be0404c57c11d1239be1dadb0d31c849da465cde8c43b1de4b5cf048293,unknown,Data,2023,25-29 ans,Île-de-France,12507542,18.318,7.0
752bf5b780ccc62e3a7a663a2f45e1ded62b9993801cbbd12e624d340a211483,330bd7e50219168ab5f5d09c83208b0647aff6ac440e35c13497b1502e0ab0da,F,Data,2025,25-29 ans,Île-de-France,12507542,18.318,7.0
6f97d33d259fd6b4f49fbe5e454bfbae3439d6e67a844796a67022fc5ddd8ae4,4b5cfe11352663102c9bedba9ff0e934cd4372b44827cf030ab72363417797fd,M,Data,2023,25-29 ans,Île-de-France,12507542,18.318,7.0
66126790f2b31bfcb0e0ca77fbfacfa39e615c418921349cf0807aea74705f4f,8ddce2b1ce1aacd65076497cde4b9dfae9615d673c6de4d08474c72955528e24,F,Data,2024,35-39 ans,Provence-Alpes-Côte d'Azur,5252362,7.692,7.9
d579999fbe93608531e626ac8107f0d75e44ecc3127ff6f86b24ecca59f237ff,ebf995b88441a8b25ccb1af085efca6262a0750945502ca5b0f4cfb8527a590c,unknown,Data,2022,45-49 ans,Île-de-France,12507542,18.318,7.0
9e40f18b0e6bb24a44d3d03bfec850b3d3c9becf6a232c8382543ecac20bed02,f9ac9b2fb3b5ba4a15f95a65642d7655566bee678e175bbbe7681e69dfd3b6cc,F,Data,2025,40-44 ans,Nouvelle-Aquitaine,6181885,9.054,6.6
d4c096996d741e0ad4dc332cfa14affe703caca82c4d9b13f7b8fc6784fb8755,2bb053ebaa6fd89f5cbdcb40ce5f190c392d1e349d1c438b5e4e653a4553e7c7,M,Data,2024,20-24 ans,Hauts-de-France,5983840,8.764,9.0
2b12fc0c991b9bc24670219c66934136c6a2ae9ad54bc0bbbfa37d4174a52857,676f35889f26f1154945e1ddc2f190bbd5a6e58f653a7ac5a4d383b34f79fa68,unknown,Data,2023,30-34 ans,Île-de-France,12507542,18.318,7.0
5be9875a9b2926ca7dd8ce6754f64755e3097d73d3a217172997b03cadbeeea1,d3b81afb76cccd69fc84a840cf360892977e533610527d3e2c89e7c6afdbdc10,unknown,Data,2022,35-39 ans,Grand Est,5557457,8.139,7.3
c863146cf9b6db5bac38bd12b5aae9796b742305be9897e5ef3bc397ac9573f3,90c2f9e8a7e21844f5c1a05a4e7499b72c2ff693db79a8f7a66059c95181e864,M,Data,2025,30-34 ans,Île-de-France,12507542,18.318,7.0
53adc297efe93dff6e6f8e33070fd176bc014c613288d135a5bb1df95e71a25f,b1732f24c61afb6307a8826d6e5c8efc31a88eda38ffaac8bbd32147c5cfce9c,F,Data,2025,25-29 ans,Occitanie,6165869,9.03,8.8
6c633e05f29f6ec33d525bb29d45e2336560fb6bec59f8253ba687b7df0c12aa,641a951b66be95050b0bc8c35dae8d8059c5e49341368c9d2f57e76f1dff81d9,M,Data,2023,35-39 ans,Île-de-France,12507542,18.318,7.0
3b8491030a30508eff3c46ecd1e2b10e128739697e3a3a132c085a22d29bce48,b87f0d17ec8cc730ae7a08516eaaf203e7a04fec294bf7e12cde862726275347,F,Data,2025,35-39 ans,Île-de-France,12507542,18.318,7.0
b38ee12ec3a86a3b410c3dbebbf5bcb4dd68b45957c8fd607ff05e401c310f43,5ba659ceaf229ff241a19a66c6a81c820f8ad91177803004c65d71c6fbaebd9f,M,Data,2025,55-59 ans,Île-de-France,12507542,18.318,7.0
164bf1fe1671f8cd2e56a4e01d6eebfd1871a4f3614ca90f779678ee666b0473,a0cedb53bb30af542d6ef0096f02f708a6369389f8a8a953afa3646f9cdfc938,unknown,Data,2022,35-39 ans,Bourgogne-Franche-Comté,2800180,4.101,6.6
7311f5f51665580bd92971a37ca4b5be1f910dddfcff91fc82675df1f1246792,200367e7a247e6ec428e9f579cfeab9a867f7328902e7aeb6b953cf221d52acf,M,Data,2024,25-29 ans,Île-de-France,12507542,18.318,7.0
6aafc309219a89b2a177031b0b1e360068aa7ab6326054c750104478bdf66386,bf541b75639c49b813b93d68fad370d98e5626b8387926227e7c26f661c5cc20,unknown,Data,2022,30-34 ans,Provence-Alpes-Côte d'Azur,5252362,7.692,7.9
4960351a419be6c5bb367dfa6509dd074b8bb2795d8f3860ccfa28d4036e1b91,f65ea5cf9970757aabe31ef4b252f7a7163aa38824b1bc921bf61dcc9f2d8a0e,F,Data,2024,50-54 ans,Pays de la Loire,3926871,5.751,5.9
25d2d0756523e9abadfef15fd6c97405b439fa9e53a08fe200896b04844c53c2,4645b518bf4207655a6b77703682c8bb1652618bec29ec87a78f658902f451ba,M,Data,2023,40-44 ans,Île-de-France,12507542,18.318,7.0
d38395c610de828c02cc5121c6d71ba3ebf7234023ea141d4487ea55ebb48f48,75e5fb9257a0c5c80a544725a3f65ca9202a62d480906603884e8357d5b2d2f4,M,Data,2025,25-29 ans,Grand Est,5557457,8.139,7.3
11b42d33a0bc09373e9b4856985db4b5b2dd72c4ca31e49e7051ad208576f501,8c15a3a34349286c8ecf136e23ad5a4642e50bd323a33a1f9c006ef4ca3b2073,unknown,Data,2022,40-44 ans,Hauts-de-France,5983840,8.764,9.0
4ba1fcab994a626d9e2cbf561e961765d95d2a3709868ce6a581daa4e28b2a41,bba543c3e014771888c92b6b11718c1f21fa60dcaf758e718db8bd73765a2048,unknown,Data,2022,35-39 ans,Occitanie,6165869,9.03,8.8
e587d91fe47d395cc88b4d8ea096303c69db1e2056febb25d0fbcaa0ca51cb3f,5a1d88372553c02c774f4dcb42d5452ce96ff0304643a055886e8edb292309e8,F,Data,2022,40-44 ans,Grand Est,5557457,8.139,7.3
21a7fb96399758d6082f2bc3e5e9173e82382ce48f91e8c2eb3a9b0c3ba7ae30,34b211db04a50a928d8a9cef5f3d04db4e4ea4e377e43dd75e45cef6c6ec9d64,M,Data,2025,35-39 ans,Occitanie,6165869,9.03,8.8
5045eb46f7712d82451bba5ec255d77baeb62f9c02afdea845d06eeb96445bff,884b4213e3880ce42bf5c682990905f51f67494945bc5412aede7c3ce593aecf,F,Data,2025,30-34 ans,Nouvelle-Aquitaine,6181885,9.054,6.6
7ca2899ab2193d0cfc2b6459f346ab517fb1b3c2145718a10b9688a7120b0ba5,8a2298a806a6484e4ab8540be8f9872f7afeefd5bdf8ee905914ada2cd472195,unknown,Data,2022,25-29 ans,Île-de-France,12507542,18.318,7.0
01a1a68ccffcaa6fe42017def4f4dd2f214c6e9f247e1c60c0020d3f6e0a9c78,601ffa92ae350130512887eb2e393f401db9d0dc4dc7773aea8283b59bb87fa7,M,Data,2024,35-39 ans,Provence-Alpes-Côte d'Azur,5252362,7.692,7.9
5cfde4d4f982d45ba01abb6f53b89e9a48f0c1ca28f8549c50d97dec969765d8,b0bcad34054ccaf936b8123468898fd804133ae17537ee21fe4b64a0ae07b31c,M,Data,2024,55-59 ans,Hauts-de-France,5983840,8.764,9.0
20adacb7a01809b011ede0713c05a6622f107e72eb3780043bb5284970ff2df6,1d83897ae06ef1ecdfcbf799d20775fff90b98495312b0cd06d2e5c755d73af4,F,Data,2022,35-39 ans,Île-de-France,12507542,18.318,7.0
5a74979d4a1a9812dd6696aca93b171ed740f4473b14c9fe0f9ac72dff0e383b,079cf514f8ec60a82aca9a9697975273428696cec6c55f7053813cc62acf94fa,F,Data,2024,45-49 ans,Île-de-France,12507542,18.318,7.0
92c2016b5c6d19339c5cd3d151ea9b9d87c31ad79093735eb62074064e446dd6,c32e1a696630416fae9a7a728b8a66465ce12fe5d061817ce843c68d1e1f0f3d,unknown,Data,2023,25-29 ans,Auvergne-Rhône-Alpes,8238335,12.066,6.4
9e2ffa67342310ff2ecdc8a46d2c73c94f2b23c096759b9a2c400268e34a95bd,ecd9a7d8c86ef050394322c2a1f6d650337b8cfc7bf361c66b34f4e9346abf96,M,Data,2022,40-44 ans,Île-de-France,12507542,18.318,7.0
27969d64e8fd0486eb300aceec8656488ddfe2cc237f703fc5a72f469860dd99,13423b926c7e21d8f7efeebced48012377c697875674c192760409b01be812e5,M,Data,2023,40-44 ans,Île-de-France,12507542,18.318,7.0
5dd74d0611864de4c21f4c3dcf781ec761a3871dbf3bdd7f0c3aa159c1540068,a7ab5dbf756c1bee53370a74cfe685064c0b1bc895b0c54906e70e341c9a949d,F,Data,2022,45-49 ans,Grand Est,5557457,8.139,7.3
ede004bf4942b81ad1b9f07da3f164f3710e7240458d7dd4cb0b6311ccbfe627,68a6bad8cafd036f4d9809b881aca35b26d32996999912a49f6e23c179e59af8,M,Data,2023,30-34 ans,Grand Est,5557457,8.139,7.3
17250c2bdef35da3b82d0aeb2c9355e1f81a61cddda64d44131edc5e92eaa10d,8bde88baa7d230f569cc3b681c95833b71d2b8030c6130f1b93e6850640eb10d,M,Data,2024,40-44 ans,Nouvelle-Aquitaine,6181885,9.054,6.6
7c4490a1e22571a96ee74c40ab32b915794a4df02b524625a855c4e958f3026b,ef0b062891e35bc4286bc720b56208555f58c9a3677fd370de6caddedcc9d163,F,Data,2022,35-39 ans,Hauts-de-France,5983840,8.764,9.0
397bceff6f8d3215a5c46a418e4617f27398f12427173ca1c5e2d5bb076707c2,b7a131a79600b4b2804f9fb5390824b3274d605048b8e4bc0142b8fa8423bbdf,M,Data,2022,20-24 ans,Grand Est,5557457,8.139,7.3
45369e95b2660f458af280992fa7b2685c42cc3de51b8e1c6cc527ca11520133,ff7fa0280ecee13cfe58e159aca2d8dac77a77be6c782257444b7696dc15bdf7,F,Data,2022,30-34 ans,Auvergne-Rhône-Alpes,8238335,12.066,6.4
9afd01d974b5d56fabdc13fe4096074dfbb69d0a37ff8e19f1a1ef2e9630a780,53ddb0083df3a8620b0a4bae2d89e0280bf655b07e12def8cb4cd43da750dba6,M,Data,2025,25-29 ans,Auvergne-Rhône-Alpes,8238335,12.066,6.4
bcbb47961e001cd582f74d641b982d7745984f951de348ccdbee4ab03eee6815,75b7c64d2d5486a61beaeb9d50ad91f7cac57c60cb00dfa08a89909d7dc8870a,M,Data,2025,35-39 ans,Bretagne,3469711,5.082,6.0
939ac628f4ec2c0da5f5ad132a2337386de3b4cad810d2cf7b3f927d4898c6ff,785d01ec3d504c9b45ab6852ea609ac9fa90ed92b92674b69e1cfbf0f4a32072,M,Data,2022,35-39 ans,Hauts-de-France,5983840,8.764,9.0
8ea4cf1b0e79913c3aed0b7882a14ddebd4baa7006d6400c9d976422e1f65e72,df939226bb4339e9da1ef623af6392cb8bd79349184fdc6c9591d009fe06c705,F,Data,2025,40-44 ans,Grand Est,5557457,8.139,7.3
999941b75ff5cc5f10857c68a554f3ee83f1c472f9e185e35e30fd89e4564a43,42e5f85891906e4f3a69185382231f5393d6dad2b0b755d9c91b1c1f4c66bcd3,M,Data,2024,30-34 ans,Île-de-France,12507542,18.318,7.0
4bdcff01d73d6a1cc0a2123e08e8e9c33efca4a8a3ee735fadc33331d87ac801,c985317bc77b19b328ba19b97436cb185e14d0f85597a35318603e692e4a25c7,unknown,Data,2023,30-34 ans,Nouvelle-Aquitaine,6181885,9.054,6.6
c317a7a7e02545277b259f328ce7d45f2c3a517ac25049320788f6d939309e4d,d93215ddc3ddc59a7d0e80ab4b5f54d3278085876d1e0a771a417d74d3933325,unknown,Data,2023,50-54 ans,Île-de-France,12507542,18.318,7.0
65e680ce03058433522c156b565ba774be0cb431fedb3b86449bf77e79be964e,da8b79504eca85bc096db557e0958726c508c9d88b6cfbd652c17bf2faaf8b65,M,Data,2022,35-39 ans,Normandie,3348960,4.905,7.0
51274d65ad08b13047f944e8d938585be29d3794bf6fb8a6ef9f1380374cfc8d,ddc172fbe7b52c75fbcdbf4e01fa94242340c164d89618090db8b3260dbae137,M,Data,2025,25-29 ans,Auvergne-Rhône-Alpes,8238335,12.066,6.4
a39f70da7b43b830c4f2c589d34468407977331462e9d88b762650ae3b857bd0,f1c16e23ded36ef984de7cd17b2c636f8eda8ddf4e00d124e0218218e9a290d5,M,Data,2022,50-54 ans,Pays de la Loire,3926871,5.751,5.9
1df1d3976db31733201850a3a192f9970ac9d3199ed540a95e62437f76f0c324,ad73ca45bffa40e9aaa5f06059f4a627fecbc558cbf71f2cec829218224ac81d,M,Data,2025,35-39 ans,Île-de-France,12507542,18.318,7.0
4336655c494bdaa79eefe28521ac97b98da4743f21f01c0abdd156485ab58f56,9f19f5dcf77d8f515b397c47e2bf1df815a1df1af8966edc98bf0a5ccf817417,M,Data,2022,25-29 ans,Île-de-France,12507542,18.318,7.0
64c79588d95e1013b315abaed2ea9f0e007b1292a2b10b54069f5b2e66e8619f,b93fea59189839c8602255005d246f3f01c4aabcd91710e0a3812d8920ba8c75,F,Data,2024,25-29 ans,Île-de-France,12507542,18.318,7.0
88004b7fa762b168b816793a19849c2d5e6dbd658754b8f6d88a45604402ba48,61cb562a73ced3b4a07d41989280fc48302b61d6a6fd935caea7016a386947cd,M,Data,2024,25-29 ans,Île-de-France,12507542,18.318,7.0
daf886fd7ba88f12f717fbd425dac1bfdfa0d4bde2bc0e1534227d2d85ed889c,63e3ff6edad155cc643df20446a53dc9e862bcf3387f8912f3c5f16294e1a938,F,Data,2022,40-44 ans,Île-de-France,12507542,18.318,7.0
17b1bc204d11b69248def53746fa3dcdfdefce1cca5ec8e58eb5c6e241f73f66,87f259761698b48c9ae562961c434226818dc82c6d2cd18b70a0bd2df66940a0,M,Data,2022,25-29 ans,Île-de-France,12507542,18.318,7.0
ecee8108f680c4506734a789dbd73dba34d13b14f849c4486484085c38ed73e2,f5786e090b74ce7871d5088f895c49e75c679a6dc63f5bf2aa2c884852d8ec3d,F,Data,2023,25-29 ans,Île-de-France,12507542,18.318,7.0
a79e0ab3105bcae8ee190174431e35c3b0e86bae07cf627fa2a5a762a57be570,916be58f091f7a1563b27d65010f75a57166cfa1090ec0ccd45decfa88d16025,M,Data,2024,20-24 ans,Occitanie,6165869,9.03,8.8
dab37edabc0cd37ea0958fcee37aa2e96f0781fc1660340ce518d83bd564bb2d,b7231f52543b9cfbd22df07418c704531ee5d32024a80a2ffd198b46303a41a6,M,Data,2022,40-44 ans,Normandie,3348960,4.905,7.0
0edb9a655b080ff2fd9e8915012de0c7c3dcb730d3d45284cd951832a3f7d1f2,4c812b5eb2ff28613edab77d20220b30a0a7067e4ea2263af42c7ed8947fdb70,F,Data,2022,30-34 ans,Île-de-France,12507542,18.318,7.0
9e000b800a72fb52d2ab680f7b8d9525feadd7354eaac5a9cfd50803a99493c4,195b869e9b7330d83e0e99ea75d5960c169ce7f6d7efe52316d8d3b44e86a7e9,M,Data,2025,25-29 ans,Bretagne,3469711,5.082,6.0
25b1e369e6b31d7468b039c6bdab57cec814b703100e1be1909cbb0bbeab46ad,17bc9441aeaa9dc4563eee50832ecbc484fba2575f89fd2bcff98dcbaf6e3088,F,Data,2025,35-39 ans,Île-de-France,12507542,18.318,7.0
6f8df6724e8349742028b0e395921282658262de1d7554f5b57e560e4125c446,b6c901f40978b42d835a55920b079edcc50419a3a0c17853fca4fbe5e6e34f2b,M,Data,2022,30-34 ans,Occitanie,6165869,9.03,8.8
69956438b8e52f83579b894792b63e9bee30d96d241fc8ec1b42700cccc3aec9,3d4dc1aaefffec4655685a498a1c9a0d80ec2c7b18116f09e48a27fb8f8af5e4,unknown,Data,2022,35-39 ans,Île-de-France,12507542,18.318,7.0
65a0e77d9353ec662650bd9d8e97ad321200d16f468408e106e532ef68d36e50,0362c77a089f46c5b2c0100bf785e55bf877f0308542066dc82b77b06cf8842f,M,Data,2022,40-44 ans,Nouvelle-Aquitaine,6181885,9.054,6.6
2504940077a4c3313ab2934d9e0a8757fa9f6b1b34baac4ffabfded8b79b3e71,dae7626e4954678e9539370c5e97cb3124d8b3f6f85a9a0dba03dc923384eae8,unknown,Data,2022,25-29 ans,Île-de-France,12507542,18.318,7.0
2daa45525810e5e44c95d5c0aa6d086b4d0e9f35030fa6bffa96a006a3ab4078,b60acc676d357521c05949b779a3a3dc7025c3da7525756121b4f4a30bd8a119,M,Data,2022,40-44 ans,Île-de-France,12507542,18.318,7.0
fbb3e0c535e30d9ce69bea3f9c542fdfdbd23b878048b150a9fa8fead58b0929,6ed49578abc596091ae7e3b87651fb2565bd35af288020154c0b33106ea860ee,M,Data,2022,25-29 ans,Nouvelle-Aquitaine,6181885,9.054,6.6
a471412f8e82909d6cb6c4179a6fe8fafabb77270319727586590cdc4ca68567,db7fcb13e80c692046822d11ceca15535c99a5bef4583ac33912fc5846c15f4f,M,Data,2023,40-44 ans,Bretagne,3469711,5.082,6.0
195ce474bd1bd70879b712bf24c67aab3f98d433a182e2005d0aaa45dc1a4e1e,78cbbde6b3918c164bb733cb8c3068e53bf7de33860090d113423a3552754190,M,Data,2024,35-39 ans,Auvergne-Rhône-Alpes,8238335,12.066,6.4
5b6e7f1035f6d8ebb69edb82cbf9e28538e3ad3e01affb918fdf7d94f54219c0,315612d82f631eb07590ead87381f02b3a34e83117404430a70c0aac4d6dc5b6,F,Data,2023,30-34 ans,Île-de-France,12507542,18.318,7.0
b2ebdc990f60da6c203e5fd7d788897e4117b980f7938303a89de41167425a63,64e9c1ede02098266d5bf9edd58a5f04e42dabe0135e596d65454e4bd6afa94b,M,Data,2023,40-44 ans,Île-de-France,12507542,18.318,7.0
2962aafd5a03c7d9da572c31a1d80723bfff5cb64d192572ad09ccb1bc286a8a,870670071404ec4204ee767e6e2b83caa507a70e7eef3164e2cf2c6beb50ccbc,M,Data,2022,30-34 ans,Hauts-de-France,5983840,8.764,9.0
393cb1c04b24b3154e35911bc67cf40a20881c216ada78cfa2beb1700a241001,51cdfb1671c20ce093bb2c50d3f6503ce1ecb4d48c872f1d28d59925ecf7f1c4,M,Data,2022,25-29 ans,Auvergne-Rhône-Alpes,8238335,12.066,6.4
e1f08ebc6b480e3ebe40fee1c925d5d4d6d257aa3354dba6eece597684592c00,c878e1561feeeb30e4f4ac418c9f303d9a3c5f5aa995a9f997badd6e50b755db,F,Data,2022,40-44 ans,Nouvelle-Aquitaine,6181885,9.054,6.6
2b5d95d7fc263b4197855969f205d0836bad74f99fe5db70952d91be725bf777,1c8e1ec6fa9f28ec864e70de60fac876c9295c2795caba5f7f646cb3edf39e97,unknown,Data,2024,25-29 ans,Occitanie,6165869,9.03,8.8
bd9ccdb4474de0ce8354b9a7a30cd2378ef46ab67eee9e435304933484281d2d,3f7cb2ea7d01487736ce2562d2b1745d131d021637cb05648d492e03bee9030f,M,Data,2025,30-34 ans,Île-de-France,12507542,18.318,7.0
8d6e10c7a2710ba832ecbc98dd6a70e78e72531a64b59aa7420cc7da4929c446,f3a2906b804b3d9663338c0ddbf6405080b9c43236bc6dff7cc65d8bae2b315f,unknown,Data,2022,35-39 ans,Centre-Val de Loire,2588006,3.79,6.9
6f218104917861ff4bbd7942e2513e645fc98ed54ad995a6ddaaa59c0d30614a,32b892026f052359d81329eb70b8fc10cbab2c4785436c9c59447be983d57784,unknown,Data,2022,30-34 ans,Île-de-France,12507542,18.318,7.0
fd1c6f279be14e4f7106f63485f73c4ceacaef5df36d82f44f251712ea106400,8e435d985583100066f62a1679053bcf9c9900eba39982ae719eab52353002f6,M,Data,2024,45-49 ans,Île-de-France,12507542,18.318,7.0
132fd9b526a8f948b76c56e1644fb4ec5e8fb77cf79712b82be03317d0a22c34,51e9817fa0f04af1c85d7de0ad26c04eba3776ad8b0b4236a22d203ff2a8766d,unknown,Data,2022,35-39 ans,Île-de-France,12507542,18.318,7.0
2dead179b7122c3c59eec05950ced2717587bd6ae86b2b38fd9ba48deeb298a4,de85fa4469e14cde6634a643e30d10a19f3d1d691ef0bd40d1c2c3a1caacd4fd,M,Data,2022,30-34 ans,Île-de-France,12507542,18.318,7.0
10fde11d1a81df9d3209ad9ac5952f39a8d7d706a689450ee18847a970964409,d55bce7580b2e39d9e055a6ed53e81d340220f7c3e91e79ff9c26e6822da0ef9,F,Data,2024,25-29 ans,Île-de-France,12507542,18.318,7.0
98408dcdc1691e0702a84d33652b44bbbca7772f2111cb32994e931ee1a3fe53,b9455b3e45c51cb8b245e32333a715e6c2baec4451f4ba269dc7531c30009f5f,F,Data,2022,55-59 ans,Nouvelle-Aquitaine,6181885,9.054,6.6
e26444cc39bb6e867e37ab446423c3e8eb60d34d26bbcc671b5c91580ba961ef,09cadc4776a4dc3ac2a1b610f6bdbb209884d4dcad23cfdb946559f130c14e27,F,Data,2025,35-39 ans,Provence-Alpes-Côte d'Azur,5252362,7.692,7.9
d55adf83cc54abf08117a0bd881a5660775d3c276ad907468cef0db2d1d8f592,1b461b73f8b13ad91b63fdd79cbd3dde22f9aae051e0540a7a638b66dcf094c5,F,Data,2024,30-34 ans,Île-de-France,12507542,18.318,7.0
4637b1621c26111125817b88e56a58e5e267d02a3e4fd29dd199021a56bbebd7,dc4ef899d4a7101b168f65d235c939af995caf9c72dbe1321e89db5c8ed738c1,M,Data,2022,35-39 ans,Pays de la Loire,3926871,5.751,5.9
4b09824d210637d7c2c575eb4eb4d0e39d06c58174b96a6d8c3a0cbd043a0408,3f233c9da8999957f5b901a76dcabd68a7e35b118b9d17e61d17f15f0cfccc4a,unknown,Data,2022,25-29 ans,Île-de-France,12507542,18.318,7.0
a3681ef1abc2f91daf32b50156e70216b00059dbf15de35265d8280a0b753893,ca9b554861b850ef990e293a02aca11d09d75da18ae7ed40f62aeb2235a84c3f,M,Data,2022,20-24 ans,Occitanie,6165869,9.03,8.8
6bf8b1d6a94461ffa1ef35660183de7b50ccb05a62a104bf1cdf1a31e2ee6fdb,7c0e51d05390da5a77cd47005cdf6c14af1a3c856f7015b1bcf9560658ddbb08,M,Data,2022,50-54 ans,Île-de-France,12507542,18.318,7.0
90920571b599c5eb7fc4b06002f5ec278720c62de289c517a7b89cef35c6c2d6,5cb0f62b51eb621a49f276cac35087cbb32230506ce2460861ca15e10c4c0f76,F,Data,2025,55-59 ans,Hauts-de-France,5983840,8.764,9.0
43ea6fe9aed10cc42f4da78ea6d2ca86cac1c3ce604ea4e84b38397de81069ef,4d0a956bcd9d3462374e88fe547151e53b670886ab3173312e635c017f9664aa,unknown,Data,2023,25-29 ans,Auvergne-Rhône-Alpes,8238335,12.066,6.4
5eca417c1e6cd3089ea3a6412e607d76d2febdabd38bafa12219f95c0d74298c,5d420308ecdfad9a2130c5eaae7a2cdf5f85cac03f5a022c96657a4df76bc1aa,M,Data,2025,30-34 ans,Île-de-France,12507542,18.318,7.0
f9d75d694a6e8c133be11b156d9a2950d9d93aff1ec6288d175177c1000a9fea,682f5cd4e1771d0009c2eb6df2cfe498b27fd3c93f088c946cf183e1e51670b7,F,Data,2025,40-44 ans,Île-de-France,12507542,18.318,7.0
fcbcd5b17548ed4b87f9aaa656832e6424237a94751955143a2beb20ea050744,ba098b7074acd936831553be7d59ed1ff0195bd6e17d56a4d4276b3517f2b471,M,Data,2024,55-59 ans,Bretagne,3469711,5.082,6.0
40eb00f85f6164c5444fef1cfdabf506e92aacd9fa4dcd509f0db5ab79292729,aaeabf9424b6999fb82c9565ca5cee435b858623def1aacabeabef39b77c1d0a,unknown,Data,2022,25-29 ans,Île-de-France,12507542,18.318,7.0
433f3c338d2df852e7106d03a9555edaa3ef32384e07e19a204e19321c8eca48,fd8124e38622c77144ce7f7c3db8948358b595a8a787d11f73ea04008967d0d6,M,Data,2022,30-34 ans,Nouvelle-Aquitaine,6181885,9.054,6.6
ff46eeeb786b2bd141435490279057d4c3b93ae1fab387fb96a3b12fdc26c97c,b38c462226bc06b60f6666581593cb4155ffa4138b63866409460eb051e304ea,F,Data,2022,30-34 ans,Nouvelle-Aquitaine,6181885,9.054,6.6
a50e4c9e329dbd0bd59f4d8bc67aa73f355a9af135b2b1d4f00dd97ad475db25,cf80f6ac1afb41c273f8ee4e25a9b85a22a4f9e108a0f148ab98d93631553916,M,Data,2022,35-39 ans,Île-de-France,12507542,18.318,7.0
f8f3523164dcfefbf1cd0ad99507ddff3b8a1a51e53ea0e16d9beed0e856aaec,1fd444d4ae1d42780d1ab393b33cd908b0112a5ee5cda287f1129f4ac99f48c1,M,Data,2022,30-34 ans,Auvergne-Rhône-Alpes,8238335,12.066,6.4
fd891abb5588920f19d3a0ce0a9cd0f470caea07e24744f4be7208dc2c8e27bc,a746e278c487fdcdfc220086d007f81821f7d66a1fc941a6f93365e6936a1b39,M,Data,2022,40-44 ans,Grand Est,5557457,8.139,7.3
e1de7f9d4fb3bdab64ea36a3a231efde2939685eebca809f41451db520e9ee5f,ba2189c64c5edf0d3a86cc3b773cfcf347e89278e3f8f78419bfd9f7f9de1d4c,unknown,Data,2025,35-39 ans,Normandie,3348960,4.905,7.0
11545f911e384e77a2681c1fded4dc8f3ceb202c99a72071811a853647dbae6e,11e4811c91073677469e9a2e5378613f4b4b72e94dbcac601e6e2874b1e7e828,M,Data,2025,25-29 ans,Île-de-France,12507542,18.318,7.0
d89b080c8c130607a27055d1be40a3195173a6bfb07683af1307a15655f71d17,2bf94d61d2258385ded5146597f2f4e03f37cf0c79075bded71e7589f279e833,F,Data,2023,30-34 ans,Bretagne,3469711,5.082,6.0
13b8374e3f0109d1882acf1de88eb5864a35bb60fecf6807c4fbde5e0ead82c3,6a2cb90b715ef022b0d14e36cbfc179dd1e7ee41fa39343379229ab5b7f0fb2f,M,Data,2024,40-44 ans,Centre-Val de Loire,2588006,3.79,6.9
ae9af1c836631e934cebcd0ad6d8bb5ed566293bb7271a0c3a77e552ed4dde7b,927ce4d1829a3ea72724845f39e302b5f645ef6f141892776255c82f8aa00107,F,Data,2024,25-29 ans,Grand Est,5557457,8.139,7.3
f27a9da61777c4663b72123cd88ac375bc10727792d63feafe719b53e2ac5df2,9e946d45949d83e5dfe390b3d21dfae3c236be1698ec7f72273ca6c57036a2a4,M,Data,2025,50-54 ans,Île-de-France,12507542,18.318,7.0
a70e1ad0054c6f6131e592ff042ad853ee8355c421e8dd628ce0718cf5f41b05,e67031ce0f12183ab038702ffc0a982e1082d6265897be1864f991ff171a9558,unknown,Data,2022,40-44 ans,Auvergne-Rhône-Alpes,8238335,12.066,6.4
05fac89ba1a75780c10642e22e270e67ed3dedc5a01020087b7a69a0b5077ca8,8e45368dc2eb18f2f028225dc4b4ffb6c4f0b064e050d8e4eac63e2204190ccf,M,Data,2022,40-44 ans,Auvergne-Rhône-Alpes,8238335,12.066,6.4
94fb29670c2d5a5e4b7652108bfa48641bbf8b74fd1cce678773223e9a04fc5d,3efac62793fdd231123f8745b423c1522a89ed8056214cba3131967cf8c47378,M,Data,2023,45-49 ans,Bourgogne-Franche-Comté,2800180,4.101,6.6
bc2e9735c16c83935a32a9bb92273a06dc84346bd58125cd5aeedd43409fba7b,b2da3a5a69988f16370a8622e76748a875681f45cdb7d73a7db30f711c32e9da,unknown,Data,2024,25-29 ans,Pays de la Loire,3926871,5.751,5.9
301bb0d31a670f32f15d6c7d242d6bd28550648e97849b8699cd43e6ed9c194b,326934781b1f15ff49fdc07ffdb06a370228f967c886a1c280cfd25c2dfd9e93,M,Data,2023,35-39 ans,Île-de-France,12507542,18.318,7.0
747d96ea3084713018c3bb341a8487e6e1f88a37a0304f1e56399f6f5d793d80,827c7eb23e0344fd6d47bd5956cbe609df2eef60011f3210d927be0ac13c6ceb,F,Data,2023,30-34 ans,Île-de-France,12507542,18.318,7.0
ca572d42025935d54b645fdae005bbf5ed7f27dedc0082cb60e3ea1550191e5f,75c7ca6f628da309ece20c0040ff283790b7a7eaa80342d8597a09abeb4f1af9,unknown,Data,2023,30-34 ans,Hauts-de-France,5983840,8.764,9.0
69e9bc7e32a84cb91c446611833beb5362fa77e92349720d5622e2750b52fcf8,9ab043853cd4221af2389f209c12db0f9609330b3998879e984cc5ef9802eddd,F,Data,2022,30-34 ans,Île-de-France,12507542,18.318,7.0
9830240a6bb3a659c40efeabb275e6d7a3fd5036e15bd2925dc8c52b334f430a,cca73f384617ef0c2477993c1683c51c86f7c111cb41c983b1849d57d69ef259,M,Data,2025,40-44 ans,Auvergne-Rhône-Alpes,8238335,12.066,6.4
0428319c5db4eac56c52d79f0cbad852f6e428f97f387e0d59783221a7a3407b,b16958646907d1cb7d05e70a2369190e2433bde416b4019bbccebc2436f8dfae,unknown,Data,2022,40-44 ans,Île-de-France,12507542,18.318,7.0
bac64b7dab4a0b9c6f198f8cac55e8c68e219fa35aa58fabb3637bd5396b082a,c074483a9d4c84021fac212e6e6a68dd4ca54a25883297518a4e9c0d4be2f4f3,M,Data,2024,30-34 ans,Occitanie,6165869,9.03,8.8
fd10ffe6d3f98c1978c1e51882a8abdb24f905aad088140ca11026cc6a2996ec,c45bbc419cf8a35b9621f23910ca57105b9b97382b18eff28341da6b97efab33,F,Data,2022,55-59 ans,Occitanie,6165869,9.03,8.8
e85b54c265295a393fb6589e9e2824c254c21a84e82c1a482fafaba709cf07bf,08e95a661d23eadec047f5845784c0c3297c2a586c1f4dd4386097d21f9f4a91,F,Data,2023,30-34 ans,Île-de-France,12507542,18.318,7.0
c849bc6c2734664941ca692c41f5a5d54302a4e4f067f2bb77805f368391a1bd,c3478f520113e8ff79bfab463a3b452f141cd239094e1b00f303e6aa5726dfa4,unknown,Data,2022,30-34 ans,Île-de-France,12507542,18.318,7.0
bbbc6f294595d2f3be802391e729612f70ae24453ad0b7b5eb43804ddc2dcef3,a5808e7646f460a75cda32cc8eb5f3985e1ae4ca56689fbe2db42625a550faad,F,Data,2023,25-29 ans,Hauts-de-France,5983840,8.764,9.0
e8df0c55b7a8339e1cb8d65bd0acfb11f550574b79709710d5bef45b9b0a1b3c,3dd63ecac141b346243b0bf10da01cf73f75cbcebda971da1b71d3889d11be14,M,Data,2025,20-24 ans,Auvergne-Rhône-Alpes,8238335,12.066,6.4
ee4f589d7a0ea0e42fb51c3f7c1935d176f100b4fb36d5a2d801b7dc643efe5f,128d774ed3033b61a4cd97e61d94571eec42f0c63192c3eb1d97d08ca3d8ccb2,unknown,Data,2023,40-44 ans,Île-de-France,12507542,18.318,7.0
6cea708d8eb0ea4769a1fd45f89517052e785becad18ed19cbdc849fed503ba7,cec3058e840b7b26ad83700ff37b0740796508077c543351233740701e72ddee,M,Data,2023,25-29 ans,Île-de-France,12507542,18.318,7.0
7c2e2edac251284425b92ab084d76e1c4e5c04ff3c5640dadb255b1eda5cdcd9,fb931f73b101cc9c5dbd2ba05234d2e36a5ddd16a04ff197de60adff555ad633,F,Data,2022,45-49 ans,Île-de-France,12507542,18.318,7.0
8ad497b8568b14edec0f81e848abf15bdf486507021a0d16fa8bbf659df14c28,979ffe8c711cf6331b80a3252b3d2b1b530254cc1779440c8eb81557b85345c2,F,Data,2022,45-49 ans,Île-de-France,12507542,18.318,7.0
f9f7d195c8757fd63f74503adafcca809dabd5d39cd274583af2b285b972cb11,f1a66dc01b66ce26c9dd718621c0546b21aa2f45b38add6d08892ccba1285fb2,M,Data,2022,35-39 ans,Provence-Alpes-Côte d'Azur,5252362,7.692,7.9
a3e30975b6cea92846a880ba464e6294adaf2a01db1e7ccbc7548a0b9dee8d65,83ac8e8aa119f7c3ab794b9bb934338257c0f2ecc8919e7100e4e62ebb12fb69,M,Data,2024,30-34 ans,Île-de-France,12507542,18.318,7.0
230403208a597700aa9e85efce87c81a65f3cd1c6d3807ea6093077f0adf5b99,bc6b6ec18d3649de4accb43f0db0899c26a6d716862105d13935661eee897e14,unknown,Data,2022,35-39 ans,Pays de la Loire,3926871,5.751,5.9
dfbdddbe2641dd05c1a6dff532c694e3bef3dd1989ce2812d7d5e768a4ba8b2a,f78e6ac761916b98d94820e2f878f58dfd0b1ada4eebcbeace9e932ef13b613f,F,Data,2023,30-34 ans,Île-de-France,12507542,18.318,7.0
340db260ead8570dbbd79185e18ab321c907035b16abce620fc5af4d0a4a2a35,5337398bafc9c9b4c793d761bb3442087356f0d3012123def3c8fd133a068f5e,M,Data,2023,35-39 ans,Île-de-France,12507542,18.318,7.0
e0a477feefffce8faeeacfaebef4b9ffd997bf5df4acde5a7ddc508d8f9aa14d,a392227036c9ad6894fdc3bcb617b3147984d46b07ff5d70ffcc8934fe9db9ca,unknown,Data,2022,35-39 ans,Auvergne-Rhône-Alpes,8238335,12.066,6.4
4bdf358eb0fb64e18127b84e21f3a39c96e1641b84f8eab4ac3224fc1f1c217c,3ff78cad678f76bf2217c1506c90e4bb13129f142815012e467efa66b502949b,F,Data,2024,25-29 ans,Bretagne,3469711,5.082,6.0
3b37491b8d2b665a40230562ef001595626cb47b2405116f98a1c4ac8c24fd61,54d48751d06b1ebc20e822f55b27595ded7115a7f9e82ecee5ecf9236e8e83ba,M,Data,2023,30-34 ans,Île-de-France,12507542,18.318,7.0
3db808552ac7706002b346aa66e04dab1ad1545c8f9004cf7097e8afbc47deb0,33b897112e14d9f04128d5cc55257f8730313b3b56d6323257ff98f8485e9510,unknown,Data,2022,35-39 ans,Île-de-France,12507542,18.318,7.0
b6d741b174502757d296e26e72c96c6b8ce0faec2ec79596df3ae4b36c46911d,b855817b9154e2937347abad2005baf207c71682ca089c9437a49fbc38b1e018,F,Data,2023,45-49 ans,Île-de-France,12507542,18.318,7.0
2aaf1f5fe2be203b1e7ec0049e174a8d4ad52d6aae767de1e9186a7a843b9441,35e4a8a46d947f99c1e1349d5cbacf7bf560b39f217ec4dde8957911de6f702f,M,Data,2023,30-34 ans,Île-de-France,12507542,18.318,7.0
ef0650c36b3d426ba057c1240945a5a9359f7d7eb23e1780af51ed1e9036f5ac,d5410cd52f818f838e6f2fcb93d7dd32a87ab2deb29a04bd6870144848a9f979,F,Data,2024,50-54 ans,Grand Est,5557457,8.139,7.3
8ba775d613b45aaa935761482a155d60e85d2e5e90a8f4674a1da95de7c8e655,6bdd379a8a53731293bc155a8f114a0d50ee9653b063f7b0d57d8bb7e0eb1cce,unknown,Data,2022,35-39 ans,Hauts-de-France,5983840,8.764,9.0
16302d0610ae8c01e7b11334762218aa59f4db6ab090b0089e435e1d407fc197,34b6d1d5408d7da1a879016ac075ae59a8798aacad64d18cd6363b3985254542,unknown,Data,2023,30-34 ans,Nouvelle-Aquitaine,6181885,9.054,6.6
d06d591bb164b21f078f5403a1a915fcbed7985b75068fea2fff1bd288745822,af0e8bec91294630734f0920b47693defdb9259b84f0e02813b9f63ac600215e,unknown,Data,2024,35-39 ans,Île-de-France,12507542,18.318,7.0
79687426398286f939fc598cd4ea1d2cc48762e2647e12443df893ae3917f007,a392499546a3bc9007d99c676bbad49d8fcaaf6b789f076ba3f60fa0eef0c128,M,Data,2023,30-34 ans,Île-de-France,12507542,18.318,7.0
416dc6cf2ee407a1b611aaa76b0aaf739664d6688f4bc4231418be5a1724626e,24dfa3a8dede729a379b0d4387dbb295ae4a3ea61eca0ed7a84582848777a0b3,M,Data,2024,35-39 ans,Provence-Alpes-Côte d'Azur,5252362,7.692,7.9
9a8ca185a428cae3337676bc84d4eb58315fa4027d59650b50950f158f7f4ce6,a9d9574faf333382da4ddf2c19b5e9ec231a1995098a4c04611d2f8bd8c782e7,unknown,Data,2022,30-34 ans,Île-de-France,12507542,18.318,7.0
1587c51ba96f97ac9fa8d15c2e3819aa1a1e4d0e1ec163a60045f7b158ad0867,6ce0bfdc59563bfd79aa7d9b6a5fba6de89655f5c28d25615c2978d5910d91ef,M,Data,2025,25-29 ans,Provence-Alpes-Côte d'Azur,5252362,7.692,7.9
586781baf9f9dcf06c51bf61b8cb615307b5da34be82e0584796d2d7a285fa84,31996f4ea8c2e4bab832f272fa2c78ee82e7806766a615ff7af69c9eaf561977,F,Data,2024,30-34 ans,Île-de-France,12507542,18.318,7.0
09c188f500ee881eed98d2111256a8a43fb8c818f8fbd0f7619d578fb67eb3b4,74e56414298ffcf094e1f5a73d0a06d7f4a0ca5ed5c28765049bb46e4653a1ad,M,Data,2024,25-29 ans,Bourgogne-Franche-Comté,2800180,4.101,6.6
1a5b6d81ba8a02691df71a7077a8e3c778dbc78b1052fb6fdce526e6a86ed6d6,b7ee80cdbec6290f366736534b2e154db8bd2484277092537f0fa15558b7358c,unknown,Data,2023,35-39 ans,Île-de-France,12507542,18.318,7.0
cbdc5dbf81f7837367a07b8efadfc7602ee61f1d3554ef02057ce634fd4f7c9e,0cea702ed42e6293478b038774b518af84a49795d75cdf615694d6e0997b8d9a,M,Data,2025,25-29 ans,Bretagne,3469711,5.082,6.0
a18c8a0f24126e1233c801eb84dfcaeb7036c25a9a7203d3951fae0881a4ee5d,ddcf92c14440def7193b98422b560d6f5acb7bf1f5d0fa15c1364836c5f69fd6,unknown,Data,2023,25-29 ans,Île-de-France,12507542,18.318,7.0
a18c8a0f24126e1233c801eb84dfcaeb7036c25a9a7203d3951fae0881a4ee5d,498d085cf11a209755220d9027673e3492cbd62269d6b1bd3335f2894f32b93b,unknown,Data,2025,25-29 ans,Île-de-France,12507542,18.318,7.0
5960e9d5039e0cf7ec7b8d5cbc87c9260417848b9abd2b2fb50c781cade4e642,9da36c65a1093e9511cbc82a32afe2a969a52cacd6f930fe0890e4118f6badf3,M,Data,2022,40-44 ans,Île-de-France,12507542,18.318,7.0
5fc07585161b1668bfd8a7dbf2f95acb29830ab6813212c3fec355a15e4d8d4e,f7347dc01d923d9764c2376ff2077be3b3b24cbdb7acac2e30c2ab94237fe26a,unknown,Data,2022,30-34 ans,Provence-Alpes-Côte d'Azur,5252362,7.692,7.9
35f88a3be5a57ec36d23c29fd6fbc5f3b260b147eb4f5881eb97040d650b9619,8dc903a31b65660381d24bf99b9a1aa663be2712c31cb6b4301ae309abb33f51,unknown,Data,2025,45-49 ans,Grand Est,5557457,8.139,7.3
2faf0a5cb89c9c403516cb5b632041417523de5d3d9d3802ad59d188f349d932,5fc10dc8fe7e899ed7c4433e227cf6fdec48306831b51d3d45bc176ad7c972bf,M,Data,2025,25-29 ans,Auvergne-Rhône-Alpes,8238335,12.066,6.4
161bec97994c210669b479366d51111ad10de0507c4463bed1563ea78ccb63dd,a87748952ce0a8927722266db4be0f2dd6ee17e83c5fcb22524b31ea9353b9dc,unknown,Data,2022,30-34 ans,Île-de-France,12507542,18.318,7.0
561d0daa00753130e7f3759a694b23da8285daace1ee6107404f7394e9b9cca2,17010b0a9e6d70878fda8acd5309320247b22ecf37e69d91cc9487356a4af510,unknown,Data,2022,25-29 ans,Nouvelle-Aquitaine,6181885,9.054,6.6
22d83a96714167de976e6fefb7fc87f4a3051662ee90d3b6736ac66b8f045d74,2d7388f6ecb6630776086958ffde02ce593a7aedac6b9e14331abd560c57ad30,M,Data,2024,30-34 ans,Nouvelle-Aquitaine,6181885,9.054,6.6
c21aa2432e20d8a844ad20440d196905f256c7653189f8280f3a26e6298cdcc5,dcb6e576d377e8ae762f311fb91334c4d31d01e7875a9c473481bdbcd35e2d6a,unknown,Data,2022,40-44 ans,Hauts-de-France,5983840,8.764,9.0
9337aad847f69027e31da3b92ed50007b221eab7ef561c6b5b6c4609e0acb7e5,4798c27d863ef7de9c6d84282158a0fa81e343aeb70fa507791ee12de72beb54,M,Data,2025,20-24 ans,Grand Est,5557457,8.139,7.3
b7e2cae58e224830285615509432c9d522d45e51827a10f67dd1eccb847eb2dc,3fd9479321d06441b5e5aed335ee1c0e90255b6da5fc5c434c2fd581b1ab3d70,M,Data,2023,35-39 ans,Île-de-France,12507542,18.318,7.0
6a720586605ed4b3fe3d728ddf249a6d86bff04ae31bc140ff4087575c54461a,8e063bbd03f145b5e8beb86d3fad6a695478997b7395fc89e296d3fdf52ec423,M,Data,2025,20-24 ans,Grand Est,5557457,8.139,7.3
71445cf94315cd9757ccdb907ab0bc91b7d96da888ae63be29af222e72c4c0f0,ad89d8cb891dcebbe5c3e6d41c63b46fbb6f6faf5d5ede2fde48771291f09528,unknown,Data,2025,25-29 ans,Provence-Alpes-Côte d'Azur,5252362,7.692,7.9
3203458619eeee7e3518e7a51d6bd32e30ff61421fff1dc09ca52186b71d8f89,be1d901ea7fa057f92a1e96369cf9444c5f58c87090c68fa2be3bb4746b44e95,M,Data,2023,25-29 ans,Île-de-France,12507542,18.318,7.0
89ffc478135f45bf1ea6a90b0977793c3c4df8f76acee240ac04d07e6e4ac3da,b135419644d62d055c00575a44aa7680ff7ad1d15fa2c4c921ea13d380e483d7,M,Data,2025,30-34 ans,Auvergne-Rhône-Alpes,8238335,12.066,6.4
3cd6c120611cbceed55bfb0fc94750c23291800f236d6531c03004a7715a1b43,3f5634eefdc0aa9c75f7786e84510124bf41d60f4601844034b84bb1e0b83bfa,F,Data,2023,40-44 ans,Île-de-France,12507542,18.318,7.0
c19ac2d374a9a828e5cd57a443a1eccebeeabd2c52ccb8113fa9faba405ebb4c,83e5f46cfda339736b7a6ee17e8880368bc7dcf257e49308275828b80ddc8532,M,Data,2022,20-24 ans,Bretagne,3469711,5.082,6.0
098ecd353996b662a70a9483954c8e58bddba22f25cedbf6a74e638ade9f8d23,6ca9e6d19b59568de61a97e0e771b7feebd865d95602da87c768979abe221033,F,Data,2024,35-39 ans,Île-de-France,12507542,18.318,7.0
6545e06b92b522d580cddfadf8059fd7f678dd39c9a4859435e6d3a559587ac9,da75a2c9ddda190270fe76ca9c9f67a0a6f24a23fdf7ab36b2f7366dba455bcf,M,Data,2023,25-29 ans,Nouvelle-Aquitaine,6181885,9.054,6.6
748a578d71a9ab1eef36cc315c427d98b0fcdd286d463c89ae3561ac818c464b,a0bfce3ebcae0aec3f35438206ad28acf5c0c09b1771a0de3477f8264b4ca219,F,Data,2022,45-49 ans,Île-de-France,12507542,18.318,7.0
d1d585a22d4fe9dfefcc1a22c0a50734c2f14ba46544325ef474ce6121a4c082,c651d30a31d7f094bc6e994d08b19c97a94c438a63b19afc0c322a689825bd34,F,Data,2022,40-44 ans,Hauts-de-France,5983840,8.764,9.0
36046c25491d1664c00e4fcc6a5271846367a0c167af2ca07fda786444b4bb9f,300d1c0d2b252aa5f57132d0c34c08211dfa3b120f299a24bc72e808e7f074d3,unknown,Data,2023,35-39 ans,Île-de-France,12507542,18.318,7.0
4d8e9537ba14158639a8adc14c1ea72f0ed6006b61791f586813e4ec7a9da173,d72571278e9b67924f899e5a0d5ad0abdd107e6ac6bc19f5a55caf86f69cb54b,M,Data,2025,25-29 ans,Île-de-France,12507542,18.318,7.0
4a85a8063247b7e76fdcd1a30ad52adb77251e3b760f6ab3b882462005fef34f,2d39086892ea65ac113492621e58c022cc2f17593df7c8ca12f39db594efe5f2,unknown,Data,2022,30-34 ans,Auvergne-Rhône-Alpes,8238335,12.066,6.4
074f4d2ef2866fad416fcb596dcb1d3884c421a29306e3973844df4d7ff659d7,8b06a0910fba6f5d6503553d4e73d480c087ee7e3a4a763e786ee7e7c0ad0a37,M,Data,2025,40-44 ans,Auvergne-Rhône-Alpes,8238335,12.066,6.4
3f976964f98b1c2a0c8a0ff6bbc9b8ef02763d7e467bb985e3717be6205e0de6,958c5ea08ecc204399bc7f3a1272daacff6f0e12b7c45df04f1d83869aee8436,unknown,Data,2023,35-39 ans,Normandie,3348960,4.905,7.0
8012ede7a08fb89a1aac37e274df71dc27100d5c52364c340a0c9de875257a49,24327675f4ec1a87aea0a5ab05e13f8579fd1aaa59dee492b3479a84b805fe0d,F,Data,2025,25-29 ans,Île-de-France,12507542,18.318,7.0
9cc9caed72064f5abc5d692b4c8b59695a1d97077e54274f283350dbe2a5bf34,58f65faeba8d4730043e3ba7c8596d622af8499372cf4329e5dfbdb4d5019506,unknown,Data,2022,35-39 ans,Île-de-France,12507542,18.318,7.0
3d2f09a9fe4a8f65e042696ae90ebfdc683ae07d88e75024d6f2f0bcd7a3c3b6,b98793c691422d0dbaae8a9948eaebf66c7a9dfefd07bcbec0509d9282ebfe82,unknown,Data,2023,30-34 ans,Occitanie,6165869,9.03,8.8
e518c4b9d4258552932881f9a10612738607c1e881332862959ffaf34c658405,386a4ac2d8c8d161503ef16c5927ccc574fdcb819fdb3d4ab197a1604ba1e73e,M,Data,2024,35-39 ans,Grand Est,5557457,8.139,7.3
23b1044fe941a42ab8be45333cae5b8b9c61d4df3d714c3c11aea42a50429c66,98a555e2d80da746aaa736f261c8cbcb4aec381e5a06fee2e9bbfe606d1320b3,M,Data,2023,30-34 ans,Île-de-France,12507542,18.318,7.0
070d41050f4013b845022a641b2d0f2441a0914b0ac71b9d65d9ad01cf8a9837,ea902c36c03d09dacb78098663c872b090be8ba76861678be9bfb57f4608657a,M,Data,2024,25-29 ans,Bretagne,3469711,5.082,6.0
d036d8666fdb68d66144d6a1316689d7c9c2144ba293e8e572f6d2badb74e14b,de95100874008b3893611f8ab30e0bee46b99ab03cb4e8f2c87fadf5c2b4c15e,M,Data,2024,20-24 ans,Normandie,3348960,4.905,7.0
a5d25f0c0de951bbee362f202512352b42d18e8c606cf4d028d24ff63d594e60,f54aad6ca34dba520e06dda02950c1aae1f5539b082641cc56ee656c240119f9,unknown,Data,2023,25-29 ans,Bretagne,3469711,5.082,6.0
a10a3b1ed4c18aadb5ead8f201f88ef1151505574747456b6ba4826e51a3fdb5,94c22e7789fc6db12edd4211c772752c737ecde89ace29f51d2ed19ee0a3c979,F,Data,2025,20-24 ans,Auvergne-Rhône-Alpes,8238335,12.066,6.4
5bd96dbffc314a205072b44a26945bb40881c81c1cc28180ae93a8beab36a070,10889295567112660fa69296acf6104b4f13661665e19929b5e8f7a355273ac1,F,Data,2023,25-29 ans,Hauts-de-France,5983840,8.764,9.0
0f86be7d33fec2e96d1962bfab61f4edbd25e0dd7d131d7826eec0de0c1108ae,360a50b0ff97cd6c7be6da645a806d3c62bf2c2c76941a8a0017235d7f55d146,M,Data,2022,35-39 ans,Île-de-France,12507542,18.318,7.0
935f907147df319c71764370beaedddc978a67706a72c0b5ce7da6c366b49e37,c8302efc6c0a3d6ef89562b8daa10ec1f4f2bcdf8826faa5e69b3f5c487f4bad,M,Data,2022,30-34 ans,Auvergne-Rhône-Alpes,8238335,12.066,6.4
f6c5d3f69a730ba433719476ef67abad025d07105fba3b201466e588fce0c87d,88fc22a0123525969c8622aa57ddc5ec5d83394fdb742272e8a6d7c757f64a84,M,Data,2025,30-34 ans,Île-de-France,12507542,18.318,7.0
a25ca637f5809a393a47c3f66a9b92a598f1bc1765d686208c2fd81e3abc492f,5dfbdbad749dd8cf6a9edf0d6ba6dcf2b86c95f1bcbc6e51a8d5b7d3f1415098,M,Data,2025,30-34 ans,Nouvelle-Aquitaine,6181885,9.054,6.6
a3433b3c883f3c7f301e00dfaa785ccab44b4705c13302bfdc5ae600b704fde5,2bbafaebd9ece135cce6557f90f2d33a29d5fa89af2fadf3ad1cad7929a30083,M,Data,2022,30-34 ans,Hauts-de-France,5983840,8.764,9.0
2d58b97ae628bcf5725891604849ee45ada999323e4c817f257af5c764293132,34e3c00dd2c3b590f11d51da69b068caa4294a801adff04aba3f71b34b059285,M,Data,2024,55-59 ans,Hauts-de-France,5983840,8.764,9.0
2cbd181f5fff0b550d00fe547ab0b5859b865d977022d17e47f4febc07789cc7,c78401926cc7f1e89c28a664642ec1a1c149246991569c7ec5ad5d12c1b83a72,unknown,Data,2023,40-44 ans,Nouvelle-Aquitaine,6181885,9.054,6.6
64eca1c8b064dbb841d8e25a7d7e810e4b96f28cc5faffa57757d089558096f2,53000813ded5d955a32f809026cff03f3054efae6bbb2075acbf31fa35d03fbf,unknown,Data,2022,25-29 ans,Île-de-France,12507542,18.318,7.0
cb2b6a84d690ad35b1a722cc47f15de2f4f2155c88931c9dff97d51630ad6839,926e916b495a9ecc35d51e8877d920324fc5974a5ed1c0a161a5c3c1273f6fe4,M,Data,2022,35-39 ans,Auvergne-Rhône-Alpes,8238335,12.066,6.4
a27084087b6b25fc9bf6b1bf27dfe850210d392660a04fd9bb08ea41f994501a,23084c3845c411adbb1ceab550348cad3dc0f4c63963d71177968e435232bad9,M,Data,2023,45-49 ans,Pays de la Loire,3926871,5.751,5.9
988684b69da1f0cf5311c59a33e355f5cb60d84bccbf50f97b726f5a5d471d75,55ec3059bd8750578dd0984a73adede095366686a2d89f0a7edaa55be5487fab,F,Data,2022,35-39 ans,Bretagne,3469711,5.082,6.0
8bbe5515ec2f509c387151d41f364d6f7a0c65784d3315bce0ecf4b3b3e86b23,34dc60258a1cf3b4bb34548a4dd1d697da0f095d9459ef7f2cb0db2313024514,unknown,Data,2022,55-59 ans,Île-de-France,12507542,18.318,7.0
9b073c1f64a0d21c673ccf94be267ba27c848cb63eb8b6f3b582f8167e7f8a40,0fba143683024d10fb032e6a7de27fc00f239200b25868aa2d9e8f59b8760ce6,M,Data,2022,40-44 ans,Île-de-France,12507542,18.318,7.0
079f1bd0ebed36f8f1610472dc0852c1794af6a7839a0815e77d201d9170e4f9,f6520c5f5c3826ea39523f02edc021a4b0162aa95332f98f1010fbc33b47829f,M,Data,2022,30-34 ans,Bretagne,3469711,5.082,6.0
1d7e6cc5703d21e40d703edc8c53480b559a00486948aae6b4e5f106b440db58,06bd5f7bdd1f4020acf869c5cb0529bd38c99f4e3b8f2668895ac96e4aca9676,unknown,Data,2023,25-29 ans,Centre-Val de Loire,2588006,3.79,6.9
ab114631e4fa51113e9726484e0ddb532ab9aaa35d1ff5e9e8b50f5c6816df86,cdbed2aa009135cf0954e5e0efb8e765392367857ad94754ad8e51a9102b9191,M,Data,2025,20-24 ans,Île-de-France,12507542,18.318,7.0
cbbac0aed99aef82e6667391e136d6e2ab9d6639a324aca7bc306bdd81418445,ec7f22fc85ddcc2a5079c26ff6ca389cb2c15fbf8895f36e5633b17a39e3e2e9,unknown,Data,2023,50-54 ans,Île-de-France,12507542,18.318,7.0
32689d7403ca6a8baffafeeb50517c6725fd9719245d2f3744a762dc2d67d3db,0592ee18addc50d76639ac64f682ab8b51eedeccfdf5f221f99c2574e4835229,F,Data,2023,30-34 ans,Auvergne-Rhône-Alpes,8238335,12.066,6.4
e576f9b14ea6943fe9a6a4716aad6125e3957b53273062a75fdcd48686717ccc,c1357eac5d15727f0ffaf94d1e4920c38352a278e145c1b43f73ad85ed71ab83,F,Data,2025,40-44 ans,Provence-Alpes-Côte d'Azur,5252362,7.692,7.9
cb406a730af31f81a244f040a33fef0663178fe79dfba1990f0eddd72d6d35f7,43e52cf7392f67b58f5a579e51f9b6634f557d7da91343f53f7b97b08ddf4ae4,M,Data,2025,25-29 ans,Bretagne,3469711,5.082,6.0
b9bd9caf9e6056d9ba3c6beb475e64b6d9d74f2ffc52d1d28fc840ca484d4076,229511c4cbd9d177995bf0d5600418818dec2a434a4e139c885990a4f43c057a,unknown,Data,2022,25-29 ans,Nouvelle-Aquitaine,6181885,9.054,6.6
5ba5a14f8945614f6a3d788eb33770054ed34d8683cd546fd295545582286b27,1b5c0c86f3a258a7090318fc160278e0e9caa37b4480550b540e82e68b3210c8,unknown,Data,2022,30-34 ans,Île-de-France,12507542,18.318,7.0
6583497e6ad8bb98c25d82e8b26e3d9219229ff3360e4cc2d27920191f1fa806,914d36d044fe3a3c877eea50d98678777ddd2c5bed3d4cd3adbca990500b9cbc,F,Data,2025,50-54 ans,Provence-Alpes-Côte d'Azur,5252362,7.692,7.9
6006e0f5942d103993cc9f4e41d265ab94074eb93fadda9abaa957b36141c7c8,0ab3a171028fa50ad3856b5bc955d581f154ed9bab9b33c8a0295e75de1d24b8,M,Data,2022,40-44 ans,Grand Est,5557457,8.139,7.3
f2837d9f4222bd39dd1e7f5846eb57444f6660ade843b832e6cfcf8f3f61266a,2e85cc6b61c309669d52d41c38da39d70e9e80c4fdfdca8d701e57dee9750f49,M,Data,2023,30-34 ans,Grand Est,5557457,8.139,7.3
3bed5000b5f65de8f3e559a6d1519be41d28f62fdbe339b414a149decc930119,cd6254b4fb457a2df2620c2b2aa10e4413cced2926e7b23911e62c87751dc19b,F,Data,2022,35-39 ans,Hauts-de-France,5983840,8.764,9.0
35eabf0e0ee7d81ad982c1d9ea36497006635d10876c26e9ecd9a58c13c5958d,be711de82036e09a15a75fbd2974d90d02799f30212b9823ccc791f7034134f2,unknown,Data,2023,30-34 ans,Occitanie,6165869,9.03,8.8
0747c2ff48781b15cdb0e5ea181b5b9a11046cf47d7d549979e1fa3d09bb00a9,d26b1353e398b9d9c64303610fc9d93299142a0e14e3f48d669bb3846a734b7f,unknown,Data,2022,45-49 ans,Île-de-France,12507542,18.318,7.0
fa7419b31be5d61164fcf1b873520c6140caf6f335ee364986e5c0c2631520f0,8d05d3626e1b765063507f436694f6f9929d187b67849e995463868fcd275b38,M,Data,2022,45-49 ans,Hauts-de-France,5983840,8.764,9.0
22c2e38170f4d47cf669395b34ea39ea8bfde95ac85842ceabe87b58457dbf44,bf58abfae47b8fac02a1650eb9f8fef886fa7ffe0aecfa10145aa7229f013a39,F,Data,2023,55-59 ans,Occitanie,6165869,9.03,8.8
a986c3cafb28f1a16b356b85cb5a34fe58482695f5e062ace07c5cdedca3288a,744fd16fccbe97515622c574250b06016d2ae16feba0d42ef3e101fda2dc9131,M,Data,2022,35-39 ans,Auvergne-Rhône-Alpes,8238335,12.066,6.4
01510874b9ed13a6a0f85b4d12afca99da0cade42d88d64cb7640ebd9b57a8da,0acd5ffbe1cfc3b25d4312fe56443f2cd64ea3ceeb3c17960c167d0db1c096e1,M,Data,2022,35-39 ans,Auvergne-Rhône-Alpes,8238335,12.066,6.4
f29642fc349acedcfbdfbb8bbb3a46dde83a021c41c50b76e208c435034dd7d8,5f48f4d450bf8d9df08f85415db49e7ff23300f5c14fb838603ab70b8f375cbd,M,Data,2022,40-44 ans,Hauts-de-France,5983840,8.764,9.0
9ff0b343b398eb7559de4153e9168fe09b77b0e534f583dad24aa06281af84db,f245da62261cdf8a00ac583de652972810b4b8082d9448606313af1f7160ebf8,unknown,Data,2022,25-29 ans,Grand Est,5557457,8.139,7.3
b7eb97936a2b25b3f15dcb00133be546b00981790d6f34f05ffcad9a6596855d,85ba9e6d2e46663dd29de677aaa8a27fdd518c5e32b1f9f045fbfca4528a6dec,M,Data,2022,40-44 ans,Grand Est,5557457,8.139,7.3
02477ff1054252caafcb9ffb4f8263ca3f7694f00da88ecbe4ce30aded446f53,3e5bf7a4660068fdac440a9d764a238b947e31d4df97fdb1588261e7d3a4a862,M,Data,2022,35-39 ans,Auvergne-Rhône-Alpes,8238335,12.066,6.4
a1caeeddd1cff656f193fbb8c1122a3b37239f08a9f836ab56f5302938594189,c97baeb04413b70a1432757b6da2d7c923b70d55e539727989495f297af900e0,M,Data,2025,45-49 ans,Centre-Val de Loire,2588006,3.79,6.9
02e8b92e74b8b81d68b83bd0afa46ada401aa7152869726b8c3bfcffb0db2b2c,6b7b6351dfe90a3f529cbf888e6732dbb2f4aebf01a65f1c572e5c9ac62cc35f,F,Data,2022,40-44 ans,Île-de-France,12507542,18.318,7.0
ef633d98df186d63880f7e4766d961caa0dee923fd572c714400cf63cd8546f6,0d4c08d124878901e0aefae8d30b0ccb65c3d9e3b1434db1e286ac676ac20ee1,M,Data,2024,35-39 ans,Île-de-France,12507542,18.318,7.0
443207dad65aa04b6b740e45689caa1fbd4e935987d8ca5181f23bebf02b988f,5f658efc3f3784739791165d066dd5c32b8f359cdb2e943862c2e4e9078c09b9,M,Data,2022,25-29 ans,Auvergne-Rhône-Alpes,8238335,12.066,6.4
01ef76b05141828a5106420a94a40ba3e29d9ed40cba21bee55ff124df6ce2c9,484381ce2a3af9a3c55866fa2b482dc910bae48f5ee1ee9e37248cf95fe8fd28,M,Data,2024,25-29 ans,Grand Est,5557457,8.139,7.3
788f852730318217016e33b6ed9fb6ffafe1b1e3c518f1af52c068d259513813,5cbae8e9d06120f9fc968a458801335b499d9c73018f4e26c21f1623b8c25080,unknown,Data,2022,25-29 ans,Île-de-France,12507542,18.318,7.0
62f62ac521c8b2d5d6e30559fecdc546d426d8f0af611138dc469bf9137f96aa,01492a7e1429e2c3882d6c9ccb90ccb57030979881c1858d9c827d4090703914,unknown,Data,2023,30-34 ans,Île-de-France,12507542,18.318,7.0
6b40fe03232303a1a4c79b67fdb3355213e2ae4bd329f1c4b6b7e60d4e7ff196,8913b6bee2fe4f41a39d58c34e0f2e4fc9477f0513a2ae6f96ee2a7389acc93c,F,Data,2025,30-34 ans,Île-de-France,12507542,18.318,7.0
3203458619eeee7e3518e7a51d6bd32e30ff61421fff1dc09ca52186b71d8f89,2dea4af87f01b412ded978f1b6280bfb92340a8e63574eeb3fd23ed2d08e49d6,M,Data,2024,25-29 ans,Île-de-France,12507542,18.318,7.0
6fdca0a6c76854225041305788b38d50877c42020cbb5bb3948569c6369e45a5,d8af34b1f5abc152f4acd476ad21e8b4f88af280de28ea0c51e121eafb3be4ab,F,Data,2025,25-29 ans,Île-de-France,12507542,18.318,7.0
c9bd64973fb60c3e46f1a2de100aafe81ca83885162967cfefae346c00ef3cb2,70aee8c9b003b2f8487f99b59d9838ac94147f73d35fc0381aa8e02c3952819e,M,Data,2025,35-39 ans,Île-de-France,12507542,18.318,7.0
e99e6142605b3ec761db43fbc18b3ff20b18c8fb6258c5fcd5475e1386c97423,cc9f3f93e680b90cc06e18a7315a0559bb5fe0289b9e929be2a3bcb842618142,M,Data,2025,35-39 ans,Provence-Alpes-Côte d'Azur,5252362,7.692,7.9
7c159033a0499e012078aa77b24212927c6e7cd1d638f75d877c1d3de60aed07,6a5f9f3a03fa7cc08775cf1c38eda753a2d9d44e9aa5a905bd99e404ade75d27,M,Data,2025,25-29 ans,Île-de-France,12507542,18.318,7.0
f6dc220e0f2adb9421ec900cace4b065bb664a62524d4fc520c5e146ad61e640,976e1b75f3c3004285ca8dab8a72e1b68989b5b72d8cccff9f080b0f6b4dac6f,M,Data,2025,30-34 ans,Provence-Alpes-Côte d'Azur,5252362,7.692,7.9
c57628d228fcf8205423c46e863f880440aa8d775c666d9503ecf94882b6bded,32207b9db43a68824f21c9deb66a7fb8ca6f0b5dec7f36fc2f8982e661034bd7,M,Data,2023,35-39 ans,Centre-Val de Loire,2588006,3.79,6.9
862aed8baaed96d3e8f87e8fefb4cf5d3aa9662c2b7cc6ed48229eefa5f02cb8,f7d524cf8d2e6237dfc1e21a3687a2856da387d4c4a821a91c68402849827d09,F,Data,2022,30-34 ans,Auvergne-Rhône-Alpes,8238335,12.066,6.4
f7c75d5c9dc8e0fc49924f421f373c5151bac1e8012e63063b715733d6f106b6,f61d49e456e6820164ecde42f42fe2ee52505fefce47733842e62a472b67ad9b,F,Data,2024,45-49 ans,Île-de-France,12507542,18.318,7.0
3616a6c5a5f8dc4bfa3b572bebc2b03ba853a3de7700a85fac92015c0dbb8dcc,b41350b206660fc30174531a4120c0708fe97d680699fc4b664faf8245dcebf2,unknown,Data,2023,45-49 ans,Île-de-France,12507542,18.318,7.0
4bbcaeeb2dafb6dfe42d71517c7155d5312910a02799f75b195bea97032fc0b6,3fb14af9ad12aec7a65fa1730ce27f426e06a75c45c5c747cf73fbc9d3fc09fa,M,Data,2022,35-39 ans,Île-de-France,12507542,18.318,7.0
40aaa93bcea8b24c1b290ab9ab858f994bf36c78e1d07f9c1c5cdd7ccffa1278,3bca6dc64b2c7a25a6613cc88a6c5a32ba95b46195fec889e338a48435a0210e,M,Data,2024,40-44 ans,Île-de-France,12507542,18.318,7.0
35163a84efd4f27c13008cbd7146aea9e3bcdf225fe68e0e688520801c6967db,b6aa305911694d5959659b2b8c3abd30c43322d7ca7bbbca2a8e6ca864de97eb,unknown,Data,2023,30-34 ans,Île-de-France,12507542,18.318,7.0
2663c6378c3775dce2959487b5d9038e7633b15305b07086f52d9b35e803c78d,38ecb224ff92958283613741d275438e5e572254977c7e51d2434fca7de426b2,F,Data,2023,40-44 ans,Normandie,3348960,4.905,7.0
17f006c367921f9ed21de981b149388916eb35a2eed249922448a92dd2d52a58,848bc7021f9a6087d0ae4ad230966128c180cb55d4cfb24f80077f3f9c4d6fe2,M,Data,2024,55-59 ans,Hauts-de-France,5983840,8.764,9.0
9cfcbb2e2c5fc98a6d78c9f275a8027cf21dcef2f1b415befa9677453d352e3d,7c2b0219a8669ad4275b07394eef669ce4642bb64b2410ce46e6410b61045805,unknown,Data,2023,25-29 ans,Île-de-France,12507542,18.318,7.0
07b88a94614a03a93a9c3b815705a96cfc9ca4598f3c190f3b63d0550750e5b7,c596cc06b459438c0fda28150ed72b825cc952dda0416f0f160f53f3cb06b88c,F,Data,2023,30-34 ans,Nouvelle-Aquitaine,6181885,9.054,6.6
2d1fd7289bffe8ff435dbab099139e791c7dff4b80ee05691dd72c5898ad9a0d,47847885d0719e2258dc55906ebc30c0017aaf766420f5e38acdde723e454b28,unknown,Data,2025,30-34 ans,Île-de-France,12507542,18.318,7.0
05b002bd624dceb135b1e172f9cefb038bcee03134c5800dafff1c4ca7972d48,7e48d4f8f60e7d82d730c79614c846ddf876a494eab436ab111edaed5b9574df,F,Data,2025,40-44 ans,Occitanie,6165869,9.03,8.8
651ef4152427875c7ab32b209085c7865305dfcc6824005fc098f20b1a004afc,2eb84158254890c18bf6d81a54ee389b638f336ff13f6dcff13e879e6caafc9a,M,Data,2024,25-29 ans,Île-de-France,12507542,18.318,7.0
d0f7b8eb72a3a7400e852f36a726d80fa0251962f13789752c0d2754f3da2368,4090fd9825d34157e22f3ae8b6c169e3111b8ab7468e7605f458c9e1a5359f76,M,Data,2024,35-39 ans,Île-de-France,12507542,18.318,7.0
81bf8c04e160ae9a051f89618bcf8dcb7ecb3bf067d424319a481024f29079cc,889dcc84e0abb55a6988f162dbdc893daac08dea81ea4d31e3a8addf5ecc4fca,unknown,Data,2022,35-39 ans,Île-de-France,12507542,18.318,7.0
c1afc07491e9feb34d3e34bebcdbc9f0cb81b14c0cb56ecefee73ab5672f71d8,bc47a85eaca4915a902012eebf534d72ebf599daf38e6dbaf1479456b328d293,M,Data,2023,55-59 ans,Provence-Alpes-Côte d'Azur,5252362,7.692,7.9
cc0a1e27c2c45beb9a9774bde8defe1e1ab6613317d2b7b610267b9c4b9a0cb7,b7867043dddb2849b754c62e38c9a717758d03fd6333d07384987b1ea9b14329,M,Data,2024,30-34 ans,Auvergne-Rhône-Alpes,8238335,12.066,6.4
72dda45f2c8afc33f8a8d2599e66122777eca6122b36bd9a1883873d3358d6e5,8431127dc431e538f8e37bb9e9d587eac52e4fba0ba0ca530aebb81a6887b80a,F,Data,2024,30-34 ans,Île-de-France,12507542,18.318,7.0
3eafd851f04c031fe3587fae2cbcacca3878c5e7626f698bd111689fcc805d16,bda7d3e5fb66c14f5879d4bb82fc2729cb44de4ac1eb0a55cac2fa85d983a205,M,Data,2022,55-59 ans,Île-de-France,12507542,18.318,7.0
2484172910cc0d0ecbb15a7e37a5e375bcc353456dc4b3e28d54dff2922e24a0,e53c95accb658a8beefc5d010c02e65899e24940a41bd223b371b14a58206012,F,Data,2025,30-34 ans,Bourgogne-Franche-Comté,2800180,4.101,6.6
d67eb3a6a6b0c8e297c306f336182d8ebafc849a1410b6ab2afa536cc002b6d9,905bf82ea480fd65f01e937f78e6e01e6a03a15f8aa02e8d7c30fb34dbd5c622,F,Data,2022,55-59 ans,Normandie,3348960,4.905,7.0
faf4771b76ec5c35abffb07f7824ceeb74f784bd6f5500362a6f9e474bb06900,144715f0da8696d91cc51da21e329361c2739ad307fa4f9dbea082b7583b0c77,M,Data,2024,45-49 ans,Auvergne-Rhône-Alpes,8238335,12.066,6.4
950759be81513e363cb43cdd3a2c328af1074619a543d8acf6735101945d5524,94b7b976891dabacf5d35aa03436143570dcfd3d4075376f0fc187a02f8644df,unknown,Data,2022,30-34 ans,Île-de-France,12507542,18.318,7.0
e75ad5326c3b013130c5794b246d1683d198a78ea61f2a903b1926f4c6b5fbe7,941f80750c17390ad164cc5cfd8bc52a21c5a7873ad8effb7377552f6307acaa,M,Data,2022,35-39 ans,Occitanie,6165869,9.03,8.8
684a233865d96d4866b5026f9cbde5bf7632ac924e7a38fdd5e5424ae95e24f7,403bfe16109396477fb5b6876b35414b1afd69a1aa152f64351a37b6ffa484aa,M,Data,2022,25-29 ans,Pays de la Loire,3926871,5.751,5.9
7b043a9ca39d609fe50339f1ed81e339135a1c8b9fbfdea700c1b1c425d8bfcf,3d2b9b910a26b96b92ebf20cce9745abc3170fa6b4c292de2918cb71192b1093,M,Data,2022,35-39 ans,Nouvelle-Aquitaine,6181885,9.054,6.6
7c79fbd41c09a18281fa5299fdaeddfc2ab0a1cb5a53e2f1143bf7493e52d760,ef0a31c5bc1e1d96530b3c1f2a31e8d9fb4017fbc5b784b247369fd78c4c2550,unknown,Data,2022,30-34 ans,Auvergne-Rhône-Alpes,8238335,12.066,6.4
8163ea93a60a04941c415e199db811fb0d7857bfa8ff6b104d47fcaca58f27da,8d2154f8b8550563d269e09e4cf4a11df68a108b2716ba46253a88faf6305d3c,M,Data,2022,30-34 ans,Île-de-France,12507542,18.318,7.0
c49d156772f0339cb73f3b7453fb50f7fcb92c7cb55746b2e60d332469907c21,1ba650e11a8369a1da830ebb0cf656941e8fbe09f662d44c4d72f8ea9f6d32dd,unknown,Data,2023,50-54 ans,Hauts-de-France,5983840,8.764,9.0
5de9da2deeafcf0e8ccec24ca0a952f64754f95fec69f0a74bf160865b3261fb,316929699f89f138d97210045d67c032f75eccfc8e19cc09598b61206c709ca4,unknown,Data,2022,35-39 ans,Auvergne-Rhône-Alpes,8238335,12.066,6.4
c57517be211c9ddab490a07da3167d5ac80a8bbc5cf0e17b870ef60d49857fea,d04fb407958a7160d92cf73217cbb052afa9eb7347fe9fee38523c04784ba9ea,M,Data,2022,35-39 ans,Pays de la Loire,3926871,5.751,5.9
8cb8e49987e6fd736eec7cd2eb39aa352fa16ec72eb1f43eb6706b3fd3ceee8b,0b95f1e468bb6ed42a15920f280042075a2615abcf009cc3381b2abd47f253d6,M,Data,2023,35-39 ans,Île-de-France,12507542,18.318,7.0
3c50a39ed59ffd8a5e81472c16ddc737c1f55d9e33d991730694258054e8169e,df8c5334928889abbf69d2dab710a6c5712c38366bc5f7a8cfc354a70bd7f2e1,F,Data,2023,40-44 ans,Nouvelle-Aquitaine,6181885,9.054,6.6
de607b08eb5e98117b90b1a65452586d0558adaf92bf594b25f9aa15672ef8c3,0cc9ffa6194ec1d7be0c288de5173856bc1a921c0428f878ae3846c88194ea94,M,Data,2022,60 ans ou plus,Grand Est,5557457,8.139,7.3
9f251c9cf8eb7e6c11426bb43ec2d1a33143843fdb0358ee950fcc40584ca767,b145eae3ac65acfda8e8437187eba2f3e5b322cdfdbe7da35701dfe0f84aeb8d,M,Data,2023,20-24 ans,Île-de-France,12507542,18.318,7.0
ab60d56d6f935819af661c4d2e43da4b454b5857a3dc8d0ca827b68f01daf542,d7e08ba5aca5f5c226139d46e149c4145524bd66689500c279e3a3a8c7e5cd65,unknown,Data,2024,25-29 ans,Bretagne,3469711,5.082,6.0
5812a9cf02876609276214191fa792356e84f5f04814bc7404e65240e71c4abc,07dd06e4a27245f288f4ba85d4e7d9ebfcc1ca98d5d9211d55ddaaf8fa8386b4,F,Data,2025,35-39 ans,Île-de-France,12507542,18.318,7.0
cb1f3a2143641292a6d1432d2709da727cbcca6d38a866d3edd42066e002066a,893043f7497a64540ecb82eacbeb374d003bc0f9cf8553a66451fd1f4f095e36,F,Data,2023,40-44 ans,Hauts-de-France,5983840,8.764,9.0
27d7a6a0379ad13ccc2d5d013713fc167659ccd4b05d7f90c5b8933bfee10a24,4002614b08d3e1b2177e148621ed602574b416200ef71c9c3ef0d5d384939415,M,Data,2025,25-29 ans,Île-de-France,12507542,18.318,7.0
388cb211001d5d0e6ad7777f104a75d3958efe7db5e4ef652e020e07844d95ab,7847729ec5b483e81c936b57e54b2a1b679877867c60f6f8d1400702569bb5fa,M,Data,2022,40-44 ans,Nouvelle-Aquitaine,6181885,9.054,6.6
f88cc8b69f5bbd2c368c2cf097050994c863e5f36fb6cf2bbc0be361c6e30dc8,b580af43c13478d8266bf05db7ef84980bd035cddf0c2a40a518013e6ae05c0f,M,Data,2022,55-59 ans,Île-de-France,12507542,18.318,7.0
6d96bc6f6741eb530e242284d8c0944040eb74f1536e4177ba4df0d510332716,785373816fed028e754c6c9989c249e5cdb005ea658424e2877bf85c1c7ae075,F,Data,2023,50-54 ans,Nouvelle-Aquitaine,6181885,9.054,6.6
9c1a946291c98063cb81d921a41f3ecb0fa4179430267d833ad5ad1d556d8da9,6be4d2b6482f928df1ce7cba8bcd065dee97aa226fbc19bb7bc05c84831b7cfc,unknown,Data,2023,30-34 ans,Provence-Alpes-Côte d'Azur,5252362,7.692,7.9
2c7cc72d250a6a2fd62183396776db0ef3cff3d9e45c9cd94e527025d8d5d79f,1c7eac55453257df5635693be2daa2ef8d6f90bad9bddcccad99c282a8d852e1,F,Data,2024,30-34 ans,Île-de-France,12507542,18.318,7.0
a32457edc7bbc047367ed7086b0ffe9e6f9d41da1986d5cb41dfda125041050f,a2d65d594efeaf52d7d3a58115fb39b980a1eb2692e66ed9a3107978ccae95ab,unknown,Data,2023,30-34 ans,Occitanie,6165869,9.03,8.8
0fa8647bcb93b37043494abc0a1b3e939e645c6a60153eaae944c48b74dbd177,f173d7fdc8dc0fd4af8aabc7cb9753958bc52e50731b7a1f5dd55ecf777626e0,M,Data,2024,35-39 ans,Provence-Alpes-Côte d'Azur,5252362,7.692,7.9
b3214269cc60ed776517b0a6d487fb11ec8acf1c0e9c7fc41a5b9b5b9cce87c4,2fd86998b3d9ae37125b91862a78d1b6392057d4134101a50b5e5f20d89ccaa5,F,Data,2025,30-34 ans,Centre-Val de Loire,2588006,3.79,6.9
3934acd12f6a88054c49faf73212cbad8782041e3c18cbebd6db6a1b7a471cb7,f52f6e073bf9a9b26c83eb0ce3e8866656818fc2bdd84a56ede34cefa99f4333,M,Data,2025,25-29 ans,Provence-Alpes-Côte d'Azur,5252362,7.692,7.9
b8b44a9f81371ed5250f91c984975572150c150b192a67a1f62495e446f9e85f,e588fb05b5e34c065ca9294fb3ccc5be2e4a255f15f7e6d722a3db2ec0d824d9,unknown,Data,2025,25-29 ans,Île-de-France,12507542,18.318,7.0
6ab6f8baa79400af933c71dc4a1f336561ca7b13dc9269170184fbb3fd0f6d4b,e4548ce6dddf8b9fc1b1db2c034928189895162af7878346df3a75daafaa7f07,M,Data,2025,35-39 ans,Provence-Alpes-Côte d'Azur,5252362,7.692,7.9
5a6dbce796ba85eb30306b5d51e06ad120943082d7b8455277f69bcb09dafaea,4e7977bb3a63ac6459d8f45515a9c474af2264f3e3ffe310793dd74d16cd1ba8,M,Data,2023,35-39 ans,Île-de-France,12507542,18.318,7.0
2b87bc57b6e6181244abff70b24c833952faf6bacf3e83414c8398d0b23f623b,7ec9e4e7072c8ed16f713891cd137be281bd716ba0f5067e26730149c8735b80,F,Data,2025,25-29 ans,Île-de-France,12507542,18.318,7.0
d7cf07013d9844cee3fd4302cfdd0c44b9ed00f84d593b1fd5171442a0d5b1be,620d513820577281b8409cd63d7e6ce4da1c11495d7de01e71caf446745f61df,F,Data,2023,35-39 ans,Auvergne-Rhône-Alpes,8238335,12.066,6.4
4c3717d8f8748708b75d3741433a84739cbb5b65280e33ff092e5cf210431464,a3f83493d3bd31a18deed8219cdc189d6464aed23c15068ae489e1e2109255e0,F,Data,2024,30-34 ans,Île-de-France,12507542,18.318,7.0
eff10ecae967223d55d2c295c965373b1a07e287b2de1f5ae1df3037bcfb3f4c,0a7da78729aec9dd2fb7a20e399d55bbb7631e094b96ad5d42bd24b199c0b8a1,M,Data,2022,35-39 ans,Île-de-France,12507542,18.318,7.0
17e12df72cfcfe585b7fcf81f82dcfbf0981c499c60f71674092afd4b19ad40c,de9d34394f3e77dba741b9fa0792102880fca5acf582fbb150ff2aba8edde9c2,F,Data,2025,35-39 ans,Île-de-France,12507542,18.318,7.0
d81c748a6ce0735074fe4b8e091e17588a9cee6faceb0892d0652ef3839ebe80,45437b442d1bb5be641bbfaff7a5241b01a59d9c15dbcd050324b4b01d63d1e6,M,Data,2022,35-39 ans,Île-de-France,12507542,18.318,7.0
5e5e0ca2ec2e06c7b84132b5c91351ee0a607ca1639429967c73a40cc223c2fc,53edc85feb0634d4d2d2d47d093c7f5824c04e268ce7eb90c2dfb519e1ff32c2,M,Data,2022,30-34 ans,Île-de-France,12507542,18.318,7.0
5a74979d4a1a9812dd6696aca93b171ed740f4473b14c9fe0f9ac72dff0e383b,f3641311587d31c9eeb29f1c8aea41f1c0406c0962a203f786b235a70e3ac5bc,F,Data,2022,45-49 ans,Île-de-France,12507542,18.318,7.0
45d598e8fdf31ab5b6c6129e6108407e8b727281bcf9eebf8e6584fa6905c91b,ac6645b09655fad3e0dd7bf3a91204dbf89ee11545bfbe998f7c8400e72ad408,F,Data,2025,30-34 ans,Île-de-France,12507542,18.318,7.0
7eb12fa6e2508ae10dd8c47678a5576ec08bcbea1099f8c6f279a20f405e5837,f6bb12c9e7d4d26ee06b48a33d588d1c97d8a7ada7a1dcb2b2353090f10d47f3,M,Data,2023,35-39 ans,Grand Est,5557457,8.139,7.3
90cfe4108d0c22919fe4f17fe579e29c700f5e9187c094db06a34ec41a03817b,fa5a34f3edac3b5f3764bfacc510c28a45c51015cd691aa6a579cdca828a04dc,unknown,Data,2023,35-39 ans,Île-de-France,12507542,18.318,7.0
00a1ac875eb664dd463e7fa94104d7400b78610b8f98adf9e11e897582b4932c,3d7df83a0510cbe51d75eee6e47e4168291818898618cd0239027325f448189f,M,Data,2022,60 ans ou plus,Île-de-France,12507542,18.318,7.0
fa1830ef6e224751b20cea9953c1e7188df235ebb1481b5ec9f5f27b9aed90b3,1ed392141bf7e3c09edd987b965cea3ef587b4e80941b64137cb2c346094cb16,unknown,Data,2023,30-34 ans,Île-de-France,12507542,18.318,7.0
78ab78cadac557c99f099bff9d83476c812d97ebdb23aa081cfd7c42e35895a0,d1c1d11ac0d23a69c12ded081dcb8d93917eefeee7f2ac1f45d22a967f7055b3,M,Data,2024,30-34 ans,Île-de-France,12507542,18.318,7.0
8f2ce2e9e134134cfdc73e2a83083904b7539bc94ddcf2238d7f1383ff49d8c7,db3e01efea6e7d3cf386f4d714586a457a12f34c8de0e426bd13717ab8f696f5,unknown,Data,2022,35-39 ans,Pays de la Loire,3926871,5.751,5.9
3b84e35c0785dfa1f5bb5ca6ab5f61416efae04feaf326cd49c79793c7fe8743,ec4baa24315518a4de326167fca430fc91d2e86493836e2a7c5960255bf09d0b,F,Data,2023,30-34 ans,Île-de-France,12507542,18.318,7.0
5ee59e42064092c743e93c8f0860adc2520cbb60ea46a499f092f4b587385a80,4bca29569d6db0bacd5c1f2ef211b3c53f18cc1d838e93ab7b2676840a9f97f0,M,Data,2025,25-29 ans,Occitanie,6165869,9.03,8.8
c1143a685020a9deacc132a3ef66b5039a0ee55b956bd7f783187abec1dc3254,009f4be4092f9e4cd523c7450b4872a6fde2a748318d1fd265d3b5c27692bc2f,unknown,Data,2023,30-34 ans,Auvergne-Rhône-Alpes,8238335,12.066,6.4
32b57fa3b7994d2e0e3827e3d2c4d43c774738737d52cad026b508053a60f4e1,61c7cc19bf41044d2eeffdf30a5dea023fbacbc3293d108118e89d2855f173fb,M,Data,2023,25-29 ans,Pays de la Loire,3926871,5.751,5.9
dd63f2240203d3b56350ece9afaf16c5f32cb4503510141ca1b0a6fb6176c320,975128b959892a5ceda848979b4d9cb95f4f3cfa5bf7aaf48df338084651079d,unknown,Data,2023,30-34 ans,Centre-Val de Loire,2588006,3.79,6.9
5125e9c1db490d8db7f37ae21df19d7caa5a180242e040d2dd8552d271b30be5,f465db47e7fe014783140285f4f9d23b00a67a4f2bf047f67d39bbfe3aaf7448,M,Data,2022,60 ans ou plus,Hauts-de-France,5983840,8.764,9.0
e541ee6da6907a195288003ebc093cbb7da36d95973d15781e32a15610af9be8,66207d5cf1c4e3f009b1416c9bbdd75d2b54c05c02529bdf81a7a83b157b492a,M,Data,2025,50-54 ans,Grand Est,5557457,8.139,7.3
4a244c8f1b2cc51618ba605c2020a2a52c36c76137f4eab1f7b4ab86900456db,a3147869054a4e2560c0a886d152fb55b6b42ae51794124b2ac8f9afffb75f0a,F,Data,2022,35-39 ans,Île-de-France,12507542,18.318,7.0
7779259c3e25d9bf119d8053d386c27217a629a248c29c788e59472aad5b73b5,a0292a44f91944bd07d534cf716e224520f62229f7db1c630d8fa0351f3067c9,M,Data,2024,25-29 ans,Île-de-France,12507542,18.318,7.0
9b5ab0608e62aa463de96d1b18d43c4a0e31491d84c9b3e72376617687bcf6f7,02690142632f01bd91361263e645043492460d8874769ed850072c44839acfe9,F,Data,2022,35-39 ans,Île-de-France,12507542,18.318,7.0
d8cc7c89cb41352ec1acd1e66751b31bec7f175a04b02fe5d17b07935315320a,5e72fe162109aabb484a966ed24516b7f54f400d5a56925c4ecc873862753794,unknown,Data,2022,40-44 ans,Île-de-France,12507542,18.318,7.0
0def8393f0cd2978adb312b8d78150e7b9aa99b66e7c3854f1711d0d6985fc1a,f00159b571665c70474205677444e4894e4c75826e75e462e0a598b2f2b71eb5,M,Data,2022,30-34 ans,Île-de-France,12507542,18.318,7.0
8722a9be2c4c0481e27672918ece5ee284936ab08b7731f814005f4d9b7df830,88703d2fbda5371b4a7a8b15f69067016f6786617f81dc7a7542e535f6145701,M,Data,2025,20-24 ans,Île-de-France,12507542,18.318,7.0
974745bcb6e79415f4a2fad79885bb05bdb8ea62e1f1e2cdf93cb03fb562770b,458b009ffb7880618103ce21a2220ff504313471bc3e4b9d8e43414bbe33c905,unknown,Data,2025,35-39 ans,Provence-Alpes-Côte d'Azur,5252362,7.692,7.9
d53282837ecc70afe4ab62da70eb1c8ec66a062df8e71bb1ab9017e0210576fb,538c4b806969c02bb631fb556a98afd1ce6873bdbe51501bbac209f7f451845d,M,Data,2025,60 ans ou plus,Île-de-France,12507542,18.318,7.0
a471412f8e82909d6cb6c4179a6fe8fafabb77270319727586590cdc4ca68567,f067bcc3a3c7512584e5dbd58d77ab12c40ee0767a16b6b9de96ee5b29d6c132,M,Data,2022,40-44 ans,Bretagne,3469711,5.082,6.0
b8fcfc46b34ec7898ac8ab0b1d64a2de3056ca96c4a493504970a27ed8e6855a,5e891949a3d1b975c65ed36567898052dbedd60d591982687b240e0ac4db0aef,unknown,Data,2022,40-44 ans,Grand Est,5557457,8.139,7.3
eceefbd31c4b035a99e573e4c69b0c9cb3125948e97b2cac219925483ec52917,44caa88cb32dbbcbeb2f44ba3f60e513f139992aeed189a5b0175bc38e83b1c8,F,Data,2022,55-59 ans,Île-de-France,12507542,18.318,7.0
979f85c8ea42d76891a5f54a5491cf5df078e619408ebc66c9758b9bf7e09e46,ec8429c22ce712e9ddb45c386f99bae1f46b6385a15c0b63b339e764ffb5e524,F,Data,2023,30-34 ans,Île-de-France,12507542,18.318,7.0
702653b2a42ae40a3b53a425d0064eb872028dc9d8af0197fa0bb039bca9b858,7274d5ab6ec4ce205a26fc57053b3435b24ffb1b9fec4e59b0d5707be9305771,M,Data,2024,25-29 ans,Bourgogne-Franche-Comté,2800180,4.101,6.6
013d39206c13da32fd4270f640ba917bccf8bcf363e7f1a8249d6e069939309d,285cfd507163dd761476d15e605c7ed0743511b8207ce8a6bd6a10ffd9b9660a,F,Data,2023,45-49 ans,Nouvelle-Aquitaine,6181885,9.054,6.6
96ecb90658f6db27e66858d10ef101c900c5cdacfb24d708ace3a6d2842f20f4,341d219f9e59e1ea19d61b6dc12ada94c71b97d85e8308e1830adde3d515dd44,F,Data,2024,25-29 ans,Île-de-France,12507542,18.318,7.0
8b3cdcf22881062418d43552fa73f8486aef4de62bfc8cd38d6f0fec34f47cdd,b44008b0423c9bdbc95d4a9dffef79ca2ad202bf523050e3b3e3c97dda66fe45,F,Data,2025,30-34 ans,Hauts-de-France,5983840,8.764,9.0
d49a0fef5863e2c50425346a7917ed19dc25dc740724a89286166d92532a8121,48d7cbe6e8b7ee72080de1a79f94ac3665527cb1f27802270ecdaad3a95edaf8,M,Data,2022,40-44 ans,Île-de-France,12507542,18.318,7.0
7686b6002a9b5fd7f64250ea7fd1d3e77aeb8f6fb35279c9d880d628261640c5,7adf6bcac4c039fb7d77c48a68130c896cba8f146e6fb47fb87d9c20cb73f8c3,M,Data,2023,25-29 ans,Île-de-France,12507542,18.318,7.0
98ba30a8e00b429df7402fedf9ec6a3800edb04584d830e8a9becb473e049f2f,bff2af28bcb3859282adc2060f6b0bf8461ff4cf4495dd09ca224c6e2b6a27f7,unknown,Data,2023,30-34 ans,Île-de-France,12507542,18.318,7.0
22726b0081cd517235f5ca96c3c0c9f406dbf67795f0033964ffe7d449cae8c3,b23f97eb1adabd0d016e0247cb7402d3bd099301b416505139e2ef7a0addabb8,F,Data,2023,25-29 ans,Île-de-France,12507542,18.318,7.0
1f7d475cda23a9f82ae020284e5cea1858eab215e00e59a2b522dfad29ed67d2,b9dd8b1023ea710929d43d18e3d81df7b351fedfff9877cc621f477e1e2dc5de,M,Data,2024,40-44 ans,Auvergne-Rhône-Alpes,8238335,12.066,6.4
72ccc5a26e17542241c213df724b47769078e77faf4b210e30a96356d9a7d2c6,32334d9944c95c719abc8e68f66a5634b9abbd1c4c41ffbb780b4fc3f93a1aa3,unknown,Data,2023,55-59 ans,Grand Est,5557457,8.139,7.3
556029774482a1186e67309ed3539f4c07e1ef1e79be25ae2288148782bf7298,91807203b07425da537ccc75d4e58f981d8902f469aacb96157b5086f2852abf,M,Data,2023,30-34 ans,Nouvelle-Aquitaine,6181885,9.054,6.6
53246ecd3fb0b75cdbe13382798c31f5f3588444f2fadeb8a5e783005ddf61e7,424f1fdbde8e4c68bc2cb7a7a35225499e81fe6ef1e04bb110075d93ee98603e,F,Data,2025,30-34 ans,Île-de-France,12507542,18.318,7.0
ed64f21e3b1a771f04cd5fa17d60dd5ee367decfd68a4ba664deff4ff5e93fca,acf521947c51f2417802d6a801bb868b1259e36818df0d3201fa7736c6ccada4,M,Data,2024,25-29 ans,Centre-Val de Loire,2588006,3.79,6.9
a0e0c93e6ce75257ddb737b9d015fabb477ecc52c845b64669ae4e98a5887e68,7d8640b735553de2a41609ff4243f8b4b7e17566f304d3b7f2f311e9a743c653,unknown,Data,2022,30-34 ans,Île-de-France,12507542,18.318,7.0
15424a277d9b01c1a656feff79964afc3bcd780bda70302725c2d13b016b0f00,a176098bc3ec0f6ab76a73c6938ed470ddc21f4303476a28318429b4b40fec4d,M,Data,2022,25-29 ans,Île-de-France,12507542,18.318,7.0
c82703392ea377a552a24cb8a3cca06ce5abcd456447bc8b97711889379271d8,4feb40e08ae21089e2c0ec02b54401d2049d9a103af4591c5fdd199c50d73de8,M,Data,2024,50-54 ans,Hauts-de-France,5983840,8.764,9.0
26e6ba166636e6e8dfe66d0946be8df9525804387004ca595a4b10e2b6ce63db,45687bd9525b38c189fb05f7701e5b52424c1d052b21d72e0b958b908c08bfa7,M,Data,2022,30-34 ans,Île-de-France,12507542,18.318,7.0
0fa8647bcb93b37043494abc0a1b3e939e645c6a60153eaae944c48b74dbd177,6cb1943fbd0f9bc1b557ae837a9bdbd508aad9ace4ee15baa510de10be5edb3f,M,Data,2022,35-39 ans,Provence-Alpes-Côte d'Azur,5252362,7.692,7.9
6d86f812a98766badb74f0faf7418e5e0e62cd2c4e75a38f82c00a9e454d3577,d94ecec4a740ad637b8c4eabf9a1533e9b4d27bdf54eefb2a0268893ba9e01f0,unknown,Data,2023,25-29 ans,Île-de-France,12507542,18.318,7.0
2f0effcecab3fe806df488fbdc386441c4a597c1575d5d496b6f0da8003cda1e,6a3cca179bc10bde19b70c3ee0aac672b0d192927458fce67e80a2a562490793,unknown,Data,2022,55-59 ans,Grand Est,5557457,8.139,7.3
05b86bd587f3333e0a247b4c6af7bac48ce2d10ce7441f2b937e8eee8faab713,69bd72be46e7c9798ffced2eaea6d897f15b7bfcb4cafa24ca824e66b151098a,M,Data,2025,30-34 ans,Provence-Alpes-Côte d'Azur,5252362,7.692,7.9
ad28a1bd9fc8105a9e05faca3c7c1e8a4dd4ba7deac092f8ffcd886c8d1f3271,d71e8311b9612efd198692734c9f6123f1a4a424daa9da4151540ed982536303,F,Data,2024,30-34 ans,Île-de-France,12507542,18.318,7.0
2501977b9f0d436ffc986d634bf36b303efd15bb3fcde3228d4f9fd64b599d6d,eb1f29f83fd858a4f4c82831ffc5997fa6f3fa07807a21c6a6a697a53ffb4536,unknown,Data,2022,40-44 ans,Provence-Alpes-Côte d'Azur,5252362,7.692,7.9
ceb9e3d5c7b224a32aa3283cb75437b3b90c6d5f38cea2d2127b81451e2f6e90,5635023e2dd7c14d2f77e92b1a993623a6efe6df9cee04500071c0e43c3e8405,M,Data,2025,25-29 ans,Île-de-France,12507542,18.318,7.0
8cbdbaa0aa9bea092b78fff47343826388b3fce647afe64822e6590700595371,b2e7bfe66879e351baef5ab86e428ba71be56782f7c681b34c0f3c8788120b9e,unknown,Data,2025,30-34 ans,Hauts-de-France,5983840,8.764,9.0
28e7426a17d4dc15aeead31da1f1d66087e36a188993b4a1640ddb41a273bfa8,351a6c910bbd9bfb755b5a9f772bca83f1b7da0465bd76da218b740ed6e02da9,F,Data,2024,25-29 ans,Île-de-France,12507542,18.318,7.0
7c159033a0499e012078aa77b24212927c6e7cd1d638f75d877c1d3de60aed07,a8e359ea9c4f81868ac84ca9e847d8839e00598d682c95c76517247a0dd1eb1e,M,Data,2023,25-29 ans,Île-de-France,12507542,18.318,7.0
9bd36bd856a6b56bce326fe822dd1a579e3f00644f42c9b8115dfbe65f51eccb,15f7639e826a32abd6bbd2f353a691006ad79d0b9f4ce44d24836cd63530cf99,M,Data,2025,20-24 ans,Île-de-France,12507542,18.318,7.0
665aa7c10c2227e9b40fb4027aff0ce1e06b794e967fd316b296187a121cbeeb,1621237399ea8a07b1ea647f67dfa75a42d1032209f6dc8562ba097744291ae4,F,Data,2025,30-34 ans,Provence-Alpes-Côte d'Azur,5252362,7.692,7.9
12c3345dc08e33df052b74cc7d6b25f974c8134ecb7d5face19034d30a789b41,0ce409c6352e5a140cd550b1ee9ebee5354eaf01340aa42f88697b61aadc3952,M,Data,2022,25-29 ans,Occitanie,6165869,9.03,8.8
78e18d509f127ebb7d7bab08b287212ba8a78c262b73bd7de81210fdb95261be,37210366f8627f697f9a3f4d65241ea0a772b0e9911f010ab3abeffa1acbfbd8,M,Data,2022,30-34 ans,Hauts-de-France,5983840,8.764,9.0
421bc1b7959057109eff1355e6ac2b9b866a9d3d441bd98690048e1d7b98ee1e,1bd8ad9e5433ec654aa777c86a0c028f4c3c2f43660730b02f65ee5505ece85f,M,Data,2022,30-34 ans,Île-de-France,12507542,18.318,7.0
75169641e1cba8aebad71711696832337ee0f814a1db8ad77a94291de17d0881,d71872de8bc5ef4f00e17177209738c8561a117fb95764d4aa60423bde839971,M,Data,2023,25-29 ans,Île-de-France,12507542,18.318,7.0
50850c02c7a1c3118c1ae37ba51afe87641d7214e39729be4bbb7ef75434bd4d,9ff12077f38fd34083d6d4d2ccd2bf7701221280213d6177c4f515a72b71a3c4,M,Data,2025,20-24 ans,Nouvelle-Aquitaine,6181885,9.054,6.6
4ff9a6d14fa64667b61eaaff4f1c1b132b43df422219a7f95a586472c8599fcd,321608b2594a73e30c09ea70dfaefba5c5898a2a7fc66289dfe8826b032036c7,M,Data,2022,40-44 ans,Île-de-France,12507542,18.318,7.0
ef68318d7af14405a4b5774ef5a999f3f913591268de27430cd7526e6495fc14,373661ab22baedb7bbb3ad993999d22445d4c5dffc2356d732ce42ca7e54d77d,F,Data,2024,25-29 ans,Auvergne-Rhône-Alpes,8238335,12.066,6.4
59b6ee198dac87246859488318c6493a905495f36bc3b26d275ad5791542fc38,5ab66db265adec7caae0f30ec3226cc378ac06be3902b4b702e9d70614cb3181,F,Data,2025,35-39 ans,Île-de-France,12507542,18.318,7.0
35264f23707726a04dbaf001f8e49806df51be3406b4017b0acdd5d02426ef08,534396977d8e6eccf33bbcae67c7fa0a4c12b524cc159a047b503fb80f441b44,M,Data,2022,25-29 ans,Auvergne-Rhône-Alpes,8238335,12.066,6.4
256eb60d43d3bef27f678d29534ef444ba25dc787fbc85d81ea849f5c8eba993,500a1f5bbd25383caeada1230293c0cce0336f41d032335c61c46df7d51ec41e,unknown,Data,2023,50-54 ans,Île-de-France,12507542,18.318,7.0
8b6ff5b70ffde40e0ca2e198edfc22456c4ed2f2a57b7c77baada76003b35c01,c3ba0e169086781f4f86c5d49ca5a109844c2f5127e00bd1d72cb5fa225f56c0,unknown,Data,2023,40-44 ans,Île-de-France,12507542,18.318,7.0
1d15268bfb87354ebe970095029f2c79dcafe006a7e0ce65f421256dd0d767e5,6df1a981d74bb5ff57dab1e023d6fe7794f3163bc8088e8da5c762f68ca25a41,unknown,Data,2024,20-24 ans,Auvergne-Rhône-Alpes,8238335,12.066,6.4
485e7e3d70a997103e4a1d3df8ce3f742f43bde18faf9c7c3623ec9cca453423,abd0e9dc774a1f88afbb9c94a0b1641966da91b3148de798c0fa2102e555fab8,M,Data,2025,45-49 ans,Île-de-France,12507542,18.318,7.0
b41945ae0a1a7aab677ad17e34cc15f48d32e90ee4a0d6baea96b9b409af060a,59bbaeed9f05c2b0b1d6819b1d0dab5356a9beb0433a89560400cdd8b9150641,M,Data,2023,35-39 ans,Provence-Alpes-Côte d'Azur,5252362,7.692,7.9
9e9a645e355a158dd28676fcbda363e19c09d0afe9a75aff0cb4df2261f10a8f,29e48656facad0d269c75311acf5e4048890dc4d2dab331027f87811b3fa3efb,unknown,Data,2023,30-34 ans,Pays de la Loire,3926871,5.751,5.9
b7058a255ee7fa06dd17e06168bc13a5cc0d5cc66a776dfc133bac0a33ecbf7d,41f31b7f96d5e5b06240690c945ab3fdd521b6d2f06e83abb15afe177c9dd2e2,F,Data,2025,40-44 ans,Hauts-de-France,5983840,8.764,9.0
3cc9646f33f7b5d40a4dc22affd76f0033fd6a2205a3c4fb67687d5c0e727283,013e1982695a1f76f2b79ec9e28be99b4acac84aba057e2f7bcd45e426f40af2,M,Data,2023,20-24 ans,Île-de-France,12507542,18.318,7.0
dcd68747e3728312091082e0208a4e554daa11da1a507fcceffd5f64f34c7249,de91c4921f41b94f9f24b35e9afcdfe3806c5ffba41957f0cbea03ee5dfecb51,M,Data,2022,40-44 ans,Bretagne,3469711,5.082,6.0
0180992586e8908ec2d3effd87ecb329a71affb74bd0134fba5d943a73ed05f4,e051eb38c802fbd76110550963a1a53158d3f9a1fc6536673d7b6fc934881f89,F,Data,2023,25-29 ans,Île-de-France,12507542,18.318,7.0
107bfd6e99709999ab02583467ae015ad48be92dc3e80073ad96907e2c057cdf,e01aa83902fb84d83f39a5ff6f29cabde61afb00df933be853b297e1f83e8ddb,M,Data,2022,35-39 ans,Centre-Val de Loire,2588006,3.79,6.9
684a6323721e703c372535cc4f6687bc2119e38f099f3c56213db60701f88eac,1b58e26c6895976670b8df2db679ee256d759cb7e8fc6cdb69d17a2f1be1379a,unknown,Data,2024,35-39 ans,Pays de la Loire,3926871,5.751,5.9
c13443f89370c5b9253b1c621723ddf4a62d9761b63893794946cc2eae039ded,01c000e9e3c6035ab3f08447d0122717727ed84af16c16f3c4a2fb88264f1061,M,Data,2023,35-39 ans,Île-de-France,12507542,18.318,7.0
cfc41b2a04095b864e999a51d8c5fa3aa35e964c98f35b186160863fbcb13f38,64edb1f922fa9c93e947a351bb44047dc808bb4b5a43b5bf079f60d2fada35aa,M,Data,2025,55-59 ans,Occitanie,6165869,9.03,8.8
cc0a1e27c2c45beb9a9774bde8defe1e1ab6613317d2b7b610267b9c4b9a0cb7,647628b0186640b880600c2ec441f94c2e4d31f3d461fd1cf2bfe3414859d66d,M,Data,2025,30-34 ans,Auvergne-Rhône-Alpes,8238335,12.066,6.4
3d04907e6929684659223f6c835a4d8756f84e09859c5fd91b78c489d64bd59e,c33f96a4ef8d00fd6f6b18e65c3af8c7c77280e351c89793a7c8313c90ab8ab7,unknown,Data,2025,60 ans ou plus,Nouvelle-Aquitaine,6181885,9.054,6.6
4d1ee568cd378843ce9898733797c304ff1a983c49cd93dd44ca8498e01f5006,52c3c599126e9f95242e2126b704bf2456b44ca7a0924c7614da1869df449ecb,unknown,Data,2022,50-54 ans,Île-de-France,12507542,18.318,7.0
ae1f67ecd6a19d8a90da5b4dc09d7cefff35931943ae9ed0ec5f3f29d20d6f2d,e688f4b34de3eb387e90708e341197feca1f919169776da73615134908d8db55,M,Data,2025,45-49 ans,Île-de-France,12507542,18.318,7.0
0aef59220dbee154547553a61c533ed05b798fa6f416361775d90edc11a9129c,9baad9a0ddec03b02b98e678fed78bde9b101d1e0b1957223ad1471ccd30163e,M,Data,2025,25-29 ans,Île-de-France,12507542,18.318,7.0
fffc292eeb4161ae6ee77e0eff61e76e997b2355246ebd40b027ff97b8199768,65eae769816f24049f9ee5b487b8fef1ae7aa9ad6afd214f132c9d7031a75dad,M,Data,2024,40-44 ans,Normandie,3348960,4.905,7.0
53e76f64f6472eaaccfcce396f7d8a32f23e99d4cb44150fcc252bfb566c11da,575d443434657dace135bb7b1557bbae84c34b6143e41af2c92894b582799dc0,unknown,Data,2023,40-44 ans,Hauts-de-France,5983840,8.764,9.0
fc63e891c005c993d0d88c8fbd735ddaca7d21016e3ec4e05fea7d0e53c715b1,ee37962e31a0c67b6ede7acb98115dddc32a9f0fd5ada84ae95e19c7506e0969,F,Data,2024,25-29 ans,Île-de-France,12507542,18.318,7.0
3daf6fdf2bb1ac19a33101c4d8e1861bae7d5f21019a75a1db63e4aa8e9a1488,52642606189247693f16069fc44c563b4f0cdab1dcf3f5572720adbc37dbd4da,unknown,Data,2022,30-34 ans,Normandie,3348960,4.905,7.0
f13eeccb80035e4431503afcb51177045af9dfafd81020e8196c6d02ca0d21ed,1cce21f1fe777b3a1415d5f907f3bc93c6af4dcade64dfa4be50ffa621a8d0a9,unknown,Data,2022,35-39 ans,Bourgogne-Franche-Comté,2800180,4.101,6.6
51761ad2874991fac102d14fc7c2e6403973888a544035e6567e280121778526,6462ddeb608bbfaa236ae757b3da750ddb18faf0ff74e81fa5048a5caa7954d5,F,Data,2022,35-39 ans,Île-de-France,12507542,18.318,7.0
947548a2877fdd2ae5f8cc4e41e911ff403dae6680e57c6f15eb10a5d371d4d2,a21e3e093d202efe886997c3cd5e262aef51e076b7284a3aca90645ad7d24489,unknown,Data,2022,35-39 ans,Hauts-de-France,5983840,8.764,9.0
6567d22a497edbe2fe874eb9148ae20cc2df240690451490930e69a8a5896daf,38908b99a1ea11d979c4d176d61e3e5b653eeaf2f0d2b467cfbf490c244572c6,F,Data,2025,25-29 ans,Île-de-France,12507542,18.318,7.0
2b1a08a6fe8fe5b457793e577318a89a1899d9594cbf3070c9410e3345c9b041,37eb11b471ec3ee0fe0c24c1e0fbed3ef214b1de47983d2b0722c7c3004da590,unknown,Data,2022,30-34 ans,Île-de-France,12507542,18.318,7.0
34439c28f0e6e2f04bfa72c48af0270d5a50610ef91fea302ca009e338e9b56b,0955f733aaf4c890eea046e6a494017829fef177ba4b2f4c4c35ba8463804c73,unknown,Data,2022,30-34 ans,Occitanie,6165869,9.03,8.8
6c47b1a19298821b39446ed8af6a55bfd151728d3250c5e1f1f079a7bfa2fdef,3ce8e853c805a6796cd439395c281febe248666d7f1c260f56baac30b209b1af,M,Data,2022,40-44 ans,Centre-Val de Loire,2588006,3.79,6.9
cb0578f5b981c154552c369997419389d7d4f3e9b5ce5dece75877572b21b9c9,0af4a4b03583cc15f256aa04a7483d4c439082a11583f0ecdd5b5347920b4aad,M,Data,2023,55-59 ans,Île-de-France,12507542,18.318,7.0
ecdecf1e9ef12ff0a3778dbebf197e4122fe1db94eed32905c1da1596c2f7234,ef02736723bdaa699d60cedf616a9ae91d8eed3799bd67c4b942821aa2529333,F,Data,2023,30-34 ans,Nouvelle-Aquitaine,6181885,9.054,6.6
3824ffeb2ae0b954e68b26da8d094416bfa0335154adfaf773b767bdc79b6b4d,c4871d61501ea08e545baab871a67743834fe6026b4607f44ef9e28af3f97595,F,Data,2023,45-49 ans,Île-de-France,12507542,18.318,7.0
924e4d90354129ce48d06354ea35555420a903289d15dbd9277a6d8bd8cfc4ad,969757ac8d1e3ec0ca39f9342ddfa87947b104d5f6259c571af1969f46298477,M,Data,2025,25-29 ans,Île-de-France,12507542,18.318,7.0
dba36ba0061e969a5e56671fbd6d85d6d7681498e8dcae12bf1f9d060f32ab88,384e18aa4d015f50f7818ed4bd8df7b05181edefafca66cfb321bb5db46ab5b8,M,Data,2022,45-49 ans,Pays de la Loire,3926871,5.751,5.9
19e103712d8e83d08bfa1ac9b03c99816422fb473f7e3168a37947c6b37ae851,4acff4357844aab8b82b1247999ccb0ba9249c4ac2a281f244085961b56cb51b,F,Data,2022,45-49 ans,Auvergne-Rhône-Alpes,8238335,12.066,6.4
6d6a779120353fe165f6a72e8c57a89a25e3c2dc3c5314bc66f490b6aea70d7f,d1ace7f2294f60dbb7f5038c2c1046112b98fe612ccc90006375ed2d62dfee31,unknown,Data,2022,30-34 ans,Île-de-France,12507542,18.318,7.0
db7ab3d24753205567fbf60b86f3fd8662382987efdf6519347b8356fbbc4ca5,ea54836b0b93aa32ccf39147aae2a01408319ac571863a029e7ee14bcf4b60ae,unknown,Data,2022,30-34 ans,Île-de-France,12507542,18.318,7.0
66bd17539bdae09e055da001e3349ab8ba56de28f0080af30708486bcac80158,ca42e70af4618b276cffcb08c68e4c2b111950593589fc3ddde53d7ed85fcace,M,Data,2022,40-44 ans,Provence-Alpes-Côte d'Azur,5252362,7.692,7.9
27c00ad20cfea92b4ca122d360d692e6d872b5118c23a82c8e55c705b3d88150,79dc4067f2c6c911d93e176b2fd93a283994a966676f1039e1d2acb9fcd5c4a4,M,Data,2024,30-34 ans,Île-de-France,12507542,18.318,7.0
35eabf0e0ee7d81ad982c1d9ea36497006635d10876c26e9ecd9a58c13c5958d,039885fcfd289559ebf91eb8e926dfc1defe913b1cc25117e0d05f1d0a099e57,unknown,Data,2022,30-34 ans,Occitanie,6165869,9.03,8.8
67873a2815c7578f8ebbd205bd4594907036f8bd3cc82fb8fd41d17cf71e7f4b,5617ee17b4fb342ade8292d51d40c7f19d62999ca43b0e433b7137aa0bfd0b80,M,Data,2022,25-29 ans,Provence-Alpes-Côte d'Azur,5252362,7.692,7.9
ab9338a74c6c0c42d657a004f986c087e330467d79dc68d8d591b5e4dd141600,86107e8af2ad7a4097ff6ddfb3bba24a07527f2f21e3b71ff1b59b3fa2877182,unknown,Data,2022,25-29 ans,Île-de-France,12507542,18.318,7.0
72ccc5a26e17542241c213df724b47769078e77faf4b210e30a96356d9a7d2c6,021160672a301e30c1842f16d4dc849adf0a7e5437f85030e01513d382c59407,unknown,Data,2025,55-59 ans,Grand Est,5557457,8.139,7.3
771011bb21d28db9891f0563671881b02ba530fc2f36fa3b0ba8dd68f2871579,3420f6744f7954d12147093bd1f0ff0f2dd741d56ffac5bddf2bf208b93c018b,F,Data,2024,35-39 ans,Île-de-France,12507542,18.318,7.0
09f8671585a43b5f8a378c9889a0aee90e1f8690bb2260d4e4d5c8d2751edb88,343d206bcb8fbbd147348ebe874d61a131a3b05be2f90d2e8a0ee34c82c23575,M,Data,2024,30-34 ans,Grand Est,5557457,8.139,7.3
961d3906b3b8c0c5d69c79f5bf347dda30da9df4d2882260e6878d06fe3de250,0ca6a7152e30775ba5263ad42225802d140ba45a07aad842166b293f1ecc0ee9,unknown,Data,2022,40-44 ans,Auvergne-Rhône-Alpes,8238335,12.066,6.4
8ec7140d4486e43c96d7e0e6315f19031c0622106f1a7463d39f9428dbf9d7d9,a7f865fa190a664d22ef0127234cc5d1b13b4b814b6454a493de47a1a0df37db,F,Data,2025,25-29 ans,Île-de-France,12507542,18.318,7.0
ced44f636c8c90434f7df37ce5b437878a2944869dee5e95423c4385fd109871,064b9b7a1163182d0e819edabc9f79b380aa5a6276022c335b741f7ea09f42f5,M,Data,2022,35-39 ans,Île-de-France,12507542,18.318,7.0
5f2491cec145cea57380bffdc5697ab943ec83732a562e3cc4ae8bc2d93f8d15,77f4038e86a301fef243d00dd3665d0b57478b767c5d7553a892da768754a190,M,Data,2023,45-49 ans,Auvergne-Rhône-Alpes,8238335,12.066,6.4
6b3c9f52dd4bbaa1c4c1007a3f44f6f0acba1c1a17ffb44f9959db9141a8fce7,f8e14cdeb714ccd49e81672699434ca5acf6412d675e1b105655b9f4ac85cf10,M,Data,2025,20-24 ans,Provence-Alpes-Côte d'Azur,5252362,7.692,7.9
dd92c0ac31855001403db8aee5f4e8aa18b69b3f63debc0addf604104fb8b2ce,33dde3646e2844283194972ca482d652a67f073778a2bcffad59b0e727b1fe55,F,Data,2023,45-49 ans,Normandie,3348960,4.905,7.0
ce4dcd0d0d40acf070e41e48d77eb4a4ba3046e8db856626c8398bbef01e58c1,b1a979d1d5b716b20629edf0388710e4373ce1b92fcc820c506924367b935e5d,M,Data,2024,30-34 ans,Occitanie,6165869,9.03,8.8
418fffaee4b023d2d7449f47b3dbf90ed0337915bf68845f82b2a852510c8271,8b8fa5256037a2fa919823d3ae52c0cf194e2f15eb5fd791a7c4918c5e7f46d9,M,Data,2023,30-34 ans,Bourgogne-Franche-Comté,2800180,4.101,6.6
ef2e053e9dba9e41b8393695e94209f7677d38651d75dd090d2c8f034f25e495,7ac2488d64d48106b4cf9aa36748df038155340d48da075486a60f6e9b04e541,F,Data,2023,30-34 ans,Provence-Alpes-Côte d'Azur,5252362,7.692,7.9
093c988707d7dec8ac651f37d32181cc0cbccec47799f499da42e22854539cc3,9683f85a41fbf849feb779fb4ef816bc84c6624ace7f1c035ba988e8d9db9aa0,F,Data,2023,50-54 ans,Provence-Alpes-Côte d'Azur,5252362,7.692,7.9
dcf25dc46af1113a0d23f9ccff6cb84599a3a26c932eb89e09d9bf2515515350,498e6a2defa7b702facf0d809f3b857155e6b858c930d855b4b7e8c8746ae753,F,Data,2025,20-24 ans,Île-de-France,12507542,18.318,7.0
f9263b8b0c8cd4204a7212525cf81a532a5a45396fd03f678b7a43fe363ec753,9583b420f9804391fbfd1bc86447496b5048c99a89a27a320678ea8ac2b38062,M,Data,2023,45-49 ans,Occitanie,6165869,9.03,8.8
c11f5a3b2883a8e640224ad4e2963742100dfcfc942ebde930f6aa587c9673f1,6b9ba16c42ee7513210d2423789e0dba4780f8455fe7e1b5164efc86ddabb95c,M,Data,2023,50-54 ans,Île-de-France,12507542,18.318,7.0
66e21b515167075a688662fd82b63f87bbf9a5ef43c478c7f278366cde99119e,28870eb3a28bd67f6917e529a33ffc949267d46453bbe05cae7eb355bd45bd79,F,Data,2022,40-44 ans,Île-de-France,12507542,18.318,7.0
8b76e2c2448d98e868feb1b83e64d21a84e75d3f198835209fedd627cc5b1145,a4635a729ecd98bc82a1e4417dcf795f43b479ccf4e0e14ede0daf5b774b5a87,F,Data,2024,25-29 ans,Île-de-France,12507542,18.318,7.0
2cf34c14f3d411c09ca00078f8bfc4a7fe1b126eee030638648b4035d1ec373e,2708327e74ec7596b200e1d2802dc658b4c78c96cb6d69832de78a88e4e1dfa7,M,Data,2022,30-34 ans,Pays de la Loire,3926871,5.751,5.9
5e655b2187ef124ba0c0a3149fbe9c6028461546456ced3a14a5959cdf09f507,a5f87758ed8c529cc13eb9fff35702f9ef09c82820706040cc275ffb69033660,M,Data,2022,50-54 ans,Bourgogne-Franche-Comté,2800180,4.101,6.6
7c0bc4f5654832ae5b28b32685381d916a48887d3dff5a0c52bab952ca2eb877,60d19958953d8587ec23f61355f9eeb4ee55a5ab7f468df191f644d3afb0a1e7,F,Data,2022,45-49 ans,Occitanie,6165869,9.03,8.8
6d208073068e0c5532845448ac3d093be34d2c9d90a263efddc9ed92e7480c4a,eea161e814bc7daab605ab535476fdc6aa7f9763289e3f9777b752b6d78a49c2,M,Data,2025,30-34 ans,Occitanie,6165869,9.03,8.8
ec85a7fd298b0bf7712b9b500a2ead1125cf867505985d06d4ef51373c7f6701,06a78bb1baf5e10e52a772e555d691e8f009538e2594898ad5f50edd5740e35f,M,Data,2024,20-24 ans,Île-de-France,12507542,18.318,7.0
c4ccba4223a37e06d42f9a95ce0169f429efc0e3bd5188ddd69e441614bb80e7,cfc33edc697f5bcf1e2ab541068d40c62624aff0b002b35167b86831fac14566,unknown,Data,2022,35-39 ans,Île-de-France,12507542,18.318,7.0
66faacdeae8eb5e473649482d6575e10afcda1cc8fae4baccfdc6bb05ce4cb3f,891a2ecabd5ab30ee579111e6b7d9d40f0e60cb8ab36240249c3d624ed1062b1,F,Data,2022,30-34 ans,Île-de-France,12507542,18.318,7.0
feaad00d452cfa5bcf636b6d8e8fdb3b1e50764912e93624825ddb4618252a92,47322f96ea8780dd70791041103014c6760f197d660cdcc8307e60def8996e28,F,Data,2022,30-34 ans,Occitanie,6165869,9.03,8.8
8f23fd96945ddc3b91cf0e8398d68ad66f48c0ce8c3b4c736eff6e2fb4524a59,203a4cacb8fbebf0f76aadba655c360251ada343e58ae7de29a5e08f157e487b,F,Data,2025,35-39 ans,Occitanie,6165869,9.03,8.8
831e5191f333a378bfe48b48a749fdf37b4b49afcebbe3094906a0029c912016,a7081fc4d962b14cb919420331b49a220e5a03f4f616d0d40ec29f12cc5ca51d,unknown,Data,2023,25-29 ans,Auvergne-Rhône-Alpes,8238335,12.066,6.4
9e8a6d43a11e11dae05ec39ba5fee268e1459901b29dfb79116c07ed2e9867af,bdee693a527e0f2a487653c2347b30a951887d81ba7e5ae7f5e209dad20fd946,M,Data,2025,30-34 ans,Île-de-France,12507542,18.318,7.0
2a104cbf3d21f5defc3fdfecd469199888b4d7441e25fef38ee6ccfea1dc5186,0a2fd4cc526b16d2242d16e14e9f81d633bf1d8636a806c59ce0a5d81c0cb75c,unknown,Data,2022,35-39 ans,Provence-Alpes-Côte d'Azur,5252362,7.692,7.9
0efd8f2f250865889fbd6c9a1829e33b9d22d038c0c9e25f2420a4ba38db03b1,8e9281516bc70af812c3dc838b7c43a4efdc46ddc9942422a190cceaa59a7744,unknown,Data,2022,60 ans ou plus,Nouvelle-Aquitaine,6181885,9.054,6.6
a14e70b8da2fce4be6317f2be9aa9ef443c8e60bed44477da28e8da998ddbf12,a1d6b5cfecdebe92ea78662b3ed70cad37efbb747a1d03ff11290aa2c3e968cd,unknown,Data,2025,30-34 ans,Auvergne-Rhône-Alpes,8238335,12.066,6.4
617d3202b21c0ab36f6818b36d98610a8332f6d9935c6988b59c271a000e0eb8,857994f04fd18f9e3c1e6497aeed6dca6ff058fb85899c36f6fbe68e8b1a4d6c,M,Data,2022,55-59 ans,Auvergne-Rhône-Alpes,8238335,12.066,6.4
85ff7e869e69916dbdff55526ab86c7f6a10bca1249be7c230b04c5c9ed1e985,781b82d7b15cba170e5eaa4c927fef4a3a5b13006dbc573986f0356d3304bdf3,F,Data,2022,30-34 ans,Île-de-France,12507542,18.318,7.0
bf87f200735353f50cd6543319dd2b7200370324efe0b116d797a5dd63b86e79,404e8f9b32e4202154137e2fc897ab4d07cad689afb05b360f6594dda4e3ef53,unknown,Data,2022,35-39 ans,Bretagne,3469711,5.082,6.0
e752f90ffd16162d55920e904ad849bb2b0f17d2faabec6295b55cacd255c535,ac0f21d597eb5626e53b4646f919848493d7ad89bcfe4eaa91cb8c4a43e92f0e,F,Data,2022,55-59 ans,Île-de-France,12507542,18.318,7.0
9990f6a1496dd86dcdae63910ebc394ad37480910cfb9ca9f360e9979b658833,d1fbb95bfdb336b86a20b1346287d3ca3eb65048e4ccdbe9dd1fa2e1f6b25f00,M,Data,2025,25-29 ans,Centre-Val de Loire,2588006,3.79,6.9
95e22a3d66e0ae1c2730660f86bd24b880a2e419c8a64b1f2c765793ef354383,4040661ef1e94d488773131ec66e489e9a8d5b6a8c7067734ae3c08c879ddacf,M,Data,2022,25-29 ans,Île-de-France,12507542,18.318,7.0
1ce4a07dca662dc9a56563995203e8688318c80fa98e109b1373adc0b50e0850,ed5f30fa55e02a7dd07199a3f8b1e80b23cb6771be45023d03a1016ff0733e99,F,Data,2025,25-29 ans,Hauts-de-France,5983840,8.764,9.0
f43123ccaf8864c599ad99fea22c37ccf19b611fbc9d7ea513478d3e54929cdd,481bc2b1ca042eab80852eab3728c726aaba9fc83baad429129fcc770b56d9b7,F,Data,2025,25-29 ans,Île-de-France,12507542,18.318,7.0
4a137d7da01d2814027d67ff3eeb49ab93827255841d1ce6639240eb4247133c,83c300ca7b7c3c1a7e969721dd8b56f2972c92fbdad8be9893d44aed6e7911b2,unknown,Data,2022,60 ans ou plus,Île-de-France,12507542,18.318,7.0
ae9af1c836631e934cebcd0ad6d8bb5ed566293bb7271a0c3a77e552ed4dde7b,a07773d8c1de8d46a5e518324d2098aa701fa9f355acff269a8fa1b833e23328,F,Data,2022,25-29 ans,Grand Est,5557457,8.139,7.3
d375b8bd23f68df982856feb31f397886886aa3f956f8b048b94c50e2556d142,19d937ff3eb41e6536bf99bee0def2bd73622059992c0da42a5ab4c06cb639d4,M,Data,2025,25-29 ans,Grand Est,5557457,8.139,7.3
0f86be7d33fec2e96d1962bfab61f4edbd25e0dd7d131d7826eec0de0c1108ae,32a4b1fb06c1766f1a1d40f4409e67d0447b340da366a2f662ae68d573f3a948,M,Data,2025,35-39 ans,Île-de-France,12507542,18.318,7.0
d3a9699ae4c404e325f16fa52ff1d074ff750ef592986f44ce73bb62708526c3,91e9e5c0ec63a333c9ae6d636b8a19dad3ef78463595136cde5ebadab7911b34,M,Data,2023,25-29 ans,Île-de-France,12507542,18.318,7.0
5c8bb2fb325ff3824a85dbc4e3980c6ae36d96756664553fd422f6529e2eab8c,71da398418d0c9542b579fa4c62c403799b11889010d32447b31565222473008,F,Data,2024,20-24 ans,Île-de-France,12507542,18.318,7.0
0a007edb8ccd20234a05b1f0152c9bc6e014f4237f5f5400d7c6a8830c0f44b5,6487da820b00798a386c44ae57b93a72d73c4d3d6466d73bef01f238cdbbc874,unknown,Data,2022,35-39 ans,Grand Est,5557457,8.139,7.3
36fd38004f126f28f1a78c241339c492151a3c847e11257cd563127981995815,d1e61b668124d4a9329db6e19d5c85545fe57bc39b9fbe0dc086c03ad746a06f,M,Data,2022,35-39 ans,Hauts-de-France,5983840,8.764,9.0
48585a7934d655cf698095e9aa5ec8f1df6ba3e7bb2b370893b90fb66e52dd32,b870a242be88ba673748fe890d8834762e39446d0f6be155c002fbc9c9a7ea7b,M,Data,2024,25-29 ans,Centre-Val de Loire,2588006,3.79,6.9
09e6c9e8352627bfb24c0045cbe146aecf2191a7914cae1f90031d6951f805cc,fdaa4b6965dc136c6ac152dcaddb64b27a738abfb084b9fb5650b422b355cafb,M,Data,2024,20-24 ans,Bourgogne-Franche-Comté,2800180,4.101,6.6
634a94d0d2e8c2d04afaab26eb8fe5d2d50ac191c0a908420aa51867bf174fab,87658a70e337e2a5fb4eb90384f62f281dc0b65e7aa10e62bb0421e47a95f701,F,Data,2022,45-49 ans,Auvergne-Rhône-Alpes,8238335,12.066,6.4
cc3f548c86041e3fb1f44e22510dc0f6800c8ca597e81fabb1544cd49deefcb4,524af4ebef13b6f17669a55ea537e059e0a604ddfe1f2c9a4b6fb65cea070e04,F,Data,2023,35-39 ans,Île-de-France,12507542,18.318,7.0
c317a7a7e02545277b259f328ce7d45f2c3a517ac25049320788f6d939309e4d,05b8c832ea571e8178af7139fbca67170a7b5adc7467429570ec1b2bcd3bf0da,unknown,Data,2022,50-54 ans,Île-de-France,12507542,18.318,7.0
76495373405dd47aa9dc8530a295e2e87ecf59ddb3cefbe6e039e9f6f869ee19,4e9e2fff3a700cbefddc780b159015990551750440305db45b17dd9a111d7d2f,M,Data,2023,50-54 ans,Auvergne-Rhône-Alpes,8238335,12.066,6.4
cbf977f407b53265124eb330cd8f429cea8798f3d1bdc8358d370d1b353c026b,abbc8bbcbf26f883c5dacaaef3ab10da26d5d9d8b5ca3ce401b46fccba9c1ceb,unknown,Data,2022,25-29 ans,Occitanie,6165869,9.03,8.8
d44743e5f72722f84f25890aa4fd3997b4581f835f1911628946026f2099ccae,e990ef12726fa88aa1f8105f95a6fe4a84b37a7c6a35f4bc4905f3bb202c048b,M,Data,2022,55-59 ans,Occitanie,6165869,9.03,8.8
2fe52fddb528e5a3a7b3974edad4bd8a78478b756a7acda370401ddab11f4bb9,0e7cb00622740f44e4f6aead8252ce36ea2a5ee995910003545f3548387b5415,M,Data,2025,55-59 ans,Nouvelle-Aquitaine,6181885,9.054,6.6
2827447a8681bfc6a8cba43f2486ad9947ce7ebe7686e8828010aceff00c2e41,f77d5652a44215c4e4bbd0658c62c2e7b6dba021ad46494f9e170c96915f1f2a,M,Data,2024,35-39 ans,Île-de-France,12507542,18.318,7.0
733698102d49ce582235af5573b85b8bf63ba9a031d49fbcdb63e2f498fa7d3c,978c90664b82a7c1c1c1c280694a594db33b9ebb8487098ad701ce97de505b09,M,Data,2022,40-44 ans,Centre-Val de Loire,2588006,3.79,6.9
149641b7f724923d551bb53b6d2c43c5e8b6d7fcd5429ced79909a7fb7df4be3,8fb901f9d525b182ce8884b6cf9f2473ef60e415bad181ffd34ec5e6e4d6305f,unknown,Data,2022,35-39 ans,Pays de la Loire,3926871,5.751,5.9
f2bd2633db78451b60847afa82833b68cc78ccef3b0e743228ee3c4a2bde200b,43b10024b12cf875b94b552fe4cf203d819ed4b1782271b89d1d81a0dd0d193c,M,Data,2025,35-39 ans,Île-de-France,12507542,18.318,7.0
c3e6c85934a0e09144d1ddb6ea55fed5216157e0af21fc5a8ea9d1d4f048f2a5,ab35612e2be10f2800886b299b042d8fb2813263d456ddbfbe41ab06d58a2fde,F,Data,2022,40-44 ans,Île-de-France,12507542,18.318,7.0
f3050ed95be118cd280f2bce5a8cadda83e4bc778b1d58a0e153e31e7a87abc0,ff7642ce51b174c82c283953070c9df9cccd1fc4cbe9846e3ac73710d405fca8,unknown,Data,2022,55-59 ans,Île-de-France,12507542,18.318,7.0
112197dcf469dcfda8d69c976a712c3af82a14f95cad8b87984c23dfcf86f369,d27533f39230d3379b189e39e995ed411fc160461c407893cfedac42fed6559d,F,Data,2023,45-49 ans,Bourgogne-Franche-Comté,2800180,4.101,6.6
ccf0687ec70b79e89fba61339097431cf333fbd52f35ac70cd837aba05e79c98,2cfb3ca47901732d1000a0fdcc5baf4375c02a0bba65227ea8e0fac2d58aaacb,F,Data,2024,45-49 ans,Île-de-France,12507542,18.318,7.0
3c4c3bcbbd68279850818100a47b453f718d0049e6892efbe2fbb7ad7e7138c7,c35bf4e8aac52034309b7d63a1fef5c55743095278deb5c6a76990b91b5e5038,unknown,Data,2022,25-29 ans,Île-de-France,12507542,18.318,7.0
3338c19cdc0b301e3d8ad273d83bcb25d2a7f18b60509172650aa00f7ff65fda,04cedd15cfd6c257d517d0226d62a593851a62c6d5ebd6044f3ec2a39ed279ec,M,Data,2023,25-29 ans,Pays de la Loire,3926871,5.751,5.9
983b717ca95f325a6132a5208e2456dcf99a29bc6a6adaa3bd5f664ba0471d16,cc945610b6932f4928a7f886c08ba210dc965358f790b3cad9e8893eaefa7c68,M,Data,2024,25-29 ans,Nouvelle-Aquitaine,6181885,9.054,6.6
14894b208402b461219a96dcedefa34718fa8b3b78d34f029e794510d4155535,ec9202eb78e08dc44c7712c8e0b01856ae2209a4c84f86618a2edf1f9b40fff7,M,Data,2022,40-44 ans,Île-de-France,12507542,18.318,7.0
55ca339795e75a0fae357ac7154c1004d348403c933675a9eee9700d2aa6b1b6,954a60e0a8f719ec173cf70ac785d8d35b8575103b043120fb51ee47e57a6c62,unknown,Data,2022,30-34 ans,Auvergne-Rhône-Alpes,8238335,12.066,6.4
41a7a74a5a0a506f714a59365219dda33771c88c551b65f8c58c51b61be95d59,47e861771fc5788e4f64b17b5b98ea8b3da12bc6b06c16814fd536ebcde38cae,F,Data,2024,30-34 ans,Île-de-France,12507542,18.318,7.0
a80a8e1c5e869f7d1732efe70658900e41417bf539fe68220b93a15887671c3d,8ba1af28b9ee3e249fd1c80f0aa509c76fd0a3533f82bf055131ed851727fac1,M,Data,2025,35-39 ans,Île-de-France,12507542,18.318,7.0
8a2a54cb6f48d238449c17e68ad6634ff1a2ff89fa94ae5a27570009e4df8bc8,08c5767fb989f59d7b8959049252a64361a09303e04a17ba8aa7682af3fb8212,F,Data,2022,35-39 ans,Pays de la Loire,3926871,5.751,5.9
070f71aabf2ef62423d036263a1f56246f24ffd8f01f79627af1ed521deb4cfd,4e560d8a3d4218d0ef355b1a07e899bc92c08b4d3ffba2b39b4b8f3c0fbfa953,M,Data,2025,20-24 ans,Nouvelle-Aquitaine,6181885,9.054,6.6
86ec1489b20949c3b9d0145d6c223330dc8540bfc7a90183a7f30a36a834007b,da3184d6b9918aebd5e3cef97b5a96f0aa7155c5e0677450b902aa1b727a1abb,M,Data,2023,40-44 ans,Île-de-France,12507542,18.318,7.0
02b03cf60068f255088155c1eae4b99f12669247a1e4a9154d5978b958674f0f,342e0879ee640dab9fb4fcd152687154b055852e59e9c7559bd612f129292423,unknown,Data,2024,50-54 ans,Grand Est,5557457,8.139,7.3
239277c6851afb93593e50b78a9c6dba9bee734eca3c243cfe49c1714829f9cb,6e06a3bc7deb030578314f19f4e2a5399441c32b1e87c542e62b98a46f2409e9,M,Data,2024,35-39 ans,Île-de-France,12507542,18.318,7.0
b536b910b111ceac18d168984ffdab1d96ed541c74043bef6d6418d54688584d,ad994f432b68d61c81f9b4817b25904acf7dfdd0812f6732eca8a24078986ac7,unknown,Data,2023,30-34 ans,Île-de-France,12507542,18.318,7.0
ca63a09a07b57b43446d82238c6068209f34527e60e851d387c32e1abc0016b4,8cb97b398ee5b928d2ec19702d516ba04f28f4324be5f88c6a6f0b9fc47542a9,F,Data,2024,30-34 ans,Hauts-de-France,5983840,8.764,9.0
13b62a7a07521e439bc9095359f5f182c37657e718eef3d5d6c8fa74b8981483,887b216be6c30b31a12ecb501e0b7a6e275fb0de692548365341ab03058a3a75,unknown,Data,2022,30-34 ans,Centre-Val de Loire,2588006,3.79,6.9
cf0d388a6c050adf1295fe6de9f5b5e0970811acfb266bb0d55153feae3d81b5,cfb620a48f37293d96267804cbb15eab3419b0cba57b0dff805382cce919f109,F,Data,2022,45-49 ans,Île-de-France,12507542,18.318,7.0
e02773361d3cb37558d3ff7d30590439c5da222eb5a3121143c71a70d5758660,fc24cacfa44887fcee54e65471d5e647f4dee62d7a45988c0f381d987fdaf58a,unknown,Data,2022,50-54 ans,Nouvelle-Aquitaine,6181885,9.054,6.6
d1624af11e794c0cf8bffc026fa73b2d169679e042274371b81222b86ca23d39,a7528f9fc88ef340e51584e734ac990d979d08d56c6427dfb1df978b36895a04,M,Data,2023,30-34 ans,Île-de-France,12507542,18.318,7.0
55f58a5b7f104c738cecd52fc787036f0d7fd5a8dbc2ae85d80e2bb0ad74704a,79a8cd990d585cf23afd4d308de612a59dc493dfece1f025e66c8c1604164d7a,M,Data,2022,60 ans ou plus,Île-de-France,12507542,18.318,7.0
5c508ce93b8d8bb13c66566962c9043c4c60f3ce9ff49ac6b6ab64df1f83e278,1745b36d725d180d881d2f2fba9f934b118d10443d16a4fe4b285495985a9a2a,F,Data,2024,45-49 ans,Provence-Alpes-Côte d'Azur,5252362,7.692,7.9
2aa339e2469a9416cc7725aae631332cdbefc2a93e6c67bf30fda63bae694ab4,a147a9d500373f795183def49a6da50706daaf3ca19cb1eb5f53a1afbe24eab7,M,Data,2022,30-34 ans,Île-de-France,12507542,18.318,7.0
f4762feab60cb91afaee4a716f722a66edc9141580680d128c82b3f75cb6fa7b,fd509094b99e10ec8b56ac6d5adc046e261e6495577e02ebbc7c2eda7a07a4fd,M,Data,2024,20-24 ans,Occitanie,6165869,9.03,8.8
5725ea246f9a11573beca31398594bb984c2e75f94e314cdeb00ea3b4d46b63a,5cc7b44cd4a95f6dad27cdf2646ecc113a318c71c1983298b370ef69ebc65549,unknown,Data,2023,40-44 ans,Île-de-France,12507542,18.318,7.0
7d4ff2973e25ed20f9cd2b9d72fe063009a19a861a41a35f13756753369e2687,82e47182b47e57ef70351c274f8eb7ca93c7f005f68a41dd023fbd82f9455166,M,Data,2024,35-39 ans,Bretagne,3469711,5.082,6.0
8d4adc24129f96d4b853762aa397de8e6454d980d9f04eaf58e4db938e0525bf,fa49fbba4263e77a709491a610aa221b729a07f96d48b740350ce3e26aa94398,unknown,Data,2023,25-29 ans,Île-de-France,12507542,18.318,7.0
3e8785f1c224dfbff3dd1c34d5c8f45ecd3b4544e9d0f1228c1abe11dd2a2d10,e627fe4ddd1bca7e11314a879730410c6dba2d7f3bdd943ddc6643c61cf496d7,M,Data,2023,25-29 ans,Nouvelle-Aquitaine,6181885,9.054,6.6
5277fa912fae8ba4f911b876b9602acd6caab5eabeb7c26957982d50dae18b23,701b556148ddbbe45dea73498e8c36cc4033ff2960746ead6c649ff1b6d21d77,M,Data,2024,25-29 ans,Île-de-France,12507542,18.318,7.0
703ea0306dd0e0512470a0bde4ae183c3d05baca5aa6bd84b2547692ece44a53,0dc4190b3137f8a43a2b371a290168848480423471902edd5fadb225b1098bfa,M,Data,2022,40-44 ans,Hauts-de-France,5983840,8.764,9.0
6059b61ada6efdb2d4fdf2cfe9b401c17b4ad34896dc5eaa0b14becb13da1d8e,7ddfcf9cb83a0f0ff88426d3023f08eeb8a4af9abaa4fda170c537326bf00f72,unknown,Data,2022,45-49 ans,Île-de-France,12507542,18.318,7.0
87501b5ebf990ef10721eb6d0997cfcff125e14972a2bc59f0f22a6e25bcacd8,47d5951b1649bd5aa45bf3220987e752dfffd1c6204c92c95d1f881aa3afb9d8,M,Data,2024,40-44 ans,Bourgogne-Franche-Comté,2800180,4.101,6.6
2efde11d0bf7b0a215a00752448c855bccb813e2497f975093ca77405187416b,66cd481c7e2d36034f71e8b13e62976d84ef8707cddfbf39b9ebd1fc31728e71,unknown,Data,2022,50-54 ans,Pays de la Loire,3926871,5.751,5.9
4fca5a7ead4feb04d2808ec85c2cfdbac19dac17217f5b0259c727420f0d8fa1,d32b92ee72b3827a5d1eee3a25fbe7899b5d950cedf22f1954a20f760fd9f608,unknown,Data,2022,30-34 ans,Grand Est,5557457,8.139,7.3
0940a271f77ac0a107ae21d1d3c4e513c48fc6919fd4f835994312624b550d12,d6dbe9b464f3e5f7b2c606abdf8e9d81e8a4ddf1d6774abb000872224bd414b5,F,Data,2022,35-39 ans,Île-de-France,12507542,18.318,7.0
09dfcdffb8f42fbf1aa465bd840deec720e8566b4d0f211f8462417d0cd46347,051dcbefc8ba356604133c899f4c4944c7c7aeec19b6a6a13c77475340da1f3b,M,Data,2022,55-59 ans,Île-de-France,12507542,18.318,7.0
b5a16711a80491ccf7e015c247098718dd9b899e46d04795f73423c8eef809fb,5d5a7148af01901a67fecea994e8e9f0db6b5d59d2b6d07a66d5529b474c446b,unknown,Data,2023,30-34 ans,Centre-Val de Loire,2588006,3.79,6.9
99c84fa5f0b38f21199814bc35f1cf746e07a676fc6fd896bba0ebd84fe5137b,0c0b90c758ce99815f32cacfc133d9ad60ae9072c97162ab1f18081fdcddb936,M,Data,2022,30-34 ans,Hauts-de-France,5983840,8.764,9.0
f576608fb9137a728e6b9b7e2a4481971543c38b1282ee6fd69cec6ec90f4f3f,be3fadda874dd9705c93775c44348cd346801db0fabad7f84952b5ff98a096a6,M,Data,2023,30-34 ans,Île-de-France,12507542,18.318,7.0
813819acde6f2fe1cdd79f5c6e3289008e77943f02966e51451bc7b0f66e41e5,d5493421ec18560e0ba88db1ae84cd58d21e3affb03a5653302a562cf9a3f74a,unknown,Data,2024,40-44 ans,Île-de-France,12507542,18.318,7.0
1e48ffe16d985ee9dce7314e1090027b287b7df04cf8a45fa7b3752c0b37fe29,da8089ac80090fe1d17c7813be3b5db05f2aca6c85df793efec1f46ade69a832,unknown,Data,2022,35-39 ans,Île-de-France,12507542,18.318,7.0
750e03a80b57e8d0427821e8c561fb67046cd574e08ac16d9633327b87332913,1e2d49d2a58a034ce8589a782fb279d75df5e4985697347a211dcb8af32cee77,unknown,Data,2023,30-34 ans,Auvergne-Rhône-Alpes,8238335,12.066,6.4
438889c970e89210fc9a0a99b321a44deb8e0658afcef215ffd4343c54a57fc6,e093d29b532022818303e84a48135c364149e7743e24faa08672bb103b62458c,M,Data,2025,30-34 ans,Pays de la Loire,3926871,5.751,5.9
da19feee33d3a909073687b81bc5697852b0a919dc0617f46aaed99946854a01,391d07c9ed6837fff79daa3d0485cccf312e282599cd0adb224f481c1b1e0b96,F,Data,2022,35-39 ans,Île-de-France,12507542,18.318,7.0
93e7779b6644229636724a5159c6cbb0149950bd476af76c2c1b07e1e3993146,632fb1a947e4a0517ef5ee51d15f5dc558165b92e35f78c6221b3e9868958472,M,Data,2024,30-34 ans,Île-de-France,12507542,18.318,7.0
81618899dd61505277b1283171584b1005d4ce98ecd518deda07c8b6e0eb7027,01fe5cd351da31dececf01d9859bca106a2ca3880fa3bbf09e29d76060657355,unknown,Data,2022,35-39 ans,Occitanie,6165869,9.03,8.8
817233700f96c10400ded38bc3e6de821f76400fd5e5d079bfa6cb9b673431a7,4cfa86ea9b143ec85684f9b18e6f962142e34294bd8d4a8ccf7b682e0c1b6f4a,M,Data,2025,25-29 ans,Hauts-de-France,5983840,8.764,9.0
1c9712e344f91b02f23e70ff5464fc24b1b81501e4b7090c202dee22cc00cb30,338338e13ba019d6293fcd75ad7161df11ef09183b27ddc4e1a5eeda72ff7a55,unknown,Data,2022,30-34 ans,Auvergne-Rhône-Alpes,8238335,12.066,6.4
1d46c2fc2ca97b581151c7ed1260ab8ab85f97fa6a9a4e1ec22bf32810f4a591,fff3046720c76b7907224780af47d29db37c051c877c724aed097131fbfecaef,unknown,Data,2022,35-39 ans,Grand Est,5557457,8.139,7.3
3c684c5812d79559c989decfbb2d25e4e21d49c1a8d8723382baf22a330f6eb2,cf375ab600d41e9b719fb5dfcf556284ac3d2c7a9e28dba617ebc39ff1afe98f,F,Data,2023,55-59 ans,Île-de-France,12507542,18.318,7.0
f74f18dc63a5bd25e4d7cb200f5f6deb3f2335e620e174e2a7e3d166e27442e5,8cc22a6a9091e5d1412c4a01bec470d459ba95ef605b6891c78956314dc65432,M,Data,2022,30-34 ans,Provence-Alpes-Côte d'Azur,5252362,7.692,7.9
5d998f8d5ef846f1bb1ae748992d00dc7ac104eb4cc86bace2a112f1266bb492,5ce05e841e287d787ecbee3ccadcac53e3053f110c75d88244c5b19299716cba,unknown,Data,2023,40-44 ans,Île-de-France,12507542,18.318,7.0
79d18ce16c465884d804b637cc59cac3df394d0147a1da6d4d541ea8a2a1b6a2,2bc31c9604fb6f502802a9c958c71f7ffda27885aa0a250c19fb40898bdbb587,M,Data,2025,50-54 ans,Grand Est,5557457,8.139,7.3
75c1755074480f42bb18bde5b2213dbbedbfc8d7594d1c508d146a710cf597cc,2206541d9531d0721c1fd13e7a88fb15c92fc7012178e6da0e6c475f6c9352d2,M,Data,2023,25-29 ans,Île-de-France,12507542,18.318,7.0
265a63399f76bd893db66f5b42c3a67c80668da5bc09f3c0c92d7e82041af4e8,2ee8ef9c1c8ea142b5c404f43fb76a5788fea900f34423c755d225f766f638ba,F,Data,2024,25-29 ans,Île-de-France,12507542,18.318,7.0
5ea685cde223c0660b20855b550c6d5b5ff1fa408e5439f04e7a97e0047afd02,31f75db03075b79ccd5704b82afee003356240b60e4b966b9cfd13526f472532,unknown,Data,2022,25-29 ans,Île-de-France,12507542,18.318,7.0
e68a61561472a0edc6937be0a8e5b8c73ada816ac6057b5e66893a1fffc02ee6,f862a90f1729fc09b31216ed5e7477a95c2307540e19031ae3d61f423e7308b3,unknown,Data,2024,45-49 ans,Grand Est,5557457,8.139,7.3
f8a6ebc390cb8d992801c0821dac21e01ba99aac3198380a39202cec283e2639,c36b99f3030e3367a9c935c83af47fd1c716879cc639c0644a793bbd878648b2,M,Data,2022,30-34 ans,Hauts-de-France,5983840,8.764,9.0
6fae3d107eb82e23f34e805a0070935770e9b69b0e0337e603e8d330e7b38a43,8a0f7f5b95ee1381b9c217e52daf31a2b8e87a2180714bdbfe02d326428f200f,F,Data,2022,45-49 ans,Île-de-France,12507542,18.318,7.0
b6fdc2e265949589d42a31c175070b4b65945456916d8f6c76accf7c78c341aa,c0a11f399fc216ed6bfc18918e6f488f1c9509a3c8f663eea740d6d16b3947d2,F,Data,2023,45-49 ans,Île-de-France,12507542,18.318,7.0
38d6720eea5ea1274455472d5280e86249e977f8230e63b1e2cb1073d19c59cc,d09182e8747ca239a522098d05116fe872b13787e607e01e7d0e6ef3be466a02,M,Data,2022,25-29 ans,Pays de la Loire,3926871,5.751,5.9
5ccb3571b9de6ce2f41317840ff0680445730a99fec6ace9300bde396eb8fe5f,1ebbc69cb4d89f48e452dc1f33c874a156ec2a6c4ff5a06374d65afdd495f4dc,F,Data,2024,25-29 ans,Île-de-France,12507542,18.318,7.0
8e00dac8f66beb613ec111b8ab88f3c78a1ff7405b77708e61d9e5e7b2c0075c,4d26e9e9802f736d70252d9b4caba481abd18ef1eb8af8cbc6b3249bf0510fae,M,Data,2025,30-34 ans,Île-de-France,12507542,18.318,7.0
da1f6a635a7028830eee61725035f6daae1856a8947e02baabc2c162b373468e,5a13310a34a9ae670fa4bcf820cf29cc1ed9b8ff729cab196016a1c02764239e,M,Data,2025,30-34 ans,Hauts-de-France,5983840,8.764,9.0
10090f1cc850067cc43a3d7ee3183ad87a3546ddd33cba976fdc69e7e169f913,4e4c81631313f5f2767a6f9a6db9c82b2f7b29af328d2b0005777caed622f2a5,M,Data,2024,30-34 ans,Grand Est,5557457,8.139,7.3
ab984e27cdadcd607d1c72d62f4f4f8fccb0cf8c752be298af3ca3ae4fe66c8e,0202975b200e3be3f9613b83ac8bd8a94d720834ccbe6abb72f59105246eef94,M,Data,2024,25-29 ans,Île-de-France,12507542,18.318,7.0
80b921873c3ea97273539be6c630c3dbdb8eb3c3adb29c53b7d6773f4e7cd1d2,c95528e7e3e85ed78498f0e66a84f4a27cadac5dce411d2f596559db8261c07a,F,Data,2024,25-29 ans,Île-de-France,12507542,18.318,7.0
335010d19fdb85065f7d5b871dd11767d6ed147a7c22e2b70daf7bf5301a2730,5c38eb095269baed9ddc9366282a40f0c851745c53b67e480d505f1e88defda9,M,Data,2025,35-39 ans,Nouvelle-Aquitaine,6181885,9.054,6.6
58d6dc8966ca29c7f1b7341258c548b569633278d4333504eda1503a500c7cdd,c8279e60557d0298fe92be6d23125e69b4a355e60946fd34bcc43ebeb89f209d,F,Data,2023,30-34 ans,Nouvelle-Aquitaine,6181885,9.054,6.6
060f55388ce93b4e732da6b41ca097fd562340fde0e0be5e8247b7ef840f9315,66123091570fc0e1f18f2cbe81582d0f2f4f154f69904071f9eb639907a7980b,M,Data,2024,25-29 ans,Nouvelle-Aquitaine,6181885,9.054,6.6
92cd45c7c985594f1726836dfd917082b888ada8413e429aff7f2aa904a6f002,e18e06e89e1b54b00ca3c71a125f7b41b843ee0ba0903626dbd80abde9c40dc0,unknown,Data,2023,25-29 ans,Hauts-de-France,5983840,8.764,9.0
5820b1e57eb20799eb5cc99075b7a92da53d4e886c1b334200dfde57338d0825,08f8c8700c594486d33856eeadf4407d5f80879d201b299232f5de607a088c78,unknown,Data,2022,20-24 ans,Île-de-France,12507542,18.318,7.0
b52b9514eb8fcd750677a9930d907ab8cc9aee02937936e5a7a286b6102db022,0b17ab10e26c15ce26feb87bb487ededef6ac0bf1352720e4dc90f4ed1a35afd,M,Data,2025,25-29 ans,Île-de-France,12507542,18.318,7.0
086cb639ccf3f87542eb20cb0dbfa55182b1343071c2136570b8dd738f7ec7d2,da579d149a712d1894ba6aea7e79d84d4db7df44dcd1aa2fe86b100a41b547ab,M,Data,2023,25-29 ans,Île-de-France,12507542,18.318,7.0
dc00b7e273aa4f0ca44e0be9c1ca1e4dcfc0355dbfad955fb9f7840103780922,59b1f66c6c374ddbd716f54bdc1757c162a7c8fdbd907a44b5e7610bb7187ea8,M,Data,2023,45-49 ans,Île-de-France,12507542,18.318,7.0
60f14b1637f515bc1f07f592389912537df75ca9ec1c9afb6b8adacb6d824ca7,4ff98fb70e8aa76e30999b9ad7184d00c9ba84cc438ae633d02d370285edd6bd,F,Data,2023,30-34 ans,Occitanie,6165869,9.03,8.8
67b2955a11b6d9bf251c4384e299b2a76503a9c23e5482b7b2dd3f0410a7dfde,047b885e33bf787004671755a6fe448404574edc979f30f261c46df0950c7d39,M,Data,2025,25-29 ans,Normandie,3348960,4.905,7.0
88eae2ad2922da4418548fde68095b034a203a3f40e8ff9fe84af96990c6d553,c85ddb0b7415d2aa1ba3aa5c064a682fcb8cc13ab10da9185e944dfddfe12578,M,Data,2025,35-39 ans,Occitanie,6165869,9.03,8.8
96639e668243bd08b43356b112d7654b3792c9698f1923e46cd1738afec2c446,4dfd97f0fc999ddcca88700a8dd7895528268bf3a14b372a4f11e5b1d6feb7bb,M,Data,2025,35-39 ans,Provence-Alpes-Côte d'Azur,5252362,7.692,7.9
d2f505f1352e1b74386098ddc1dad942953a53b8a430c5fb326b8b7a972a6ecc,9320f7e6c2a154a08da2fba49fb42d349bab2a57fae1c22c2413de4805dab665,M,Data,2022,30-34 ans,Île-de-France,12507542,18.318,7.0
b6dff2760452e8c70b8257dc2c28deafbae9c79802b930118d583fd6b0884539,fa3cad31ffb0a81e9e9964dd5eac545e3d5eca1507a4a887b53f7ae057abfebd,M,Data,2025,20-24 ans,Occitanie,6165869,9.03,8.8
b9398742b6d531680ab611d1318a31c0f79d7f8ea3d81698ddf211cea8ce36e0,db6012e6d4171d7ddfde809d4acfd41c9ba316ba025a9fd0d7025e91a73afc72,F,Data,2023,25-29 ans,Île-de-France,12507542,18.318,7.0
b0c22eab8761c47c18d0953544d1408175e7aa35c219ad12ee6a0ed0f2f0cc51,8cf84ecb160f4c82ef4df807648df82176086c63fed78c4d25e9f3471ed16ced,M,Data,2024,30-34 ans,Auvergne-Rhône-Alpes,8238335,12.066,6.4
0c5244ac97b02b0203cb63636a267244aab8c8ee4a02f35d6cf88e7b67a7c17e,c3dc825a942b75389536e40c9e94890fbbf74b1e154a0b93098c55a9c1ca2aa6,F,Data,2022,40-44 ans,Île-de-France,12507542,18.318,7.0
63aaf978a843431ce2d5e62e24438dfe3cbccd0c66c150e46d03662b19ae4104,53ab8e4ebc4c4cf7653647b9feb696b42038c57079d0d9053360a00a72692187,F,Data,2024,35-39 ans,Île-de-France,12507542,18.318,7.0
a8fda509205209b285967ec7ded5babcaef99883f1bde99c8435e535de9c5046,fd93418b8463caba993f5d8f480e5cf620ef7ac842fc1c371810152439e9094d,M,Data,2023,40-44 ans,Île-de-France,12507542,18.318,7.0
267a9ad02d1ec0f62d06767fe0014390ead29eb40e90ae5799f0f3a0c63ba924,62914d6df615fae955a68ddc2133cfeaf977fabec995f54c30cf31a51db58e93,M,Data,2023,25-29 ans,Nouvelle-Aquitaine,6181885,9.054,6.6
161f7b025714d89bb8f8afe30e0b6ea7a1f0a4593b493faf3fbc44c93f7a31a9,4b3b590b96c948f9feb952f94c41d7a9603ead1d5f4dfc8d7c4ac5ddf87c7167,M,Data,2023,35-39 ans,Auvergne-Rhône-Alpes,8238335,12.066,6.4
ce59ed4e39cf3f711c6b46621ea7496a8057e7d3ccf3ea3a21353e163263b766,4551ab713ccb773de12584400f57f03b969f677d97fc171f6076601ccbf6e3f8,M,Data,2023,40-44 ans,Hauts-de-France,5983840,8.764,9.0
0166c787dc4a6621b2ee01d3b99e0a2b56a3107fd1ded720bad674fab7f06584,39965ce3091d1592e523b7c21bdf3c86b2671afefc2224eb21a5114359af08e1,F,Data,2025,25-29 ans,Auvergne-Rhône-Alpes,8238335,12.066,6.4
28016e021ea9c43c1ca2b2ac1b762443a79d71691429d363edc9894e011525a8,ad14add9023359d3bbc2f4aeaf4fab9533224a3d04150afbdbcc30c295cf1900,M,Data,2024,25-29 ans,Île-de-France,12507542,18.318,7.0
945eae319eda26c9525b3cf1bdfec54afb268a578cfdbe7fe097d4847a79262e,ddf62406753c9c2974e0b8ed991e0e3a1c40c8507569fd15aec7de9be90acf73,M,Data,2023,40-44 ans,Île-de-France,12507542,18.318,7.0
b5e60b56697f4a06b19e3a3ada0c674c3180028e82e470a5195a61e3220c28aa,ee5f444887d143c37f0a58fa7a30e7c2e6b611bcb8979719d999870f1c468faa,F,Data,2022,35-39 ans,Nouvelle-Aquitaine,6181885,9.054,6.6
0be3034e87af34cbd8e6e0625e42b4d4c06cf6f41545503e7a1f6e2f1197aeb6,f6f2847ce438eca61fc8ebdd398776eaa33ed2db29ef3f1e7974542530505801,M,Data,2025,30-34 ans,Provence-Alpes-Côte d'Azur,5252362,7.692,7.9
abf6570f22e8a5948b2fedf64f5e6c89c62ba48c9570cbab0acc9a6d1830c80c,367e5965c92c5585382317e88c4a9d16e4bb97a9bf1c9feb56ed48f8c818e10e,M,Data,2025,35-39 ans,Île-de-France,12507542,18.318,7.0
f6247f11b57fadd5cd3ee281172893a24d78be31119a5197d2337a92347d0632,738911249d14e4f4dacebd9f0a148a3496eeb75936547ffa277b27b68199ddfa,M,Data,2024,20-24 ans,Île-de-France,12507542,18.318,7.0
dcf4351517b453257159303a92a4cc20d94fb130f1b15a4b89e41aaea116f3c6,9c10f8115714ee959c5d4da2a0ef6ba02d9f8adda8bd8b4373d5bd56067c2d67,unknown,Data,2023,30-34 ans,Provence-Alpes-Côte d'Azur,5252362,7.692,7.9
7336516898120e41eefcbb13d5ad7a0599b31b4247075e36d5cb9fbe4ccff85b,1fa312badebbba3338019cb34f800264fdbfaa98bcd2c766eb423d92753e8127,M,Data,2025,35-39 ans,Île-de-France,12507542,18.318,7.0
02bd7a75e34bb144f4e53b11a8a8888636065b498e1c9eb701b65af8ee93f32f,35b1b27ad6170fe0352b86e6fe1ea34dd33a6270f66636f006c0fe131056b6bb,M,Data,2022,55-59 ans,Île-de-France,12507542,18.318,7.0
f7fb957f1ea780fcd66ed44fd6925189e6d2c61e3aab22166496c7c35597f9a1,476943c7685aa0a7df49c3cd95b1eb72f39338bdf196503ae6180498c67e7d17,M,Data,2024,25-29 ans,Occitanie,6165869,9.03,8.8
eca29267983e0a440835c50c2be8988d8832b85991768c2735b39a9ca24a9ca4,99353def433aa05468f42d95376cb753031b9bb76cf9be5f09dafd3bc98dccec,M,Data,2023,55-59 ans,Pays de la Loire,3926871,5.751,5.9
6fde43d89b594017fcaa57b8e2985b46545a5cabf9f1360575db898793dd91c9,7598501028949000bec5b0d4b497f71dbe04375da7245da044b4717f5c7852cf,F,Data,2024,25-29 ans,Île-de-France,12507542,18.318,7.0
3b073a16f05941f5b0f67930e8e31e8da670a16f90b496ed7102f17b2e47e7d1,609ecbd84a63c3abfbb99ce3c7344ac8646b271eb01b0249dc4e7877331873a5,M,Data,2023,40-44 ans,Île-de-France,12507542,18.318,7.0
53baa39fadee22774e499dd412005e0070e306894f95ed192f15aee0f4d050db,e7c6e38633c584be68f30dff53eb767e38818e0ac3637582abda4962851fc220,M,Data,2022,35-39 ans,Île-de-France,12507542,18.318,7.0
9c0f5f1f1f44757657bf89dfbe4f3413f9b2a74dc9c1073c0842e64f2d40355e,18792b232c0aa65735d343c0f3064671a37c96e09687a2ab83d48c61b4e0daa9,M,Data,2023,30-34 ans,Bourgogne-Franche-Comté,2800180,4.101,6.6
f3849321d8220075bc27655d646385a50e1d4d2ab0bec35a0adbd7ea8f4749d8,5799d527a1cd57c26d21cfd5711c770388ffcb96dca836bde9cb46f7aa699203,F,Data,2022,30-34 ans,Île-de-France,12507542,18.318,7.0
e9873ca47237fd6830eb65f9f84dd2cb4467b2228504aa39026a24e6c2cd7ed6,df1bcff29b77ac30928e161217eec059d272f6c68cd7269b4d2ac0d4dcda688b,M,Data,2023,30-34 ans,Île-de-France,12507542,18.318,7.0
f18dfe96f2d462eaf978ce446e2f512511f08561e82839c1c4e5d5c26ebff74e,bf8329b927d3ebb298676165fb3b3c75df85f6fe80415119b8b1d21707b27c34,M,Data,2025,35-39 ans,Île-de-France,12507542,18.318,7.0
84096ca1fe903bbfb67bfb7ec590105a3836c4fa286a47e0d54d0d1aa7159cc5,10040409250d0f81e1d5a41415b811f5ef39a1dc5a70d74023b809039e12ccda,M,Data,2023,55-59 ans,Île-de-France,12507542,18.318,7.0
dd95144b91543e0ec416f89d766c3b9951c01ac2b1340d3ed7c693ac71ad4531,bea26fbaa2bd08c0deb8f20c7ddfd91600741deb2a65289e1d7e15fc62fb00c9,F,Data,2022,30-34 ans,Île-de-France,12507542,18.318,7.0
30220421bb39b0f9fd9857152e93bb8b05f48d797aa136b4769309f98e65a46f,ad9963095c271e343d9b1f5cdaff009530d73116fd32610dd440a6d3c270f55c,M,Data,2022,35-39 ans,Nouvelle-Aquitaine,6181885,9.054,6.6
61fece754a001024e9e7deca613322c585f5e517d40525bb7ad367c0f7f645a7,e9399914849188c6a8882f28e305a01773621f0651729045dc32ae46fc5e5543,M,Data,2022,30-34 ans,Île-de-France,12507542,18.318,7.0
75dd73d78aadbc4a4f18b3a5cb7824de19a023d12ce55c496d3c94e8338652ae,c37bdfb5685daf679dda8cb20d96bb82aecb2555d7af063f9c6a51fb782e7c4f,M,Data,2024,50-54 ans,Provence-Alpes-Côte d'Azur,5252362,7.692,7.9
7d168a2cd9c90229466855ce833632ab5180b5ffd3d4de52dcd6ee8bdbd52990,7a20d8d5dc4d3a284e8e51a5bcac51cbfb11c1c95176899cd44b8b82c86099f2,unknown,Data,2022,25-29 ans,Île-de-France,12507542,18.318,7.0
6400c0aa3f9ade79b61485c00bb6ef11425d3b512bb03c814a872a1bd8ffa51e,ab2a3cd5c02bfa13977fd57a2b7d8236b41af677e00f8e7c52b5b35a7043dc5d,M,Data,2024,30-34 ans,Île-de-France,12507542,18.318,7.0
ae15c988abef3595b44feccfdcd466d5793f74732db63e01fe0fbd715c070731,234d930b31f34873878a345e6bd8becb1bc1d28c7ca66a1f505c0454997aa367,F,Data,2024,25-29 ans,Auvergne-Rhône-Alpes,8238335,12.066,6.4
40a049b0e1af42a47d46d407c862da7661ff64eaf50fb6f8bab767185a675dfc,f1c82488821036ac57cc77a19373e2c5b070a87513d84b1cbd854ba98c8e9443,unknown,Data,2022,30-34 ans,Île-de-France,12507542,18.318,7.0
8ccbd8791227a957edfefa35f5cdec57a723bcbd4dbdc34967ead3a5864dd87a,3f1ffcea706f280117d7cdb6d81537cf89ce7f8adc623325ce9c0510c02fd8e8,M,Data,2023,25-29 ans,Auvergne-Rhône-Alpes,8238335,12.066,6.4
f7bc80234c106166092da0a8fa5395842634ae6c5c4e931fefbf7baf76cb5625,904815837493dbd732b0f620e65c370e5ab51567100b3b81a653fb4922063164,M,Data,2025,30-34 ans,Île-de-France,12507542,18.318,7.0
b3fca92daa5507a00dd7bfa4aed46a99e5a88de88668e3d5b03c7bf9fc9ee1d6,a6a7fd16f5b79615838f7844a5d6da45d295f0e2919131e00b84d8c90f60f0f2,M,Data,2023,30-34 ans,Île-de-France,12507542,18.318,7.0
37d0a0dd9cdfd3ee5d4d6d2b3871696f345ad9323ba27dd0878f90dbeccca326,f5007bf3341876ff961358dbcec97cb70adf27e75fbdea27b75f9344f5d4f226,M,Data,2024,50-54 ans,Provence-Alpes-Côte d'Azur,5252362,7.692,7.9
e43400ec043df8c59c1c2cd89d6e570ad36dfe0a3a024d46908793eca6ac584a,1bc7b68a0b7d6bde84ca6a145844a42573648eafce9592ce0370dde75c562107,unknown,Data,2023,50-54 ans,Nouvelle-Aquitaine,6181885,9.054,6.6
b4acbf2126c3796be01bf487fa3fbf5f9d35db6a627f96316908b2e18ba9cb51,bed15f7d360f3e4069176ae80b856c82ce99cf93aa04db1ee96608bc96189210,F,Data,2023,30-34 ans,Normandie,3348960,4.905,7.0
8df3f6632cbea1b265b54d0b0201b8be444247b194d51d6ce14c27faebd9e946,49a46e086fc43978e7cb87f332854453fb2f71d9ca6bdd83c987a3baae85fd60,F,Data,2023,40-44 ans,Île-de-France,12507542,18.318,7.0
5170452621b7afa5e48956b593deb648f6762ac1543f816e20a9783dd80f5ce8,8c83a9fb91eaa6df6da5807085f4be6967e2c1cedc583c449a3e681cb241fd8e,M,Data,2023,20-24 ans,Hauts-de-France,5983840,8.764,9.0
4fcc3381ec634916e35ae1e231b6af92d13d6238c5b2f03d1ad7a6c6a5e39ef8,1204b2452e6a1236cfc206a55226c4c8876dcbd14d0798eb759871eae80e22a8,M,Data,2023,40-44 ans,Occitanie,6165869,9.03,8.8
ce2a692160f20e4aa13dd9625829de603b62ba5f5f4a64c48452c80978bfa6cc,e8cdc10a81eaa960afe6f067de66dba5ba87cb4c8357ae56557df56a7fa6a9b7,M,Data,2022,35-39 ans,Nouvelle-Aquitaine,6181885,9.054,6.6
ea648d15488abe3237ccbabb4eadecc697b6ee9a2670a8fbae8e649140d4b0dd,f7df0e6ccf93b51daec58d960ffb872d5be8cd0c474d8692be6e2c8d19f9e966,M,Data,2022,45-49 ans,Normandie,3348960,4.905,7.0
8bd6d4df7bc22c6ac463f6852b3975deb98b39cf723f4039ce7d27d43aa93de8,f0a39fb2dfea2db7fc875f06be6b6f081842fe9dff3bab45098da9f1594c2ec9,unknown,Data,2022,50-54 ans,Île-de-France,12507542,18.318,7.0
9b91b020df398d1903a430eb508e38f7112436fcd2e66f78ed391877306cf3bd,0a2589814b500d5b58e93f41f5df56f42e4b570e43b5329f27c73e2ceabc0448,F,Data,2022,45-49 ans,Nouvelle-Aquitaine,6181885,9.054,6.6
619a2316fb8b914ee58cf2d762e0d5f643211ad4eda024ade8587c7c8acfff29,aad078b422afd267eb2583016123458cfa197aae8aa1d9159f61e4da6cc36e34,F,Data,2023,30-34 ans,Île-de-France,12507542,18.318,7.0
56e93d92192d6a249875adcc5595e75496ad7a36206a1e018fd05c77e88f351f,e52131c25227903e95fa4639d3ed47a9a1abc2db6036168b674fb84243949df1,unknown,Data,2023,40-44 ans,Centre-Val de Loire,2588006,3.79,6.9
b8b44a9f81371ed5250f91c984975572150c150b192a67a1f62495e446f9e85f,81756909ec07a92b8f56ecb4a90c093f099c1db84efe57939d1f0b528e05cdb9,unknown,Data,2023,25-29 ans,Île-de-France,12507542,18.318,7.0
c71dd3e7cd0622af224102fe6d6a851647eaabfff7a151e0931f420e30a73e2d,83d467b065dc20a4a2d32c999e08e09b382a54cd6bbfdd05257c411aa173fd18,F,Data,2024,35-39 ans,Île-de-France,12507542,18.318,7.0
aa31f28d8392a2b0822868ef975e53f5f42bd07f349e2dd8ef7067e477576908,da854cddbb4d9387038a82e1a6eed97ec73bf56e3f81cc830b82c9c19f739606,F,Data,2022,30-34 ans,Provence-Alpes-Côte d'Azur,5252362,7.692,7.9
0e94a1a10b14ec6074926024a2732be162eb4a0789e84835eb022dc59f5d2b3d,2acf82fdeff8096dafc16af76bf9330eb11e807d57c9549ccd18ccacac6e07b3,unknown,Data,2022,30-34 ans,Auvergne-Rhône-Alpes,8238335,12.066,6.4
adcc256a7dac25fec7bd366a9c390b81d910a8c5fc137de2033036468cd35d47,bc59e2122a27285fcafc48bff23a4eb29f3257d6adc4f465974efb3820c7882c,unknown,Data,2023,35-39 ans,Pays de la Loire,3926871,5.751,5.9
df7da830e634bfbbb3b80edae83fad17930e7f1a912ab35e99a8b56cc7cb1730,cdb35c9af8835d75fce7814a8eac3f04831e4f0e3ad5f898994304a5bf8a7e9e,M,Data,2025,45-49 ans,Île-de-France,12507542,18.318,7.0
cd16839cd9b73327f67fdd7662746e993e90ed71c028f15fd51fbfcebd6faab9,28ea881bca38e550d2d96ceccad0f7b219b305acdd133c8018dda3ae550747d9,M,Data,2025,40-44 ans,Provence-Alpes-Côte d'Azur,5252362,7.692,7.9
ff23aa28f16913941c42c0aa43441dbefb9cafbae97783eafd027b9f37d5dbc7,851783a48837f5995043048f442828a7a92b1f1ee204496593440bdb5ef46a1e,unknown,Data,2022,30-34 ans,Île-de-France,12507542,18.318,7.0
e0967e6bb564d444280f54b7d95a507d4ca201c8b64d66354b10a19372ab4a75,4d172404587124f176c989fc4c7408c3fa67d4f74462dff921aca2c9097b5458,F,Data,2023,30-34 ans,Île-de-France,12507542,18.318,7.0
58e1e05b700b152f078f94b89bcdf186c3cba3f8b5565ac826ee2192b0faac68,f94778c7f7594b4d5331faaef89c650b740823bb7997a83ceef78bb8760ac0a8,M,Data,2025,30-34 ans,Provence-Alpes-Côte d'Azur,5252362,7.692,7.9
d51019c4090eac33a91f10f34df97dc63d616d95601002f05e83c8d5919389e4,601dc17ba3f71645d52b8451a71febbda039e4e599cab14ab9f31b7ac74742c9,M,Data,2024,20-24 ans,Auvergne-Rhône-Alpes,8238335,12.066,6.4
296ef9993842a5dfc54b3864e61943c5435f5637f22cffb63a324cb8a969d58a,cf845745ac49bb7c2d22fc7e1d48967b6db13b76d037709fb6be9ad0916f4a81,unknown,Data,2022,35-39 ans,Centre-Val de Loire,2588006,3.79,6.9
96832348c470c9b28b54f534530406f15d0470b4a9bcff5dd084ba76daf16bf8,4ab3b7b49f4e427d5ecdb52b59bb7cd49f13d0b4a603499caf0dd5c4374d11b4,M,Data,2025,30-34 ans,Hauts-de-France,5983840,8.764,9.0
4d5cb5d275c6c7338ac10197b28b9fc6d45847f61007fedc9b112a78443ca7d4,c0fedf043f37895aa626d74a1991473b3ca818c5e6680db83aad447b4228b073,F,Data,2025,50-54 ans,Normandie,3348960,4.905,7.0
95548e8f478edae2c61a21edec91506d702bcf80915e9be5c90be63b315d299a,644e5660b2f60e1a27b82e35d57a22ad4ad58b8e1c84ba7b55d615bec94ab6e1,unknown,Data,2022,55-59 ans,Île-de-France,12507542,18.318,7.0
5f29e7ef02c644171ea1583210bbda5e90a3e8770111181405252b057663d11f,fbdfbd6d092268817681b63cc7fee839078256b713c8773b767f83a6d1e3ca01,F,Data,2025,35-39 ans,Île-de-France,12507542,18.318,7.0
9210551cd78303d6090f7b98de5d394767967197ac369ea4e65b25b3db3d729c,aefd6dd33230eadb5d90212494bf621ac6947e4f6ea248f80bb0fba4079dfe06,unknown,Data,2023,40-44 ans,Île-de-France,12507542,18.318,7.0
7296963387e93d576a9cc57b49b440baaceeca579699627348054f867204a8a6,51b83b33111a79b7ddc130f954ed5395180242b1f29bee936be9cb15ea93d1e2,M,Data,2023,45-49 ans,Auvergne-Rhône-Alpes,8238335,12.066,6.4
cba7ccd4eff6360adba10722aab43eef597d50af68f809467b4da48a7df84332,940e1a8ef84b3fd85d52baf028a316428c93e3b0f92b235f996cdfa196064f2b,F,Data,2025,40-44 ans,Nouvelle-Aquitaine,6181885,9.054,6.6
cf6d14cd2be06cea977ed72ce5ae980e2a5a6a43aab1d036ba128aed042122d7,68b627feb3043f545cfbf33bba6dbabf7cb0b9195878ca7755a9d12de252319b,M,Data,2024,30-34 ans,Auvergne-Rhône-Alpes,8238335,12.066,6.4
c317fcbd53ee4cb28b1245eb6ffb2b4d32f5be126431fb8a91f0b97d002c3c65,a62c19eda9a41ba3d88ea98655b1b01b8930bf2ef58bac8b0a00a38560b63e04,unknown,Data,2022,30-34 ans,Occitanie,6165869,9.03,8.8
ced01d41be40aac98548a13fc16d9e726069768b298f4118114ffc74e713d73d,761e7c76a42865cf1d186c905d45d597bb8127d3971994fce2d2d7f7a0b4a619,M,Data,2025,30-34 ans,Auvergne-Rhône-Alpes,8238335,12.066,6.4
8c7e70c8c499a381ac06c1201f20c64baecd84aab0fb3159d60a702f4b1223c8,98184062f1262fa3d9382569cdcf40e19a2aab8fa27f5d2f8187766adf6d4f57,F,Data,2025,40-44 ans,Île-de-France,12507542,18.318,7.0
ba13590f0fe758bb875e0f02201d768f0592f5a02b2e8e02b12af6e3699a08bd,e85fa930d40c14cee8213d81663d5b899d3d4bc675fc808df5aeb1f93c47a19b,unknown,Data,2023,20-24 ans,Bourgogne-Franche-Comté,2800180,4.101,6.6
e5b308202549b1598bcdc7787100d30823a0dd22a56f0dfc21082cb1af516df4,24e0e15a074c8b3bd94ba1d292894d82716fb01b285494857a9694f424843205,M,Data,2025,60 ans ou plus,Île-de-France,12507542,18.318,7.0
813ebe7a709e241164c814a644f1b17881bfd0945bd97cdb9a3b5157e0b45801,80b3f45cec75953f0a097c680ea8a98e104a4ce0b5984d6c44300a09bcf5a1fa,M,Data,2025,35-39 ans,Île-de-France,12507542,18.318,7.0
8aaecf6c8b4165a341092baa725c904ba3ae8fafb5e12b6a3f553ff682d52fd8,a26099f0dbd7b62b10fd87b263cca339abfc3d54bc3394779fef0a5cda4c2617,unknown,Data,2022,60 ans ou plus,Île-de-France,12507542,18.318,7.0
ff712eea6e9353e99be9ed28a5e28b1ba86dd42d09a2a1addb216f0ec5fdf1c1,da99e75f5689472c35dd2eb0bd7d3d34ba0b340c911d9eb3787ca8f2fa4aa19a,F,Data,2025,25-29 ans,Île-de-France,12507542,18.318,7.0
068c0fe088f5ef529e57df0b6ff77a38d8311bfd2674c5a931f1b0ed8f65085d,1dbaf62cd1612dd3e87ad5551b194514f4b221611e90c6416facafa9b36a94ba,M,Data,2023,25-29 ans,Bretagne,3469711,5.082,6.0
7a0c047737867ef90613b8b2c08c590c04cb34eafd4493af1400ebbfc83ebced,3862ec11f1c96418d6f2940752a9e711bc88b037e11929eee4211116eb6323c7,M,Data,2023,30-34 ans,Île-de-France,12507542,18.318,7.0
26344d8e262c2c99a132306b0c91a48db56346242da32efd180b42583e5f0424,ec2379b6f387825ed2af29db95519c645b7f6544c6333d233a765e45ae69db6d,unknown,Data,2022,45-49 ans,Hauts-de-France,5983840,8.764,9.0
3482d0ead5cc97e512d6b8362d9c35be2ccbc59297a6fcc23d2d8ee1d80b76d3,a6f1b35b7abd5fc0f8b283dba06fd7a1f4192f5fcea7944420e83b060499bb9d,M,Data,2022,25-29 ans,Île-de-France,12507542,18.318,7.0
203070fd096bfb2af3d9f3a5d894d703f92aa9bba69831a0a69d403ec35cb8be,c55d46653a590dcaf2d546a57bdb8356c3040a109264fa77e619a9492024405e,M,Data,2023,35-39 ans,Île-de-France,12507542,18.318,7.0
3317e4ea7fc47a5754158aa0200f7210043290831d9d4b2ea4589c0b99c819ad,8c59a23125a33d8552088960419ffa0e110149658b1bec7af113c87891eb1ceb,M,Data,2022,40-44 ans,Île-de-France,12507542,18.318,7.0
3cbd51b2fd93e214c50cf526011c71adf4316a16dca8be375e61c62028b79a9c,7ff4ae9f7de5ecd8efb539677fbaea7f986ca69dea18eba342ec88296de9bea1,unknown,Data,2025,45-49 ans,Île-de-France,12507542,18.318,7.0
69ede9d49ac38bb50bda686c6eadb381637baeb9f3c905fa227fb8bda71acf36,b1929a74668e664345a6ecc264287eef6525f4bfe386e1e95c5dcf7aeefcdb7a,M,Data,2022,30-34 ans,Hauts-de-France,5983840,8.764,9.0
101714b4160485bcd8e2cf23f72f8ada5ea5f9c4bf1b5e4d49f00fb74fb3d0c4,18a281ca20c53cc740ca06892b31219d62e5e897b1829a9b6047b4cf6e216b7f,F,Data,2025,35-39 ans,Grand Est,5557457,8.139,7.3
9fe8a37d310e30ff6c212956ddc91075d41dcb824bae2e76a85e520a9bf238fd,8a9a221d7efdb305b2cc3b044f275e63de929d2ae0a22c89a4ed42003d60e3e2,M,Data,2022,30-34 ans,Nouvelle-Aquitaine,6181885,9.054,6.6
0b96fd2f8b08b70f63c1992910e5ec290f2baee3c464f80e5807743133be05f8,cde7893804a5cdfac0c05512b90fb04a6e1b74b905447649008ee54ff48c7c0a,unknown,Data,2022,30-34 ans,Occitanie,6165869,9.03,8.8
035611936fe5006546a9c29f24e27ddadec3f6bc0c0282d231c8f9c33a58373e,74e3f80ca20dae2fa9cdbaf8d17a2e26b19a14d851bd8196ea29ef4ef2619cb9,M,Data,2024,30-34 ans,Auvergne-Rhône-Alpes,8238335,12.066,6.4
2876e93f497a353b720c7f9ab6301f2a289fcb0e3ca8ce1362579879cbedb11f,48be176518402802389d4ceba2fb0a79bb4d0ce5d46e7e363ffb9ee0867252e7,M,Data,2023,40-44 ans,Île-de-France,12507542,18.318,7.0
939c1a979fc3be0954f0ed8c8880415b32b8225e1d962cc390cbbe5b865b8ba5,ec4758f6bfdd583394d38229902f6afed174cf8b93b05570de91d70b567d5a30,unknown,Data,2023,30-34 ans,Bourgogne-Franche-Comté,2800180,4.101,6.6
515faa00c5b3f5f7de780b7a5e5e914d1788319f08bd1de6d2c095e54ff149c4,a136ada4de54db1ff2ba7da00b4b9a036f32745ff5da950de6b986b21726011e,unknown,Data,2023,35-39 ans,Pays de la Loire,3926871,5.751,5.9
99c9b2843ce4155cf89f3c0bd87ac348139cfa8e39a922e9f62b512340f97e38,968b526f92946b5e1ddfa70c78b671b2f480e565e4c3ba74302e63c16197f8db,M,Data,2025,30-34 ans,Occitanie,6165869,9.03,8.8
dda95f5235eb778e81aa7ef804535199288aa73c3d5f1cb326e24d3e2bf1cf74,4840c7fda614b28e7d938d4fe138a464a87336037791e5c598cdcbee8c48d75b,M,Data,2025,50-54 ans,Hauts-de-France,5983840,8.764,9.0
a934f96d2b6c44eb1b9c5e19cfdeeacd4d683962e0083238f19138ae060f1788,e18b61f03749da8d317adb4a59d6d39431d884e7b55effd628d221368da65e43,M,Data,2022,35-39 ans,Nouvelle-Aquitaine,6181885,9.054,6.6
c03d270a05c7c1b7973e3a67d4a0cc9d252f97382d6a6472d9465011520b9730,a81f9eb6485332d36db24a65ab911dc7e6dc8a41463f8bb78b075968231b57ce,unknown,Data,2022,25-29 ans,Île-de-France,12507542,18.318,7.0
cef27801dc46fc00c2cb90eadd6950586a7dec4bec1d0faedf3658379a16c171,a8b72e65fc9e6c76c53217aff06add0c5b8657083c2c0028294b0e3bcbaeee98,unknown,Data,2022,25-29 ans,Île-de-France,12507542,18.318,7.0
2c71e73ee3f06a440158780d08b11fd45f54b568badfab9babe1a39c3affc237,5338a18d11bfb1334203be686f985d4b746ee56ca242481d194a8d3aa862eff9,M,Data,2023,30-34 ans,Normandie,3348960,4.905,7.0
9492ebcf543cbdcbf5df776d2549ff3986499b9c84215f0c5e7abdd9162be81f,d56ca6c1725db82aa52b840ac3378c380fc4c07cabb5344478678589b6f5325b,unknown,Data,2022,25-29 ans,Provence-Alpes-Côte d'Azur,5252362,7.692,7.9
752de2a08054034b8b745b48c2718af06837b1afda58c90feddc1ec35d32db51,4cfc14a7a67c5c7c20bdbcebddb32c405379c454e7a78c053d0b48c436928aec,F,Data,2023,25-29 ans,Île-de-France,12507542,18.318,7.0
1ff86d2c9b557ef6d7c38436b689b008639466ae4b334b550ced3a239a3da193,39bbda34857cef7507dda9ec1fd8d1849816220fc45f9460fcc57d81ea0cf352,M,Data,2025,45-49 ans,Centre-Val de Loire,2588006,3.79,6.9
7a89bda3381fc47aeefd3396e21d57c2102456fc9fe7e33016ffdc01b31865c9,26490b9b171f2c23aa7e07503e94c1ee61ac44a4134112e20c6d5550ede6057c,M,Data,2022,55-59 ans,Île-de-France,12507542,18.318,7.0
fe3beaa73afa93fad35628998711bfd908c006a80e901f83c47a979b2592e14e,fc6a7e514624a299b6b20459b04214e25e2902c17b28c6afdf0332bbbd1b8361,unknown,Data,2022,30-34 ans,Île-de-France,12507542,18.318,7.0
f2837d9f4222bd39dd1e7f5846eb57444f6660ade843b832e6cfcf8f3f61266a,481c16843f5147aef3c3e3fa14e615d976a168e08bc36c8d2cf0bb0f1b16f6a8,M,Data,2022,30-34 ans,Grand Est,5557457,8.139,7.3
942bca537c3f6b3b7c61dcf8dbacc0bcd00144cec35ca85736defbba6b9965f6,b57e64fd6b5516a3a4130b81b4fbf20e6e66e5754bda1d6ed222e6685aa6cf06,M,Data,2025,30-34 ans,Île-de-France,12507542,18.318,7.0
05d084f3288124701597e2be7c27574d544a7c594f39003685c204a4fddbc796,a5148093319ee4d159d45a857c299b6955b43591deab4129f1a8fb83b8018f4a,M,Data,2022,40-44 ans,Provence-Alpes-Côte d'Azur,5252362,7.692,7.9
95a5b1c64b43689f1ec42cca856285c415a7190facc88cad9e4d485222fe81b4,b62d0dc46fa1810174ca86000560760ecd6d1ab390a6fbe509d0acb99af512f7,F,Data,2023,35-39 ans,Nouvelle-Aquitaine,6181885,9.054,6.6
6173509eb12a290452bea5630d768fa7f835dc26954f6ac2921cac4d248c0034,a66b77f50e3e53cf9117951259e20186dbf4ce1c7806e906037446939b4b4cb6,unknown,Data,2022,40-44 ans,Île-de-France,12507542,18.318,7.0
6c7116ec638448859394dcc362a3e10a548bdc5f2d776f38b01ac428e6230f7f,f91bc9b2fdf2e11e93c2359805a2343081ffb40f55fcc446e0da3f5108757dd7,M,Data,2023,35-39 ans,Île-de-France,12507542,18.318,7.0
1b7e8b3cc713262980407fdf3d81ffd004f3c353301c2c93d71c10c0bd9d4e0b,2d54cd5c5c520c8b21d2b613ce27678c168db22edc1ee4a271c6911e6eac8dbb,unknown,Data,2022,30-34 ans,Occitanie,6165869,9.03,8.8
c1c4872ef87081d660fc4e0c72dcc65d6a18be048bdf41edfbfddc4fbe9317c0,c51b5ba38374a950b2e512bbc1d38ba6cd18ddbe36555d651f0e091518669e88,unknown,Data,2023,60 ans ou plus,Île-de-France,12507542,18.318,7.0
49f621b915f703de07457321b74e19c372ab6f4ce5bde2805b4b659a0f72fe5b,ce6f5c76eb55dee56c37b6a9f71995d01df96569cdaf18f8f1757470a582f3bf,M,Data,2023,30-34 ans,Pays de la Loire,3926871,5.751,5.9
8c4587ecbd8322391df6cc688641b8444ddf1c344d378e5dade86ce5157c543e,e5ae2c60c55a01a880e3ee6fac49f3a5162749c22ebfe553acdea9a491c76f4b,F,Data,2025,35-39 ans,Auvergne-Rhône-Alpes,8238335,12.066,6.4
702b0d01f32a600ac41599f38f91084f8026b43fa8203f4da6217a2e79f45254,869cdc7296ee143be10c38ddef6e4819e3baebd167209597ae71369486a36c36,unknown,Data,2024,45-49 ans,Grand Est,5557457,8.139,7.3
c8c28b000d074574238487959cb2d630ecae7e08d6dd6bee81322227099dbd18,2225be46088b8839d13560fdbc20a98be5344d8c3e748c5d6d24365d0df1b978,F,Data,2022,40-44 ans,Nouvelle-Aquitaine,6181885,9.054,6.6
7ca7f6202c43c5fd2384faa7a0057145ba46c31cc7b5ab97766985d66c290c09,e3b08ea67db3660c281bf5111b46b2806b859ebeccb77dabc060646405c33e4b,F,Data,2025,35-39 ans,Auvergne-Rhône-Alpes,8238335,12.066,6.4
04093c5fd5dd55d2a1d0375e762037270719f05bef68e986a8f411ae193002c7,05daab0efb960793115372388d9da2badbdaf88e7e7ce57ed5762dcaea52cf45,F,Data,2024,25-29 ans,Nouvelle-Aquitaine,6181885,9.054,6.6
5c995e9b0f17fc5aefffa45c0fff7730cb05ed572beb45d013c8d24d85276bb0,24202646efa0b66c8f1fe6ab7f79f57b70515999cc46df977e1741b1016ca31c,M,Data,2024,30-34 ans,Auvergne-Rhône-Alpes,8238335,12.066,6.4
9d87914e59458d7328f1999c7003b2664aa1f7be85deb2d877868eb4c2079f13,7a1519d4c0e0e326ecc06e10e7c593f351aca5e1c3d6adaf153f10d3e8ff2aa4,M,Data,2022,30-34 ans,Nouvelle-Aquitaine,6181885,9.054,6.6
1ccd99db0db8bd0efeaeee252a32260384ae5bd33671a7a6858751da75b514ed,a91f1fea140cc85ea2191acbb7585546c517ba336e57eae2c951779c4037d62d,unknown,Data,2022,30-34 ans,Provence-Alpes-Côte d'Azur,5252362,7.692,7.9
3782469dbbb2fc875fda7053ea5251f80bb131837979f1c47c9ee966b68586f3,24f4dde803c5c4bfa4f0a81e9d6294a15a3c0818b296fd8293f95db73e3fb09b,F,Data,2024,25-29 ans,Île-de-France,12507542,18.318,7.0
61ac3591f205ed096ae800b89d539eb98861b2b8c17b850f90cfd646c1869ab4,dbcd10ecbd9c6df172c83f1eec37a2e45dc3c703eb041dc1d5835b46b5b15cb2,unknown,Data,2023,40-44 ans,Auvergne-Rhône-Alpes,8238335,12.066,6.4
b90b90180d0485dda4356ec26530586b0c2ac9145319830b82252dbc43d38262,838606d076dc330570e36caca511486d458372270ed1573850712325df888ac7,M,Data,2022,30-34 ans,Île-de-France,12507542,18.318,7.0
2cd0779e847878426a5fbdbb2184d46ee46657302447db02d3e23e21192813db,1df00b689e317cdd68e1f31f116962798d1f367f9c63a97c13439fcb316776b6,M,Data,2023,45-49 ans,Auvergne-Rhône-Alpes,8238335,12.066,6.4
74c00578dec498f65579f8ddf1c6ecdeb735c73ade0f17173534d589ca8e752b,d61db4f7521579c2c01ae22bf1cb794b3b2715c81785d773c7054f0a0eda9591,M,Data,2022,35-39 ans,Occitanie,6165869,9.03,8.8
39a9b7995e750728a7e568b3874f6c5566fe308d841e5d11eeeebc419636330d,c9513aff96dbead7663ce946bddea2fd3be7426ed4046bdf8a4e9aa4e739eeb5,M,Data,2024,30-34 ans,Bourgogne-Franche-Comté,2800180,4.101,6.6
14e6215e217a3430ace6952b5c6432df1d1b916b9a3d428cf2ac013cf4c36e9a,4c21bdc58922f5b3cafdfb027dac51b9ab8b89fff3fc53a451afe8330baedcf4,F,Data,2023,30-34 ans,Auvergne-Rhône-Alpes,8238335,12.066,6.4
8bf0972e04ac97dcebfecdb2a4f666116c0022b8e738f55ea24e5fbd1de58812,aafa2d669cc54c8dceddaa17fa05584b3ecd1a13e7ef21dd727e6622ecd93205,M,Data,2023,35-39 ans,Île-de-France,12507542,18.318,7.0
698aa6d568cf652e3922d611b4badfb4517e7bed2abb32012011d4f447aaec35,aeae9b4049ef6b9a0856dee893bb06e63f26a47982a2cfa713188d84c60d9671,unknown,Data,2022,25-29 ans,Île-de-France,12507542,18.318,7.0
186a28ac66913b215a7f2b24272a38a17ddd4b002baf8aa59e52e42fca35db0a,aa79556e8b3693b62c13ba21f8c0cbcf2cd75ca887534cc7968f45efb1bb9f2f,M,Data,2022,35-39 ans,Île-de-France,12507542,18.318,7.0
df0cced5ae7e1aa0b5f288746ac69ecd60c987c2971c4f1e7b64a83e61918cf5,c05bf800aee74b567f043d0a674363193238a3fcbfbc7605f3447d87290a4abb,M,Data,2024,35-39 ans,Nouvelle-Aquitaine,6181885,9.054,6.6
879fa62f9d8d8ee0cb655d57ca03fa7ce132295c8e4b6d61821c7f563d786c25,38d870f359b0cfd399a13655d04818712e7777ca657d8518edc0db742ea7912b,M,Data,2022,40-44 ans,Île-de-France,12507542,18.318,7.0
44f2c821319c312aafcd18d624df78eb6ac0f9ec1307e13ac67b61e5bfac0f4b,fee30d054f766565fd70f7eacfcc7c8a83b96cf651591ea7faea3e13d8501114,M,Data,2024,30-34 ans,Provence-Alpes-Côte d'Azur,5252362,7.692,7.9
cd6c6e7e1803226c19e96c3594c80a11466f77eb55089b3a0fe3e8035175500d,759410badc2912a9045668f00b716f57747fefcbbdd2ee62d96211d6758359ad,F,Data,2022,40-44 ans,Île-de-France,12507542,18.318,7.0
71e3d07462cb941f29a04ff5ac2b6736fb6b74b9e3d950acd58dbcc9294ac7af,6e2e62193b5388423bf80d08df6067ebb02ae20cf031570040458730e770e2ee,M,Data,2022,30-34 ans,Bourgogne-Franche-Comté,2800180,4.101,6.6
008645a58d2b1611fcde9c4a1934b07c6131cd792385749033a76561867c0265,abaf01ed24ddf3fda143a589a807f2a55e132991103b4df130116f8ed3b4847c,unknown,Data,2023,25-29 ans,Bretagne,3469711,5.082,6.0
f58f0ddb7d5c2def07dc3acb4a3549ea4e2b8197a536ae9e6777d4e12cc197a0,b5c4bb45acd6e4c8a9ab6654f8c5ca23e982c52083ebed0f224bab944e56f44b,unknown,Data,2022,30-34 ans,Île-de-France,12507542,18.318,7.0
e5b984785bed377b1c11dfd150c850ba59a72764eeb25bd1b18c510b375d5139,75da7c9b56fa24afa7b3c90ed81fb4ee6b0a8cc2ea0303a74d26bd4bc7a5f849,unknown,Data,2023,25-29 ans,Île-de-France,12507542,18.318,7.0
840fba261870f87baf8f547d9be3ba112aee81f229f36ae17aa4a9fb97c9f74c,aa4a241d08cea063596401cb7150e4c70162720d02af9be4e92189f6f0ce4df5,F,Data,2023,40-44 ans,Île-de-France,12507542,18.318,7.0
3b63bbda88cb1de735f0f3ed07cf6b20378039723ded3184ed8315f7482f89f6,0051a0ffa567180c4d72f2414a9f59e515954ddb4e3db02671539e73e1f0d9b9,M,Data,2023,40-44 ans,Île-de-France,12507542,18.318,7.0
0c238ea08c5f0e86cd5f29b96a2ae5a2a0d627e355c0afe19c4cc8582657463b,ce009722b997d2ed1bc8d87cd3c0b1aacef2ef0c234323c54c90323f187b10da,F,Data,2022,35-39 ans,Auvergne-Rhône-Alpes,8238335,12.066,6.4
24222c45cdf2ac66b0300c170f8c4f366187be3b6312591e3422900bbd0b3740,f374562f9518d42e4165cc304b5fb11f200ac319bebefe7f55de39f864ad07cc,unknown,Data,2023,35-39 ans,Île-de-France,12507542,18.318,7.0
7a1adbc06d05eccabfd868f9570717b7228a526ca158f86e3722ab4947c7dfda,9f5b56aa161085bb52c5e273fbb7f6390b9f86cbf26ae650a9b939358463980b,M,Data,2023,40-44 ans,Île-de-France,12507542,18.318,7.0
0f1907beecaf2ab9d1f126cf328bc9eb9d3bb4aeca6fc894eb5f86a9e02f61a1,6d19cc0c6de804fe69a606bb3e315411fdb624d47e9942f21fb34ce4fb7b0b4c,M,Data,2023,60 ans ou plus,Auvergne-Rhône-Alpes,8238335,12.066,6.4
d5f7d9aa3917379656821baa463eae6c7f1c754e62108599d88c38ffdab2f845,ff1ccae39727f7c100213773ae80f7d9a5c601b63296e368fe924199607b5445,M,Data,2024,25-29 ans,Auvergne-Rhône-Alpes,8238335,12.066,6.4
b8708197e1ae610863002062fc29c972920c51fa8b6efda8fc3f50c1084279d6,3e50425f11c97a184f3d300c8f8a786b767ba5cc7455fdfc4c3c8aa61b57f787,M,Data,2023,50-54 ans,Île-de-France,12507542,18.318,7.0
bf6a101434a407e541e0065c7c8ffdd026c9c42f1c57b26274787133d877a562,841256c61b88559ae83d7cc01740b17c17f2b5a5461c0c154bfbd8eca18be730,F,Data,2024,30-34 ans,Occitanie,6165869,9.03,8.8
db1af66477dda3daf393179fc0af4d881548981b440274b784840fbe9965c99d,41cb5478c7e196d168d24a36445b20437f13554cce30245593866f5a305aa67c,M,Data,2022,30-34 ans,Île-de-France,12507542,18.318,7.0
555f2d7d4874f2ac4c90e14a5fad8a593bd662d8e12745d9fe612ff3d9dd5423,c9099a799780cd73bb76caef557bfdf4cb86d82ba1ff790a59fc5aa5ac70e9c8,M,Data,2022,30-34 ans,Auvergne-Rhône-Alpes,8238335,12.066,6.4
e57596b392aaad52ec71192f7543ba2ad69a3c471764e30317389cbc9d476f23,012c1b34a0d6f516c16d1cad0213e58f1d2459f4eacd374c13dbb9d848ace240,M,Data,2022,35-39 ans,Île-de-France,12507542,18.318,7.0
65c6e84188559d476d025f0b78d6ac4f1a44cfbcb181bef223f3cdc02110d8a1,3e1c70d81f2f8652c1dcb77b26f67a86347ce1af69fb85d1ae9821eb95fa4de3,unknown,Data,2022,30-34 ans,Île-de-France,12507542,18.318,7.0
179354443e310290d02be125592f2d272830623978e44bf94abab2b2c6ed07d6,5d655bb594d20e4de3261c21b0d14a1b99adc0ae22970616d70e5f94434fd663,M,Data,2023,25-29 ans,Auvergne-Rhône-Alpes,8238335,12.066,6.4
4b51e72f37297c7666abdcabb4314dad25bf75503de2343ab3735a77718699a9,a355b587a2e64a4fb6f2720ec7c66eb051e635d21f0627e47967f154c80e2f3c,F,Data,2025,40-44 ans,Auvergne-Rhône-Alpes,8238335,12.066,6.4
404692054e11de5d5124859812497533ecd444e3dd9e326b2c009c659db541f9,a77fbcf607d7409da329191c6fa173de58cb1e07d4175de0ac9897be3f0007e4,M,Data,2023,30-34 ans,Grand Est,5557457,8.139,7.3
2cd799863d4c2b8dcd6ded3762f0e75ebea899585521070e2e81b645d97896ce,047771bb3f79abd0f6c219009eab1b315dba049b7d6168fa3b9319d3f4a75416,unknown,Data,2023,35-39 ans,Île-de-France,12507542,18.318,7.0
b53f0b962f57ec78079b09665460c12331be57b57f23f9994d8009410babfe2e,996d612148b1bd629276d4f383b2c478459b22aed588a7a50cf65259e3aeeedd,M,Data,2023,60 ans ou plus,Île-de-France,12507542,18.318,7.0
849f3055bfe0904e4ef42090c80dfa8caeadcb19b0516c5512aa534549d8dce6,83b27ce3a879aef7ccad31e45f39a752b9fd4454fc8892b8b654fd1062203425,F,Data,2022,40-44 ans,Île-de-France,12507542,18.318,7.0
6dd03067e1f6364985e01b703d2916521b80dbc4043ed51817b1eeb663c52e8d,36cc4aa60a0d10e4b17e89655c2c1418cf38222054996f88ef2103dccd8d4c49,F,Data,2023,50-54 ans,Île-de-France,12507542,18.318,7.0
c0f454d34af76bc8ffde057eba453c69bd68303bc396dfd75df37123fd2236d0,0d84ae2150e49ba5d52eb8c57af0e960cd59cf10601e6f43a069dbc73e102aa9,M,Data,2025,45-49 ans,Provence-Alpes-Côte d'Azur,5252362,7.692,7.9
7935e822768050cd6c56fa032a118e699dec8ad2d160aefa619defd8e92b25f8,973cd08ad8c870f6deb23c6ef917c19d552138eb97cb5ae2329694d2f4347a02,M,Data,2024,20-24 ans,Grand Est,5557457,8.139,7.3
845ba9182b8f09b39b75d3de256a881da04546ffc725e93aea613c0c10092c0f,fed678e92931eb2ebbaeeccb7170a25f28660979df14f5d5386b203a8e7b6a5b,M,Data,2024,40-44 ans,Auvergne-Rhône-Alpes,8238335,12.066,6.4
94fa450e6f5f763a096a0bb534389296f50ed8c196d051fb3ae51ddc07addac0,01f29358483f319b51412e721c42cdf644640814e6c9e2bba7b8a372083f6d4e,M,Data,2023,55-59 ans,Bourgogne-Franche-Comté,2800180,4.101,6.6
b191bd9cdaea9ef2ab5834fe0dc04284084936db5d81793038678647eaa89088,90c14714a415a72c62935af2de9753b67d0a7ec6990109a80f62b346ce6eb33f,M,Data,2023,25-29 ans,Centre-Val de Loire,2588006,3.79,6.9
caca844f2d672962c4ae62b8d019864ccd7c8632385c058ea3ec31bbe9160bbf,c62963d6b43c84590c3cb42c90881811c57420cc3c1e085dd4ff59c1adb9231d,unknown,Data,2022,25-29 ans,Île-de-France,12507542,18.318,7.0
ae0949664c4d0d4fe7664db3f1a14bc839e6e80be6670f9fe7301cc0daab3654,d45329fce5b92ea16fdb23d15ef6d2e8ed35a2b4242bde4d3a3e6ba3186bc865,F,Data,2025,55-59 ans,Île-de-France,12507542,18.318,7.0
d35e6dc81203c2297cc68230a113afcaed91a1cdfbbbdad8bd9f595968085e3f,b2ea0cdf53f94683020ee0b7bbb39a0fc6f9ac0784deb265de7835485f78f74d,F,Data,2022,40-44 ans,Île-de-France,12507542,18.318,7.0
69dbc5c4cc8277d7cc985446566f221727741c138fcd1d0b30d6b094d945745c,b427de73f32997ba5f6f352963eec9076ac2df091342f8ed0b61a4f4a1e4a431,F,Data,2024,50-54 ans,Nouvelle-Aquitaine,6181885,9.054,6.6
7f865599a4236f832a62046a6ec31eb2cad539ea0d9eb721c840d496e5ec7d52,9ebefef9a72bc11c673d19389a5786378f374b8c22cbfdcfcf2ca7ce813baafe,M,Data,2024,30-34 ans,Nouvelle-Aquitaine,6181885,9.054,6.6
cffccd6dfa36dc81f496e35ed84f11a71bc5de3d37e1a591a450c7e606cea877,902cf41fac9ae940667e0d56faf867cdad6cebe333a6b4ec77b4f92817813483,F,Data,2022,35-39 ans,Hauts-de-France,5983840,8.764,9.0
65c181a88510931c2b285d3c125493f7b76e3275bc19639d070af75832c923ae,291066556da47b80e6bdaa07e222d278bcf2115cc09ace8449b4a983bb866bd0,M,Data,2022,50-54 ans,Auvergne-Rhône-Alpes,8238335,12.066,6.4
b3602f36446da23f62a198957fc3d03dd18142dfd0e8707dc54b78752d32f931,f4b0f93649bd0039fa65792ebb0ba03c54c5f0046b3e50be9b74f2dd8ba8c65c,M,Data,2022,25-29 ans,Hauts-de-France,5983840,8.764,9.0
7321606c2f8c44ebd28ecc4656636da18c87446108a3b37bc80afa70e5e888ec,befa4aafea776cb02e4e35083a12cabfa728b76aeb402794fdea939051a1f9c2,M,Data,2024,35-39 ans,Île-de-France,12507542,18.318,7.0
d8c9e9e725946cf4a52a6d982eb9cf40a3a5f05822005da4553489babbe5a5b2,5576072baf57be5f423fef8e7d23ebd31033b5491602fadc86980f7811615b67,F,Data,2023,30-34 ans,Île-de-France,12507542,18.318,7.0
4028a1448e399b7460e59813cd8ea4a4d764f6e872dcf4059a3a1db670798702,442c2c799c04fdd0199bd46390a7e01d62f26697763404c322a964eeedf0d771,M,Data,2025,30-34 ans,Île-de-France,12507542,18.318,7.0
99784c9242f5d9b6c318dda892d4c3b8e44dd3cafba40e767f5b7bcef098c14d,274c91a7624cd36862772b2fb9df96140c040185f7114f55c4ff2ee00652f7f5,M,Data,2023,20-24 ans,Occitanie,6165869,9.03,8.8
008718ac21d7ac7fcc3c26d2b244e6865821967433104d13b0f98b7f26e0dc04,c841c56a59ea0d84a214a480957a46621ea554cfbe5aaafca158499dc1760443,M,Data,2023,40-44 ans,Île-de-France,12507542,18.318,7.0
17c057879275f0915fe8a0a328465b46b54e4a5837816e3f98b356ce6c4425fc,536aa1cd28321ee9aa8733485f0d5ff4489f65b0681a97e25bdb161145eefa3c,M,Data,2024,35-39 ans,Centre-Val de Loire,2588006,3.79,6.9
8026db8cc1a9b488f0d8675143019c756a50082a2f6ac8abc192b7ac460665dd,e3088c66340a3634b2042f86e1771a220ba82cb4b66726ccad8592d20cf70e26,M,Data,2022,35-39 ans,Île-de-France,12507542,18.318,7.0
6372bf193732aeafe23c5e99b78d4b6d23e3860d5e732457f194a27f4c8d0d60,1dbf64d643bc8b76cde63304228cda67333d9bcc48f7ff6777a27ec366f24358,F,Data,2025,30-34 ans,Grand Est,5557457,8.139,7.3
9abdb2e932e48b945aaeac4196bac070feb52a5db6ed255466df14c65bee242d,4ea489e467d5b8723d6e637b0abba34e2c03088497ec785618f70a41abcccf3a,M,Data,2022,60 ans ou plus,Île-de-France,12507542,18.318,7.0
997ce9ad212aec1a203c69294db6f6add0eac7ce609842019419f4ce3343cc07,bc7c057642813da3bdadbad718fbce5b43266e066b9c9c89cca2ad3914971536,F,Data,2024,35-39 ans,Hauts-de-France,5983840,8.764,9.0
b88072649d41c9b4fb47abf5bd155554db8c400a5cbaa22090f6940631036742,fbd1d1610c5045a3e54dff7eaba48072157bc0484fbbb70c5caef2884fb5dfd6,F,Data,2025,35-39 ans,Île-de-France,12507542,18.318,7.0
8cf86af394d9beb922b57e2c7893c125f59091640eea227d37462278cf088ba2,ff1baf3386d6cde585d161897a0be920339b9aaa1f734207f35ea7c8858a9774,F,Data,2024,25-29 ans,Île-de-France,12507542,18.318,7.0
dedafb01946dc5d21a270fe0db4ab59111703aa953c2cd00844d2dff21cf8045,a93632cdb9bc4c0ba5b7a5f3c1c5e87e89c84c4910105d6da668a7505d44a4b4,F,Data,2022,30-34 ans,Île-de-France,12507542,18.318,7.0
d27ccc4b44365ca9abc6f1dd637703bd51fb1d46a515d1df08ec42f62bb45e5c,aec3c1fb659da42e66de8f0b40cec61817f2ee88f2fad496fb8ed0fc1ce67dce,unknown,Data,2023,25-29 ans,Grand Est,5557457,8.139,7.3
2760d246aaf67914ea32132f45720c4c1496dbfe197ae0af8fa83bdc8dd9c0b1,58334fb69d69e5a5d5a15b4137b715b7cc9b603eda8f5fd20644b888e8e41fd4,M,Data,2024,30-34 ans,Hauts-de-France,5983840,8.764,9.0
3b61710f73de04f49c7200603f220714c18e06253aae458544830bfb79e87064,aa58ef12d1fe783079ece7b2e995cba4137042a458f25d07a7019817251b2d7d,M,Data,2023,30-34 ans,Provence-Alpes-Côte d'Azur,5252362,7.692,7.9
d18bc228874438de6718a5eee88333d68d3aaa70819ea85260409286edcbf279,5cd4912815ad9738b7fc1522abf17afe5f112193cac0d19bc2f26f4944b36ba0,M,Data,2023,45-49 ans,Île-de-France,12507542,18.318,7.0
94baa9fa45d3e6583d0c96a2404ae43aa3b63136e7bff6c546d6f50b00dff6c8,6b7b666d73792fa31640dbfab895552ecc40cd1ab4ba4d4ff0876b8ec279d50f,unknown,Data,2024,35-39 ans,Bretagne,3469711,5.082,6.0
0b08f0f33128a6540fcf47c06213f85aa842dbef3a03b25309afa666b148e0ef,aa41e5a64a9946d281c2992a240ad11431c8279588fa740ee756230b2841774a,unknown,Data,2022,30-34 ans,Occitanie,6165869,9.03,8.8
4b0a1a97d9e014afd124ded8182c8e5490f8f065370d3f00dae7975c963057df,b3f07301fe645b5b12b0334696a106e98852a248c9a8e00f08a1c42b2500bcf9,M,Data,2022,35-39 ans,Centre-Val de Loire,2588006,3.79,6.9
d336430564faa3b380365eda9064d73300727ddbc5bc99f6d77420729d149c3d,9ac7c8e5088ddd64609082562c6d12182e22f4c975b499ec3e442f0459064941,unknown,Data,2022,25-29 ans,Île-de-France,12507542,18.318,7.0
d8fc6161c8f50db7758cdf7904d24d4aaecc87f03a9ce694976f1cf64edabd5b,fc7e9e902007c80de4411a96feeb1923e55b22f339b5c9d545e27db48557d1fd,F,Data,2023,25-29 ans,Auvergne-Rhône-Alpes,8238335,12.066,6.4
23bcb19e43c3f374446d481e55e597b37ce427b589d6600d188a418a3daefe32,e8e6fcbbd907d389415fc5a5e1eadc68f4d9a09c39db0984f89787196b3480f1,M,Data,2023,25-29 ans,Bourgogne-Franche-Comté,2800180,4.101,6.6
624961c39d24fa0640a2e87c8e3a61acefdadb68716eaa5e9962429f893d5309,43f30aea75b2fc5f9c03a757d6e7c3fb31f2b21c164ee406c7860bd6206620e1,unknown,Data,2023,40-44 ans,Bretagne,3469711,5.082,6.0
df19933f3499098c0d2f7157b93c5009422e452f5ae97e7973e25f814aeb6575,e8bba791bb066b7b92c50c4ff313cae6d87eed274e07068355f61a86af11769b,M,Data,2025,25-29 ans,Auvergne-Rhône-Alpes,8238335,12.066,6.4
70f384a46c840afc7a9ad53e056f5c13c4b85e9db8c4e28f4ffe4c41cb1fdfb4,571328bdff95ec83beaefc6761a0ef9546b2048f4e365f0a5ba747e2cc272c7a,M,Data,2025,35-39 ans,Île-de-France,12507542,18.318,7.0
1535f968d4151229786c10e7fbe81068a6fb1ca11b24003601c6d8c7ef91bbbe,c6aae8d357debc52c1fbd65903f2529565a5c64ddbe31a9ee597dedf2e93105b,F,Data,2022,30-34 ans,Île-de-France,12507542,18.318,7.0
5626c462c76a7c23b6853e86b94a51e7e4f2d7fe0f38c65b12e39d2e7d55712f,a57de87a3d0e6797adf9771931fdef390585b513125659f79f381bf3b4b436d7,M,Data,2025,20-24 ans,Île-de-France,12507542,18.318,7.0
f8c23646ca1628c4b59bb2c36ebf37f6663e875eddfa3ab9139ceaa582f51582,1df9d4f4fad8ec5fd5aabe723af88131ad393f40747c8e27b8c9914f1a150e65,M,Data,2025,30-34 ans,Hauts-de-France,5983840,8.764,9.0
641960ac7af32db1928e7f4e55cb03031ae92fceccf4404556b50a066a1ede0c,506e0a5b0a54e0ddd0a0a1c2a89821b5b84ad457777d8a153df3726940c64775,unknown,Data,2022,45-49 ans,Provence-Alpes-Côte d'Azur,5252362,7.692,7.9
46bc878e17249685f05f4b84e754cd3f023e42a72d0c856795276103a9a04208,9b41879f99b1f86d9fbc2f1fc22556ed2a18c9cc3d5f75ff28c96b0fdca89c44,M,Data,2024,30-34 ans,Centre-Val de Loire,2588006,3.79,6.9
030b58d9b6014f68a6e3b28ea9ada38793c17673c26367ee2f3cfa11c8365c72,6cd8fdd2b7e2064106690b943fc8aa3134477cfc2b3f5885bdfbeeb3ac2fa25b,unknown,Data,2022,30-34 ans,Bourgogne-Franche-Comté,2800180,4.101,6.6
46312883a94613175e907e5cb76c806730bea6b67ec3139bcf3d2206c788c871,c70c6af4adbfe23039eceedc0b0c6ba9031190f6010f9dda866688aca2f9d306,unknown,Data,2022,50-54 ans,Hauts-de-France,5983840,8.764,9.0
2aa87dc462dc9744e2fb0b35f17b0fc8e4d74170fd52e20789860be32371a079,93757dbd60c276234e66f4e7ab03958410728ad2377f58900f6a31d2bb67ba4f,F,Data,2025,25-29 ans,Île-de-France,12507542,18.318,7.0
1a69e005a283b26fdaca55e6c12e996ccb4ac16307502dc307e116564cfc4be0,ab3d293a9b5d79124e6775f8414750f5d70627ffafd7784a47ae3586993c735b,M,Data,2022,40-44 ans,Bretagne,3469711,5.082,6.0
ff398785328969787d51d0657a3c3cab22b2cbc2ef68f61df778e55860f58c7f,1d84fe7d2513e4b9b881be6367e17c91ecd94890ce73550c4c03315e3f70f75d,M,Data,2025,20-24 ans,Île-de-France,12507542,18.318,7.0
16f8307415e31ff4bbf983c0be4a56a43b45ba5089de3ccd08a4af85c3823b0a,b78e78ca52244a7da62a50f63cb7c79c8d3066a4710f528bef8ff32337489f1a,unknown,Data,2025,35-39 ans,Île-de-France,12507542,18.318,7.0
7bc04c21d2d7d2a40982a49b890a68da63c1deffdc73fa5dedf2da7c7504b2a0,398c19a335915d8542dcbbcf27784ca6d58ba3efd9c38d64cf32b0f61d84b33c,M,Data,2024,30-34 ans,Provence-Alpes-Côte d'Azur,5252362,7.692,7.9
17932db9d1e53b743d98d04154d5d858ec3195c47787b0b034790cfb0db1f35f,451587e69de6e4cd3d2eced90005b51ec0b0716f1e9b0fa357151a274a53905f,M,Data,2025,30-34 ans,Hauts-de-France,5983840,8.764,9.0
264f42b68aa11889163183576057cade22fa857e4f102e2647c726057d497095,6bfe4b7ff05f042dfe519f38972758e8624da122796d7494546cf9be26020446,unknown,Data,2023,30-34 ans,Île-de-France,12507542,18.318,7.0
a8b58d44d101b2614ceb53d56de5f6239484f129ab2ffb2ab18a057bcc061837,2e46618985f660e177dffdf82edaff82b38bcb65962f302d76a740f3fa4ed126,M,Data,2022,30-34 ans,Occitanie,6165869,9.03,8.8
ebaa03f6bbe0eec70783cbc69a987d25284e85db3a50d3c043bf63232136d5b1,83f27e324121881cff968f0089ddad0ab07b73c48d03abe75c1ab66d098cd99b,M,Data,2025,25-29 ans,Île-de-France,12507542,18.318,7.0
856a8ee9949b7dd60a6a2b8e11c82413f6cacdbe8216b29cf817a04266bc030f,f5cf84b71937910e69c3bb58e8dfe61ee680dabe6de67d036da3e1099581cdf1,M,Data,2024,35-39 ans,Île-de-France,12507542,18.318,7.0
0b10d20c5cb112a959f19c3d6cc15adb7f7b9a1c88c9591b99c424c6bb96b0f4,a06afdda6433b9d4ec8afc0179558f3e7e203e250780610fac995a592ba0a4fa,F,Data,2025,45-49 ans,Pays de la Loire,3926871,5.751,5.9
3a90679fbfa7621e40f14c27469666036460f682035444a1d41a7ddf7a6eb87e,c510d60ef4b9de4b733c144441c367717b11ec3fc792426fd1761819caa47bd8,F,Data,2025,30-34 ans,Provence-Alpes-Côte d'Azur,5252362,7.692,7.9
81bf8c04e160ae9a051f89618bcf8dcb7ecb3bf067d424319a481024f29079cc,5b38b1bda848491d23e9f2b0780d990783052519c8aa1e8cdfa86cf21b32ccde,unknown,Data,2024,35-39 ans,Île-de-France,12507542,18.318,7.0
32646df2543e44b67c47d81b331b8d72b5a5f8fcd3ec72ef974e9b02786fd2c2,d247c519760801718c3562202210ef5e0b41e2ce985d74696a3918cf4dbe5167,M,Data,2022,40-44 ans,Île-de-France,12507542,18.318,7.0
14fb65631e9c4a38c02c90cfc678390cce8f4420b68ed6a9ca88fc0c367d0ae9,da46bcfb72807e2496c3f73eee991c5d5317a092b63068e5a888ecd93befcdbb,unknown,Data,2022,60 ans ou plus,Provence-Alpes-Côte d'Azur,5252362,7.692,7.9
566e367604b1d69c8240fa14dc6107401068d40234813113c0fbcd293516236d,73b15a02f8a7d8dc01cb737e0f69c9ec52debf7dc2483c137922daade434da28,M,Data,2022,40-44 ans,Grand Est,5557457,8.139,7.3
17f7deaa3b0bd796a2b4089fcd2bc577c01fb2e96033e2b592046d2be81b71db,1fdffceaba4ac98d145215310c07871b3b1dc330e34d7cafbb57a3d83afada33,M,Data,2023,40-44 ans,Île-de-France,12507542,18.318,7.0
1f0f2930d2611ad818f25495cd9d66d4967bc3b2f49a070759a863ce7cbfb4e1,0680cda618c043ef769831632a9725ce2c14f16e5f8f240deebbfa6737147ba9,M,Data,2025,45-49 ans,Île-de-France,12507542,18.318,7.0
ef1ce151d0e11630532ff9516b3cb0ea6c4a8d152616a7869bdd0cd3d7ea6b99,4aa9557e1d5d9e3b86e9a0b508512c5d2c37643d759cb1202a9999b65c6e1d93,M,Data,2024,30-34 ans,Hauts-de-France,5983840,8.764,9.0
8d47dabeea53cbfc875621107ac07c09f301123f04c1daf3c2660648f0d434d5,7e0ce4848af6e0338a017eda0ed106d7f25ca7322b30fb09e76f4b2d0bd1d2da,M,Data,2023,30-34 ans,Provence-Alpes-Côte d'Azur,5252362,7.692,7.9
7f6fecf6a3cc8e4c78d6153493f0ca3d23b895053b59eb9f40020ca119da7ca4,bec19c81f1746c91b7b2ebf6294250c3a72f65b19db364c9aaf2ebd6962d3fcf,unknown,Data,2023,40-44 ans,Auvergne-Rhône-Alpes,8238335,12.066,6.4
fa976d7183610a7eb01941a0b6debe133c6372e7d93f2baffe79799611b1e06b,523e259f332e20f4bd35883ab1635037cf60dfbc3896b374bafbc38da1b40467,F,Data,2025,25-29 ans,Île-de-France,12507542,18.318,7.0
9a567d1d6e9203434019f843b4e7a8c32d9fe5e853c3e051c205ad45149a22ad,2919e53feb9847d499ef602cee4c4d7573348f0197dd102aeb7a21bc96c1b61f,M,Data,2025,30-34 ans,Auvergne-Rhône-Alpes,8238335,12.066,6.4
f2ff908e16eb25c2a8d2fadf61bda99d2fd9b4d106f9fb207d80887ae23bf41b,91f207f083d2d06428516d7140a01994bbdcf0da8296ccec68ea2a9854f44efd,M,Data,2024,35-39 ans,Occitanie,6165869,9.03,8.8
e75b44f245f8bf2263920f530065b9f833a50d08bf1a0439ff055edb4b56bd82,eb5cf8e0d2700d3b489dfc33dab0b42a1424591dd12e9a7ae5f883a4f31ce84c,M,Data,2025,40-44 ans,Normandie,3348960,4.905,7.0
9618dc4de8423e4003b8a0ecf87cd2303222b3fe33e95d423d503db87301c7ef,5bef55e6286fe9c39b1c749dad0cb274f5503278cad165d049af5ccc4525d955,M,Data,2024,45-49 ans,Provence-Alpes-Côte d'Azur,5252362,7.692,7.9
7113502741b9fc57a09f83d3a5b7e9cd4726578da1439db2255653785912f1de,e09b0abcd942efc2432f130b4dcd28e4280b1ac4e4beafcebc3c2f0e2c95c3ef,M,Data,2022,30-34 ans,Occitanie,6165869,9.03,8.8
da6f658c9d79d5b23594f9406c95d3c6e5bcf98666e2ba29abf7b1addb355fdd,4e2860b3d5e1c347d18c80621dc23fdd9debeb03958ab2c130907b074141918f,unknown,Data,2022,30-34 ans,Centre-Val de Loire,2588006,3.79,6.9
06da3e5dfb1446509ab27ab0bf9c7f7b35e44249bad3d232c691aac18f62605f,5f2aa2304de420adfd36b9a4a6dd07beab06624d9a14834873c3cd32dcc1cf39,M,Data,2022,60 ans ou plus,Bretagne,3469711,5.082,6.0
36060afb1e02d1ed3caa71d637942fa4af61254526ff1154e410030e3839aaf5,9a2ab1679265f6ce03bcfc6bb5494447a5806e238ced1a74d41a9d43c39e7703,M,Data,2023,30-34 ans,Grand Est,5557457,8.139,7.3
dee1d79df988fce88f8a7e9567127ac64288844d63053a574c0606d085e956b3,87b41fec05831c43a19e52e227a7c2eda429d39e62fefabf27b3e9de55098909,M,Data,2024,30-34 ans,Provence-Alpes-Côte d'Azur,5252362,7.692,7.9
70a2f30b848f86f76ecf2b0cc805077d368a7b924ba66484519f9d40d126068a,2a51c9f31009b0adde55c27ddb2fdd07931fbbdc3289f25bce0d65e499053e48,M,Data,2023,25-29 ans,Île-de-France,12507542,18.318,7.0
775ee5b9b0d2efb49f041da30ba267200f0543e236a7d81f3325c6813747b1a3,272a1e8ef1d2b6686c05bb120673b4017cb742a350d73dbf99ead80b0adb9b99,unknown,Data,2025,25-29 ans,Île-de-France,12507542,18.318,7.0
8c984f6ce17517e9a8a14918733f6b88502d3539b84d0d9c6597fce438c6de1a,efa91ddd13ab6686e4ea8c57743632b1a8ea09e18fd2fc4604d0256ea8796593,unknown,Data,2023,40-44 ans,Bretagne,3469711,5.082,6.0
fb1de690383aa4fb1772979e8c000ab485a2dbd7f7943f37eec80ff18a8aa09d,c307abf690fb90df3c1b7c82de0d8a9c877bb388603ffb05e8afee2d8e16cc59,M,Data,2025,30-34 ans,Île-de-France,12507542,18.318,7.0
08f56da9b6092f63b1bf6735ccd341fb5e81d31fd148c643f9e96ac831399481,2725d4732c5d271d296c07f3cac408b1ef85876a862ef2f8f2079bc1e7c2c944,M,Data,2023,55-59 ans,Centre-Val de Loire,2588006,3.79,6.9
a14b889a0d177b21d88623e336d7bbd72fb7d7dcb0db7ded7ec137f1bfca3946,7a7017b8d068c0803878b239544b1935a681d4877a4b2c58912dadaac87540c9,M,Data,2024,25-29 ans,Île-de-France,12507542,18.318,7.0
df8debd1e594aaa4ff24a67864a8f0646a30852ede39ca5969d31bb84e544e45,7fc1c38410ec60a755113dcd8b75112eff95713a24a6fcf57337f6172b3ee22d,F,Data,2024,45-49 ans,Auvergne-Rhône-Alpes,8238335,12.066,6.4
13e72f3c1869c7361c5e86a8b726fdad9b85d9dc0487b4ad318df4f38310702c,02b27b821ed4b22f9c3b6066b4322a74815057a9fe3e5591f6780265a9dbbeb8,unknown,Data,2022,30-34 ans,Provence-Alpes-Côte d'Azur,5252362,7.692,7.9
b6253cce7f2e843f17b56ffc10c0c8d54b00bee0851d2cab54a643cd76b491e3,b024f4f24f7287514d34fdf6b1232005f419b6fc31487bb29a920103e88de1ee,F,Data,2022,40-44 ans,Île-de-France,12507542,18.318,7.0
7f1d089f473d0f7e3bcbf02ea62702e2683c368e3af8a84a5c9227175b2a1d47,5750fdc31623219621e73c8732081b8a222e478cd4eeb7298778400446cbeeb3,F,Data,2022,20-24 ans,Île-de-France,12507542,18.318,7.0
cd59ae6725647563d8aa882c8696da83347d4416a6c1f1f53a29d48d379de8fb,72114c5a49dd992d55d9669fcb87bf44abc733146a0bdb9cc300d82511037e02,M,Data,2023,30-34 ans,Île-de-France,12507542,18.318,7.0
a61185f9cf7fb560f11eeabba2d1e1aee6ac2952e6aa8f810a0578a73df927b5,b41dccbb671c61cad9197cc67efa2c1d5a1a9df5586fb0a4378dfd34c589cb40,unknown,Data,2022,35-39 ans,Île-de-France,12507542,18.318,7.0
e51b26763bb4f500f8a803c6e76bdf3164c4a054a2feacf04d6db00f23305da1,cf6dc584af7a05dcacf113ddf64e1010e65b335e33c91cae68b7ff36622a1082,F,Data,2025,25-29 ans,Île-de-France,12507542,18.318,7.0
67873a2815c7578f8ebbd205bd4594907036f8bd3cc82fb8fd41d17cf71e7f4b,910e59d6717457ae105405a3f5823d0e22791db65389145942eeb9f0b6422950,M,Data,2025,25-29 ans,Provence-Alpes-Côte d'Azur,5252362,7.692,7.9
a4544ab01b1a79b0ff2fa7c4b8d7c28a6f0aed6f24e8837e4175aaf502e8034d,1ce87ebfac92040a1db0f72ceb15d774f82f74f01b1efbedb03cf8cf464ef051,M,Data,2022,35-39 ans,Auvergne-Rhône-Alpes,8238335,12.066,6.4
9234070f8a64c4a06f2fc15f0095e4d3eb052c4104fbe693cb2e932a36e5c856,151330ebca85751f00765b6c9fea334b3d510207354896d628e39e8818a88c9a,unknown,Data,2022,30-34 ans,Hauts-de-France,5983840,8.764,9.0
5a6753008ef8c5ee687b96f525e14c643f8f6adcc7452204b65c09f3049ec0a3,310e30181e99fdeb03f79cdc80da3212ac566ac7027904d97cf0c7766cfb935e,F,Data,2025,45-49 ans,Île-de-France,12507542,18.318,7.0
aa38fe9644b9709e526ba67fdcef3a840b628429de13eb21d3e600b62699da59,736718e98468ba2adcaab3ec407e23eee7bedfa7cb96755df9e2e850dfb66b4e,M,Data,2023,45-49 ans,Île-de-France,12507542,18.318,7.0
12a5dae92432c0eb759e5c48f0304867993932e4ae0171671f371d4f9c5aadb4,a5f233a11bf8b8e72ba027f1224be6b8b63bc35e0f69dac4ae14628488df9ac1,M,Data,2023,30-34 ans,Provence-Alpes-Côte d'Azur,5252362,7.692,7.9
8401cc7902aef3886d4f0a16e4e83820915fec4ae3bb1c1b84ecb72353203fce,dc134aa8d7fa582723eacbdbb0aeb7e18616a6304bec4a2bc10d140af0335515,unknown,Data,2022,45-49 ans,Nouvelle-Aquitaine,6181885,9.054,6.6
afc1fb9465608dc047109847fea93d87f5c6a1f06abb9ccd5da6e897924681bf,2b89a713598462831dffd787bc81170411d7ea2c57091527734fcca5ab60b33b,M,Data,2025,20-24 ans,Provence-Alpes-Côte d'Azur,5252362,7.692,7.9
9fe03822be0c273110e9a7dffa265bdd9abb2a98b38333660c2e1eeca92df2ad,28716082c0e48e2d906c6cf3af40d2698ab6d8325942b14b854519b37f68ae21,M,Data,2023,25-29 ans,Occitanie,6165869,9.03,8.8
2220d4a8717acff7bbb0c088176b337acae36bebfc4cea65c82d6955949b2e61,e7efbe34b5b39fe058e058725a38c8a56e069c3aaeb7a2afd0f0ab974e59383e,unknown,Data,2023,25-29 ans,Bretagne,3469711,5.082,6.0
0ce254f5c2e1082fdcd42dcc332325fd8f5e5ad3bd6298d754547a3cc176a083,c022945ed6990103c0d112a2c58dec0f743791103989f94776a3af974e5a68ba,M,Data,2022,30-34 ans,Île-de-France,12507542,18.318,7.0
cbef9def9f4337637b2e890298bc190f01a594a6ffc6710e92e64b6d8bb727fd,dcbe12f536c9fe8c8189cdcd42f668b5345d098921095a5d8b5aef9703250ea8,F,Data,2024,30-34 ans,Île-de-France,12507542,18.318,7.0
8905285a134e30ee8e93daa109b6d1f5f3006362804657e475e65e960793d754,f37bff20a056e80f7278dc03c6491a1cae1af296a0b89c290c7846c370b8955d,M,Data,2022,60 ans ou plus,Île-de-France,12507542,18.318,7.0
a002777a2c6e360d459bdbc66b671b24f74e3394d39eaea4481861c7a8f5f277,40df590a9e541493aa7f3e1408d8c57ae72caaa95910fcef0ae31445a880e57b,F,Data,2023,30-34 ans,Île-de-France,12507542,18.318,7.0
62f62ac521c8b2d5d6e30559fecdc546d426d8f0af611138dc469bf9137f96aa,a1a124cce2ad50355986bb132304c2c2a68d59e1c30c5f35e55cc4a39ef7c7b3,unknown,Data,2022,30-34 ans,Île-de-France,12507542,18.318,7.0
0a2a3cab00bf724744a7966f7ff5624031c498f1c8bf9dab429ef16ef8c890ef,2df093dd0570bdad5d881eb52ee5624638df48b4f56bfda2ec9925cf347f649d,M,Data,2025,25-29 ans,Grand Est,5557457,8.139,7.3
0deeffaa6c3548e24f0ad88c27d97c1badf754108a6a187bf774986a243a00d3,a1f23c0c9f7e5c407bb4bfd23c92b970100f867bc6fc21ca6b1cb36a3ecdf3b0,F,Data,2025,25-29 ans,Île-de-France,12507542,18.318,7.0
8bdfce94982df5b5d0db32c676805a6f2abce16ecd48c9dcd71a2766ea47ba34,f6005c264d2793a6d83986d911b550c10b8bf416d5b5f43920f7dd34a7dfab0d,unknown,Data,2022,25-29 ans,Île-de-France,12507542,18.318,7.0
e22748581956ff3737731b2258bcfa63816daa8052ece40fc1fdcd6d0e0a7b74,9b450d7c8f476dd29e16133ef46d45ff29df6ad207aeecc43f66f0af8124e5ed,F,Data,2025,35-39 ans,Île-de-France,12507542,18.318,7.0
eff10ecae967223d55d2c295c965373b1a07e287b2de1f5ae1df3037bcfb3f4c,46e41916a41f8a13553b598115303afc3268b2a0340cccced437307211578e34,M,Data,2025,35-39 ans,Île-de-France,12507542,18.318,7.0
ea8e949be5cc722d4dc9abc12999ba7d74af197dcd9302b580a20b1542a7175b,ce6938b78f61d88707acb242b569dd5796d8d6d3e4fc4b2296c04533befa6382,unknown,Data,2022,35-39 ans,Île-de-France,12507542,18.318,7.0
eb97fcee06592878bbe96206ee933d53fb67b3eb660edd47da97a8b729b548a9,2604962795c8cc0f7131ad627dda1bc943a50db0d107f03d9b8bce58df1ef918,unknown,Data,2022,40-44 ans,Hauts-de-France,5983840,8.764,9.0
66af926a18dae17418038a527c2ac423ec82776f0c2eeedfe8324079814001b9,f06d1e8e83a2698eab577b3d9c15cb13a0de84dabec41e8fb1d7cc7f14a47f11,M,Data,2022,30-34 ans,Île-de-France,12507542,18.318,7.0
df09de99d142c4df2d37653545b53990881a72a061b219f4ff9d174988ce8b03,38788632a12153566c4b98d7cc721415a0a48b1c65e087aea44278ce97076bde,unknown,Data,2022,35-39 ans,Auvergne-Rhône-Alpes,8238335,12.066,6.4
456c69caf9a3f2fd84f321fcdd394bf566d9bbb62c3178689a90b89f2dbe1154,684906645cd655a2a8645a25d308910046e4e8ee46afe7d8f4737945b1a05751,unknown,Data,2022,30-34 ans,Pays de la Loire,3926871,5.751,5.9
8a1e32bf49e3f2566db6b8cc1c405dda1b7b4c90dffea2b95ddd0cff2f39dbeb,c84f2946600fa8dae59098088da6e6332259788993ecfb7edc8998444cefac07,M,Data,2024,20-24 ans,Bourgogne-Franche-Comté,2800180,4.101,6.6
7442bb25a1f1ff4a1c6ab779377f263d0261f5b73f162b5e7cd35163119fff75,fa2c66d59442a9c1da14ddf5ff01f2e94c8a0edcad96e9b059d45b6dee2e57d1,unknown,Data,2022,35-39 ans,Île-de-France,12507542,18.318,7.0
0776b7d7ff19226ca7111e9c7f91c0e299d4fe58a36cdc95049e5978869a0e79,affbcea8b85d2662348e590628911690cd01f3ad052b2227629c9d3d0bb85663,M,Data,2023,35-39 ans,Hauts-de-France,5983840,8.764,9.0
e81f15bbeb2c95245009e49a9852faf8dd236557954ccf128ebda61625f213bd,5a104e995fd9861e392e6e78c0d23e4ef7882d2a2d81c54f2c2da585ed3bc0cf,unknown,Data,2023,30-34 ans,Île-de-France,12507542,18.318,7.0
5c668ce22438f1d6503b7dd10f487c335018650e212caff6763e36e09dcb51b3,096d159419a65e73567570628cebab979517c17478d2ab84b275f52a71293abd,M,Data,2025,35-39 ans,Bretagne,3469711,5.082,6.0
7798ad5b9aa724d369a6e20dab56711931c808466e097a83b7d1bae4d6c3f98a,9c808716b639f9b26b85a17a55c617e05372b8f1f2f039638e7b3a16bbb14629,M,Data,2024,25-29 ans,Grand Est,5557457,8.139,7.3
a2530f7632ce3cc1a163f6d47c7367baae108e6144c847e8a2e6500658838aac,0da33de97c3548f3640d067a7e100c86ce6659bb2efc61c02a75f2bf84376d9c,M,Data,2025,20-24 ans,Bourgogne-Franche-Comté,2800180,4.101,6.6
6f9578ab196cd06189de942b91e8946761fa5098cdd6fd428b596748a9511bd2,4fc9ebe9ae722607810ac813311fffecf209e82df78555bb8040265b6dced859,unknown,Data,2022,25-29 ans,Auvergne-Rhône-Alpes,8238335,12.066,6.4
4caf3b92d0e6824a48aad7bdfc7a264cb07c8fef8ee7c5985668653b12df2109,48cf82e090f542a0e517130cf9989171075cb439daf8302b4fc92030ce52ebf6,unknown,Data,2022,40-44 ans,Grand Est,5557457,8.139,7.3
c7ab9bd96bf52bc2f4d9a999628ccb38ce332199cf296d6e571b34c98758c7a0,f42227bd5dee2ebdf5a227aaeef1bb2abfc19e8a45dc393314bdb4662f2bdcbc,M,Data,2025,20-24 ans,Île-de-France,12507542,18.318,7.0
badbe609043385dc55ae648afc7f92fa1c2acc963a0ff1a003da4a2fb39e3e8c,48cde855951c9695015c8c2791b5ba7062ddd55dded633c673271c1be083945d,M,Data,2022,45-49 ans,Provence-Alpes-Côte d'Azur,5252362,7.692,7.9
b7c2ef64423cd1d083aca3368db3f7a84851686b19312fcbd5b5f7b046ac5cdf,e7f305a30ccde1227c5785d15afe5769aad817c3c7f0776a021c50e2aedc371f,M,Data,2024,35-39 ans,Grand Est,5557457,8.139,7.3
45bbb790d7742cc0807bb43c37e014e59c790fafdb6448b3ccff9aad30fa8d46,da886ddb84101cdedf08fab58ecc0f251b7dfb37c004e8094bf5271d6e9e139b,M,Data,2025,35-39 ans,Île-de-France,12507542,18.318,7.0
cd6c6e7e1803226c19e96c3594c80a11466f77eb55089b3a0fe3e8035175500d,c88fc4502f78622f1cdd5c2cdf154ac08f117a9cd6bec1d66885fbff0dd2d3e3,F,Data,2025,40-44 ans,Île-de-France,12507542,18.318,7.0
9ed924feae3fb2d54bbbfb9476405881079db8eb54533d71fe8f3d9a596179c6,920b3c01485e6a11138d75a825cdb0af2f1de58e0846eb6bdb0fdd5f2f2eb534,unknown,Data,2023,30-34 ans,Grand Est,5557457,8.139,7.3
b18fa200e10bdade165e8dc6cd79a1b4145d739a9141ad0122f9df072b75d235,774069afa7f92e8b94ddec5ca754c6cea1489884779eedb5366b4ddb3c766cd8,F,Data,2022,30-34 ans,Île-de-France,12507542,18.318,7.0
c70f00d016e49e3244ef86b5d23754125bf997ab523c1269822dfdcaf55d71f8,b966a1f3c322f3339985a051da00c461c34fbbd23a54138d0e8ff560522ea18a,M,Data,2024,30-34 ans,Île-de-France,12507542,18.318,7.0
9555269713f519a07bc35513b7d7d5279eea815bc3de1ef5fd19b520029c478c,f101745f5f2ce9da51802fdfc50cc3acd1579b239283a433076ede93b362bc70,M,Data,2022,30-34 ans,Grand Est,5557457,8.139,7.3
061e80edb9dc6c4e262b81f79160e0eb9067956839f25edc52f05ef18bd0accc,7aacbfb737f394242396817a10052ecda4ac5fa47ff721773f39e0766fbbfbce,F,Data,2024,40-44 ans,Île-de-France,12507542,18.318,7.0
5932a25ddcfcb9982b2cc4465c06dba58d4fcf1fd3ebf2154861d2cc782c0c5b,6e61f3fe85c5c62813895ecc184dbba6f5eca0e1dc804303143ffb50f172dd38,unknown,Data,2022,35-39 ans,Île-de-France,12507542,18.318,7.0
2feca2f71864d68fc0b395c676e27d04c0877454eb8baee9a36f6644b2afc388,c6013ef32224a9b248bcae2a294bec82ce72da387d89de2940bc7de22902cba7,M,Data,2025,60 ans ou plus,Auvergne-Rhône-Alpes,8238335,12.066,6.4
c0a1fbe1cf7043a948005e699745cbba0576c313485e8098b300c61033ca09fe,067a61226f27f0498a19e6195d60e26f3aff1c18e514da888f70413d1d3cceba,F,Data,2023,40-44 ans,Île-de-France,12507542,18.318,7.0
9a38f9125c95b2a4b013556cdc2a1dec04b156ae71e4497d204d462a2d28b297,fd31123415d2d9a75e10c14e1463f4b2f2cbe1a1d0dfe2f39e98ad9e8dd7806b,M,Data,2022,35-39 ans,Île-de-France,12507542,18.318,7.0
9e2940f32e69f76de35c67753a5a4f0e274251285cf6a2a00a86aa77b296bcba,aa1908e27245b2aecdc5e1513af5c289f936e54dbfe15c8d06f254ec5145702c,M,Data,2025,35-39 ans,Provence-Alpes-Côte d'Azur,5252362,7.692,7.9
e5cf031e5bbeb372f6e5ea0e71fdfb4736095f117c9eb13838b928a93059644d,dc1769b47f1c67d34ea0e7c7c3da32bc013d974fce9321484e4123d28c8efc46,M,Data,2023,30-34 ans,Île-de-France,12507542,18.318,7.0
4fb1d66740bed0d8b049d1706b1ee9654131646d92a3da376bb13c8d797661c3,9892ee3a5ae9213ce93eef045febeafd40921e28d2a6e55bf920bb763ac98536,M,Data,2022,50-54 ans,Île-de-France,12507542,18.318,7.0
4336655c494bdaa79eefe28521ac97b98da4743f21f01c0abdd156485ab58f56,2cb0be4773a99c33f3ca10202b5bd28e386bee08f6c75b6fa028d3f0c837f63c,M,Data,2024,25-29 ans,Île-de-France,12507542,18.318,7.0
a4dbda22f9152291c8e4f11330826881608c605e7db979df629ad496b977213e,f5cf0875dde69ec406c1f1d917cd48146efff2311e08f04a014856ca33c32baf,F,Data,2025,40-44 ans,Centre-Val de Loire,2588006,3.79,6.9
e85b54c265295a393fb6589e9e2824c254c21a84e82c1a482fafaba709cf07bf,d2ec890e022d0957ad3920537ab4b6919e3bbfc8eb774db53bf3b4f6a679d3c8,F,Data,2022,30-34 ans,Île-de-France,12507542,18.318,7.0
d8fe62f0c75fb52855c1c2dfaff0af4a3acbc5bf75190e3c0e6e1f6462e3561c,37f34999c50dbb60ae8a8144a5f20b44454b6f1b8671a76e74d5238c42245e58,unknown,Data,2025,35-39 ans,Île-de-France,12507542,18.318,7.0
236da5505f8bde26d8fe6a02051f919d9a3120e96451619e4ea3cf5e78e9040e,d69ee2cbcc18cf217c5031328d1ccb0085967ba89b062861d1f046d4e966f60b,M,Data,2023,60 ans ou plus,Île-de-France,12507542,18.318,7.0
3ad51a79e4155d07a4b6cc365643c2ea5de97b42e5f5ba7057cf43474c30e289,ed51c7050b3395d999f657b83e40986f86d707c32e42e19d86001dbcc7183327,unknown,Data,2022,25-29 ans,Auvergne-Rhône-Alpes,8238335,12.066,6.4
2ce1dda7f0f200d387715160c8ca114d8157b7f177d3f3ab692b6e4c7da1e218,d4b7571989f92c22fe72b0431a1db483ecadd3d9e0bd24023032818db7dc3f0a,unknown,Data,2023,35-39 ans,Île-de-France,12507542,18.318,7.0
6ce9e5635746fe9a714ea84990095f7a200fcf942742c4b352472fc47c45198d,3e695f823629e5543977fd6311a5adb27a7c3ece6ee68c108947f30a2f7e6d68,F,Data,2023,35-39 ans,Île-de-France,12507542,18.318,7.0
4fbd21334932d465bbc6f5e50c660997867ce69d845dcfc4ae0fefad399dd863,532c671ae1e9221176472373cd1a9832b8dce6ae7ac683f4579225e7fdf4897d,unknown,Data,2023,40-44 ans,Île-de-France,12507542,18.318,7.0
8b24fb38a9f55613cb8433665b07ce033c7ba47e644e18bf80039afdccb4e558,6606246fe26184832c9d8fd72886a45851a3c882cee3b564eb923dd51d3e1794,M,Data,2022,35-39 ans,Grand Est,5557457,8.139,7.3
f0c6049d9f44611a89be86a529eeea9c26ecde392a9540f193aa5d271d0720e8,1efce353b75bc143854f965a22db8a9ac9fe7569e88dba100e028a3c40ec5cd4,M,Data,2023,25-29 ans,Pays de la Loire,3926871,5.751,5.9
c2dca228007c8177f143f1f5c437e427aebe83edbb201c09ec70bc403ac3a065,8d2123be4d480171529eb87476d4733d9119058d34f045feda5b8dc1757f985d,unknown,Data,2023,55-59 ans,Occitanie,6165869,9.03,8.8
a04be309a4698f657e7c1cf3f75ecfa29aed17e92c78437eeefd9dcb2895b520,813d7403605d5a917f55fa3dec262ceedc8b1f88a39f8860595026f1de5cfa4f,unknown,Data,2022,40-44 ans,Île-de-France,12507542,18.318,7.0
b3e90612ba4dd841a7e3451582698b67368802bfc7ceb697e9d19ee601072ff4,00d33f2ede4cdb004f05957cd99ee042eb10881dae2ff35a60eaf80dbd75ba72,M,Data,2023,25-29 ans,Île-de-France,12507542,18.318,7.0
f767fe9508ccb9d7e49d1088be6da7a5cff155b5430e0b330c1896547f97fdf5,a8121df3bd2fc1077626affa4960d752e0ea578dd5e5d8934eb46f467aa4d05c,M,Data,2024,45-49 ans,Nouvelle-Aquitaine,6181885,9.054,6.6
b0ddf2b7aec7e9cb77befe964f6f13d0496b58b9cb7e83b4bc056b973782d7e0,90e886f550f0f895b9860842b5a680a13885d29e64b79b3e05f6dd809792b54f,unknown,Data,2022,30-34 ans,Provence-Alpes-Côte d'Azur,5252362,7.692,7.9
fc27f22858183044d732ae97559e63b90fb21d34def2467de64657b6b5ac2778,13c0a9eb9c23b138a7edb34d31df03cc238302d3ccc5077dbcb96edcde2d9069,F,Data,2023,25-29 ans,Hauts-de-France,5983840,8.764,9.0
00201a56c2ccf7d2df2cd607a70e1d5364f4762abfc1efdcaab305b379570152,ed2eb88456e79f6a41a508d51aa2b457763e0157178c0b76cafccdf2aa6a6212,unknown,Data,2022,25-29 ans,Hauts-de-France,5983840,8.764,9.0
f69dfbfc554679339563a64c39958973b173baddc5381ea7b6948105ddfad101,66a2aa470f9b40121f17b2d158169c795a5dfd8ff487b5ee38ca770d47ccb81c,M,Data,2024,35-39 ans,Occitanie,6165869,9.03,8.8
90a472414fc484368f221ea154d7a874ad5c86d8a208d050ac51f08dbea711ea,6ca810d35984fa57353ab9c2ae7404d740c631d56c83d8a09546e5f1d83041e5,M,Data,2025,35-39 ans,Grand Est,5557457,8.139,7.3
967b5fff70fe3ed435eff7198e01308df2573c6632d2b8907baa11073477739b,c562a2f6f447a91d2bc5df620d943938003693220ebca4b031399162368a9974,M,Data,2025,20-24 ans,Auvergne-Rhône-Alpes,8238335,12.066,6.4
719a3d501e2f24a64bfd3acb22603c77b92924abb238c4ba03a47ba327452587,4adc0c6b77b485f9f6543bc9b4d2644f11a2311e486030c6742c58422b5cbc80,unknown,Data,2022,30-34 ans,Île-de-France,12507542,18.318,7.0
257b04eb4674187f87614f034ea1317f616cf09cb604fe03016d2a3b1572983a,b43d8071cd14d9b11e60281823ac3c2ad229e57fb883d70a2a374de867acc2d1,unknown,Data,2022,35-39 ans,Nouvelle-Aquitaine,6181885,9.054,6.6
976203f11b6ee61aa2f0b6781558a59b5f5cf5ebc2bdd1b521b20846dc88b136,1f0e1b3de32a6b97e01811dd5e865007a3794637eb71bd0e17282c961c553cee,unknown,Data,2023,25-29 ans,Île-de-France,12507542,18.318,7.0
260cc7c6b53dbd27c269bde1931a4f02de3bde45b45839d768b42a50f2430032,d255391566bfd8cc0a9657fff89f8659e281f379c3aeeca0ed9e5e5091306097,M,Data,2024,40-44 ans,Grand Est,5557457,8.139,7.3
007a87383c75de1d20e53920b90f31b7f386346c1923a0d3b9c155b1a0fff610,ed49a609238aec1314ff5fbd8e2eaaf3619b03deb82a03c6f7f50b787e6dc633,unknown,Data,2022,25-29 ans,Île-de-France,12507542,18.318,7.0
532ca670744d23710a5bf424431f64f6dc817a00d4df358d4a268d6c0f946310,c7a3e3def906a6987e2e29fb1afa0420ea39c0f1ad9d3b568f763248c2aa7cd9,unknown,Data,2023,30-34 ans,Normandie,3348960,4.905,7.0
5cfb2847fe71a2e20021d8838a0f43f3eb11d9b31dde752ababbfd08d63bc4bc,76aa3cc6ccca6b63fff9ce7d3e3e809ba12154559938c504f2ec34cb8eea50dc,M,Data,2023,30-34 ans,Grand Est,5557457,8.139,7.3
0b84a1f3817938f3f034095bc45fc4cbd46d3a7116d92e20f9d20bd64f180fb3,0c5b16e12d111aea85869246ac40bd3fe7f789ef2369654417cecef7e36be01e,F,Data,2025,50-54 ans,Nouvelle-Aquitaine,6181885,9.054,6.6
5f2491cec145cea57380bffdc5697ab943ec83732a562e3cc4ae8bc2d93f8d15,beedee60b26d936b402beed698509355d0a3a5732c1b4158fe48e1bed28c2f24,M,Data,2024,45-49 ans,Auvergne-Rhône-Alpes,8238335,12.066,6.4
cc3dd4e45cd956e47365c9276a8a7d6f3bbdf34ba7f775793c56f47d098e1e47,ec3de631e91de48d14687a3afd4efab477964d32570b7cba7ae401f0d79a0b2b,M,Data,2023,25-29 ans,Île-de-France,12507542,18.318,7.0
4539eb909838e9ca9d7b96dfee425b11b07967a22e2561fec0075d1f7caffd07,5640bbec1d454c4a83e787169272907cd65880ac4cab259a3205ae62f1d0ddfc,M,Data,2022,35-39 ans,Nouvelle-Aquitaine,6181885,9.054,6.6
634b64f775cc2279ea1f4e632efb82e7ab2a1fe5b22c875b3a2d1e117d9db8f6,9de1a4b73276a1b88beba5244c2b1ade931eb0d06e8bbf9f38bfd7d216fe76d8,F,Data,2022,35-39 ans,Île-de-France,12507542,18.318,7.0
1cb5650575242b1f60fc758e7fcc81ab40932653f03b6794c6bae3e2c2e91379,39dd1948a6d5280d276e21503671cb2e6ea41390c985ec3ea412d3cc845f51ff,M,Data,2022,60 ans ou plus,Île-de-France,12507542,18.318,7.0
a90959439a2dfad94d279cd4b121af3563864d803c8034774c1f220806e62cc4,d1394199082881d064a9ad7757f458e65c278c29c84d7da51e9c29ce2050c797,F,Data,2025,30-34 ans,Île-de-France,12507542,18.318,7.0
3020804e51357be3c8d5d6052fcaee06336a04867f92f27ecf342588797ca9f5,21d095081bc13d53c1dc434dea8be3a457c79fe610210e1f4c800520a0e3d0cc,unknown,Data,2022,50-54 ans,Auvergne-Rhône-Alpes,8238335,12.066,6.4
38d93d144520171d9bb556028867202563bb7537cb3c986d2feba3f730217328,743f01243cc35be25385d6e0339a98e4efa35e9a69873a3ee1be52d6579b43de,M,Data,2022,45-49 ans,Île-de-France,12507542,18.318,7.0
327ebb8e03ca526c7202414462c73d6c6c7bfa6db758393fb2e5dd38ac70354b,b45feefc1dc87a7b1bf94b8925e947a021d9b9df6b3db9785f6aa21dc799b106,M,Data,2025,20-24 ans,Auvergne-Rhône-Alpes,8238335,12.066,6.4
3b22114aa9861bdc7f54162638f326757edda854f9aad7d60e74e26baa357e46,d2be2df6cc2b4d5a93bd7d5116eb80c82134467523f523b44bff945f6da4d9cb,M,Data,2025,35-39 ans,Centre-Val de Loire,2588006,3.79,6.9
909f0d8404091df4b2f148894bb27074cb1b8dfac3dbdc4d7f1e29e9231bb05c,72edddd7720cb7835121a86fb36afd22e04e6407fab65e47660995e139ea8003,M,Data,2022,30-34 ans,Occitanie,6165869,9.03,8.8
73a03bf42b91488b23afc79934739b60d6f34845730c6c16aa97b5c73f6591b4,94d5da4551eb929290e0f57166e53c74ea04cbd075ed31d0bf273b1e9940d572,M,Data,2022,45-49 ans,Bretagne,3469711,5.082,6.0
d0c41f25264299a9c7e83ffd3305579ca88009395620f17ae3bba6ace700e460,7d452d6fcb72b122505c67840e71ce5e2de218c1cccb52a798a9b0cac458ff83,M,Data,2023,40-44 ans,Île-de-France,12507542,18.318,7.0
c74a5b317590060cbeb75cace54fcd40bc85910ea471eb4f3b7fb721137b2670,1cd64d91b7406c50a1d2c0bc3e1f619ac4e2daece24f09740e3801daf0804bc6,unknown,Data,2022,35-39 ans,Île-de-France,12507542,18.318,7.0
0ef2e49e7b4c91b1731abeccba911cd863fa0f6e3071a49e9bb5e02496184a88,d11028d06fbd83d236ad2e820bcee57d12a41cb2aaa6ab30faa9301eaa0ec465,F,Data,2022,50-54 ans,Normandie,3348960,4.905,7.0
6d73ad78089f3fdbe2b68c700de678013159813a065dc3118c55024b680275f3,4513d3856a0705cb25544f7b430499757280c2a410447034c2d2a7332a3928ac,M,Data,2023,25-29 ans,Île-de-France,12507542,18.318,7.0
190a55844f719bdb5db7419453290796eb6afe932a14d94aa6bbc70b25db19ae,fd4b642b896458580388c905fd8dee7e57bafd214b590408d5e9564cce6e750c,M,Data,2024,25-29 ans,Île-de-France,12507542,18.318,7.0
ba062a7102c83a35599a61e4449fbd0438b5ef9a32499dbf97b75ba061fe8a17,c429b6ea3cf215e5f3a3cf17231ead5f69a6aecdd035d96fc61bfb5bc8aa1f83,unknown,Data,2023,30-34 ans,Île-de-France,12507542,18.318,7.0
631b276fd865865424801567e5d0e7224bc3e4b647c5720b921767022d99ce54,39237c27918f34b125009654e182fceceb09c5ff08cb1f719a0fb5379827b4c5,M,Data,2025,45-49 ans,Île-de-France,12507542,18.318,7.0
2ff0d0fbde6ad9778ad6c7627f0907c230c32c1e23cd792c232b3b0ae94a7794,5884abb8c37b8fb080c8de46db1a7a75eee52edbd51a824574d24e6d63fd1f07,M,Data,2022,30-34 ans,Île-de-France,12507542,18.318,7.0
2ac4409029db72f6af8fa7acb5461240bc2b8cc6f893fc4bcfce229902bf9c9b,0b4b97fca841e58cff848bbafaaef6da734b972b35debab78ab9d2b8352f1f69,M,Data,2024,40-44 ans,Île-de-France,12507542,18.318,7.0
4f38e5c10e09197778deadac0f8e2e64ee2204ad34999884d777c98f77329190,fc29f689a814bf17739cb20ab34d6fee829316b096275ae84468d1884b194cdb,M,Data,2022,35-39 ans,Île-de-France,12507542,18.318,7.0
6449574691056ac22499015d8c63d815c8ed9425768c74ec277750bc4611222f,2de9ee2cb6097d7ccf9b4dbcb31908343b96e420c47f7d7bd527b885c6737ec1,M,Data,2025,45-49 ans,Occitanie,6165869,9.03,8.8
3d7d82b1d8e3396d338b1b4ed34d33c033d31d5d673967468142c7dde9ffc0fd,3de5ad1fcc3bd71700c2985b27fc1a7956e947eb0ef783b5eb7c784f28725800,M,Data,2022,25-29 ans,Nouvelle-Aquitaine,6181885,9.054,6.6
9bada2416dfc831ee37f1fab06788b12f803ba9d73d1c80b5f09a2b9e6e7c6e2,75526d8f60555d61661c45cff2d19f037739206d3aa3c1a664263e9c2ce04133,M,Data,2024,35-39 ans,Île-de-France,12507542,18.318,7.0
f2e98639489078e0c1ac8a010b2926cdd5cc9cbcc7387c4e450fcc94170dc797,686397c48d010a502f47fd3a3f6821a11a741e9386b64b89cec6404cbaec5f36,M,Data,2025,25-29 ans,Île-de-France,12507542,18.318,7.0
ed832d4f583a489657a67fbdea192f664e1a1b375ce310bbf62799b2d1daada9,83fc867e17fec3282f822c14347ed788651c1f61627ab5b2c9b570962c4c1264,M,Data,2024,35-39 ans,Île-de-France,12507542,18.318,7.0
4fd3ea831c92c4e8ac6e73d1bdb1118097529d561c3840e341f320504238c509,ef4f72336b98b2771d2b4fd60865f453a7edc9d31fd8e93c258c1af7a1b63f89,F,Data,2023,30-34 ans,Île-de-France,12507542,18.318,7.0
38c79bd0d8ba2603678f827110c8b4ede09a7d914532468f35fb686794baa5ec,370d2b568b683b52f92d3e1ecd9299701124951cc58b95a31c4cc9e9d8436b30,M,Data,2024,25-29 ans,Auvergne-Rhône-Alpes,8238335,12.066,6.4
2e6979e3bec636cda09f993c1cf79c9903c7ad696f09bb77b54b5654b71c3ec0,749bfd9f750db014d2b99c2d17a7ef97a6525b74fb4392404cdadb7b1556bf29,M,Data,2023,45-49 ans,Île-de-France,12507542,18.318,7.0
815b80ca386a459872d951a6a6088eabf2b9314ae2ae05b95fbc290418b4b3af,484a39bf1d57518d5b51d091075f1bed2b3b28d6a132fee678fa3b82708e91c9,M,Data,2022,60 ans ou plus,Occitanie,6165869,9.03,8.8
335010d19fdb85065f7d5b871dd11767d6ed147a7c22e2b70daf7bf5301a2730,0cd9b28f04feac6dcf091be78ba08732b66308b5b67ec801d33e67218db7879b,M,Data,2024,35-39 ans,Nouvelle-Aquitaine,6181885,9.054,6.6
cc5dcee0182db95c020a3b46113fa849a6774a0bf3f245b57129bc67d48a73e7,32f47a20b3d1d9eed4c5e5d32e77341325edfc2ede44d7f2233ddc4938fca6f9,M,Data,2025,40-44 ans,Hauts-de-France,5983840,8.764,9.0
6c8786240b9c249d017853137d8310a9fe468ef086c6f7d8550a8bffe9efd988,3d1b60310559ae5d18179e8cf04a3eb519de3d0796696721be0bcdb602706263,M,Data,2024,25-29 ans,Normandie,3348960,4.905,7.0
50c7a80539c4dd6e433cd9035624932f3e54259bca9dc5ad684aae3f292434ad,a37b69adb10b2fa20763703ac8be34f32bc82e40ee0826e03ff05b6e87f7fb81,M,Data,2022,55-59 ans,Provence-Alpes-Côte d'Azur,5252362,7.692,7.9
d49730c2c179c96765cc0398c17b2fce67e0a5e02650bce331eebdba7235277e,4b79e8b09c6935b8716935ab7154958252a7fb48b0dc0e61cfdbb87161d23375,M,Data,2024,50-54 ans,Nouvelle-Aquitaine,6181885,9.054,6.6
a073192e388bc5ad341af7c26eb6ed3fe10de3b7f4a5950b215e3ac7ccdeca44,671e6e8f81ccd6826e8c7b2f89ccc15ab5ae8cfd694c55cd6c59bb43b386382a,F,Data,2023,35-39 ans,Île-de-France,12507542,18.318,7.0
9282a00b73627375cd2f47f0c31efbde4f5c3d39800ac0afb7c42c3ac2d46880,03d5b4e79fe9d332180a4b9040b845dd1c64eb59f75294c3824744d5747727c8,M,Data,2023,40-44 ans,Provence-Alpes-Côte d'Azur,5252362,7.692,7.9
efa4ede76a1182d94fe18423fafa6c0c3e4512fb521325012f46747878e568f5,b73635e76c4702265c9ad29cda91433e830622932a12ab8c27af79e6bcbe76bb,F,Data,2022,35-39 ans,Île-de-France,12507542,18.318,7.0
d8fe62f0c75fb52855c1c2dfaff0af4a3acbc5bf75190e3c0e6e1f6462e3561c,4e3b5b960a9a238c662c69ecd0131b28ad398ad2ea508fd1c241454a36a3896d,unknown,Data,2023,35-39 ans,Île-de-France,12507542,18.318,7.0
d318210a514777dbfeca5c10aeda401e9f04bb08d5ddf777739f83f738b6649a,93fe562964eb84108542c63fa1b7fc3fb96a3328094d8f1e728dc4fba858c32d,F,Data,2022,40-44 ans,Île-de-France,12507542,18.318,7.0
dc42e7876a8f3edc174ae30c982129b05e0f3aa8d6ac10a21a7ef0d7d68b92c6,be8beb7250e350cd036e24cffcff25f980be96a6d92db1146bf470d44ea8314a,M,Data,2022,30-34 ans,Provence-Alpes-Côte d'Azur,5252362,7.692,7.9
f64a291dd55ed4151a7735bdb78b05076930be4c4856e731ee064d371b70b9b2,b0066200e911fecaa0c7d18e597010ca8ff814279fa7b85cc3cbf5466fea7f7d,M,Data,2024,45-49 ans,Grand Est,5557457,8.139,7.3
64b408d65bf945be5c3809b345b55221af9b54590e939f25b3c6f6c00fd2b3f8,0e99672213d6b213a76417bc3feb101ae840193c28c2d58f040cffd8f37c03b5,F,Data,2024,35-39 ans,Île-de-France,12507542,18.318,7.0
4ce913419db99dcb8d073040515f74ad95cb7cf4694471431b3013633fb63505,a927d6dec0a0232ecb982b04d59d26b95cd54f472dfdc5c0b9a1abd19548f6c4,unknown,Data,2023,40-44 ans,Île-de-France,12507542,18.318,7.0
94a86b7f954dc32736f3540908124facc8ec8a108b93b0b3baecdf8f56608e43,e2aabb4a4022aa82687567fe1a75e6be42b2c590a394a81cb68f4ddf8fdac624,M,Data,2022,25-29 ans,Bourgogne-Franche-Comté,2800180,4.101,6.6
cedf7d3d13f941fdcc810712a85b78ff500e96d4df157fa78e227eddaffc117e,09761bb7ee5cb13042a5cb092b24476c949e6871b0b8f25910d7c550102fe034,M,Data,2025,20-24 ans,Île-de-France,12507542,18.318,7.0
88d9f693fe6defea529df6154e6401b39acc708f6c6b722b6a2b03885758c881,2a357ec22cb2406e2bae6e0709937248cd2d668d36a9fb99863affbb92eb634a,M,Data,2022,40-44 ans,Hauts-de-France,5983840,8.764,9.0
180d8c1c236dc71c2b69b4812bf80348aed25a574664cc4d46892be0aeaafb2c,9bf24b5a8ab1c5ff1f08f8fddb85f57b26a418357330f169ad2adf108f6f4a97,M,Data,2023,30-34 ans,Hauts-de-France,5983840,8.764,9.0
48843835353cdec839b71087f48bc0f29bbb9fb8e1fb95165dae2a4fd9de4373,1b29a34cbb85bd7cf44abac206dba01b4205704313f43f53a18da800a12a2016,M,Data,2023,30-34 ans,Île-de-France,12507542,18.318,7.0
a4c0f68a4c31e638705fb5696e0e750ebe97284f09d4c56f018065ecf2a9f779,c4a19ed5a2386b2f5931482ad4b017e7e63b50aff90ec0047cd248609c8918e6,unknown,Data,2023,40-44 ans,Île-de-France,12507542,18.318,7.0
cd068441a8d9c46f08037c92bed43a1986463022a511c4d3af5b67eca85ccd98,6b5d7eefd100c7972905734fee8db62fcb32368bc2df7359f96a10c92678ed2f,M,Data,2025,20-24 ans,Bretagne,3469711,5.082,6.0
b62236ce2c933ddf8e8fe7c8ce2f735e6bcd3d9384452714a6a2227472fb7425,ed770cdeec9a2c09e80774edaccb4bd5575a1cf0b7864c651acf396be0eb3f68,M,Data,2024,35-39 ans,Pays de la Loire,3926871,5.751,5.9
f4f4e7acd275879474018cfb6f7085d459ad4a4c17eca4731d728bcc19d67d96,f45884c1099fcc4b4ccb0574eaed2c3cfcc4143aada5760acbe9405c9541e7b0,F,Data,2023,50-54 ans,Île-de-France,12507542,18.318,7.0
2a50c1e0bbe6dd38f84b95b58ebb464ed02bf27dac09356c5f48874f6b83de02,6fe4b39065aaec57b74f33f13554a51c7f77b61dde0f64d3305c1105872660ba,unknown,Data,2022,30-34 ans,Île-de-France,12507542,18.318,7.0
b682ca89dcea4c9b70641c2f14a3998fbaeaf0c55d228dff09769f8990e2b81a,d0b0d97629b13b36bb8b1f4a691df8b57239c24dfac03a04bf49232eb337dcc7,M,Data,2023,30-34 ans,Île-de-France,12507542,18.318,7.0
84eaf45417614e2d1f2d998056e7689dd744158e93ec8b85f3462b0d155f65f7,8e39a09d9b0eab226f627d9f0f2b6a825ab17db5dcf3d415d53da11b37329b59,M,Data,2022,40-44 ans,Occitanie,6165869,9.03,8.8
cbc5c71ffe669f3427ab34e8442d11152d8ac40c79f14e7a33046c855289f498,d106045579856e0577f96592bcc59df8e5116b8cc7f6e63a746c697e59b81338,F,Data,2022,25-29 ans,Grand Est,5557457,8.139,7.3
56716eb27b0e54ccd2cf4b015df1d19a857c5e8a8e0f8e6e26bf61890d48e9bd,34c22a2493bb141fe53078a6730f70f1fae16497999f41bc539b68f1969cfa5d,unknown,Data,2022,40-44 ans,Île-de-France,12507542,18.318,7.0
639a64b1ec824f2e8502ae9a017c4b3b7126ba021aea196a11d24cada41891d9,43099104f8002eaeb5a10422fee616615245a5f8816a60d2cc57abec02cb9f27,unknown,Data,2022,25-29 ans,Île-de-France,12507542,18.318,7.0
86c8912b273175a8bfeaafd916b502369b40297d608558a7ef527be64a2623e8,023c07154f8910694f4cc4f3d3920695368fff63048609ea6e5a85501dd1ef55,M,Data,2023,35-39 ans,Île-de-France,12507542,18.318,7.0
b6e8ad9b374d0498b1c0483553dc6db15c9ed61d58af5927deec4ee7e7be7605,628a71aebb02ac23a330c6c0cf06ebc3712b001cd2661fdeac5349bd60024c8f,unknown,Data,2023,55-59 ans,Île-de-France,12507542,18.318,7.0
ac267cb5efc12d141e2ec64863b652e41b175babc0b51aa02fb3d7d2345d08bd,827919f0a490ddd2ebd343751a729a94a7028fed3575ed1f7bdbb4a60002512d,F,Data,2024,35-39 ans,Bretagne,3469711,5.082,6.0
f8c8db7c98d48b3ba1bb74e598a892bad92e67f6b0f4ed9566f1a9bbb3fb39e5,24576a3e5a46c5f1e83caf5b83465dce2aa0549bb6502bebc2259343ef818d1f,M,Data,2022,45-49 ans,Auvergne-Rhône-Alpes,8238335,12.066,6.4
00c0393a98d7086433942438b1d248a0c45d13e9e5380751d121fe5e6af9ba8b,82a8e4d349510e8a3165e913d56dbebac69907615d8722c4a970cb2824a31b0e,M,Data,2023,25-29 ans,Île-de-France,12507542,18.318,7.0
35ba01860280de7cd39724039824ec87c22a20b3ffeceb9176c1abd454825791,f1db003e8020c58ffcf53fd2a9d5be1cef513ef1bb446ad2398d5a8b47b4ed6f,unknown,Data,2022,50-54 ans,Nouvelle-Aquitaine,6181885,9.054,6.6
8ceb7c93af67ce1ce36deb08724703403521567b38aa0b099fdd3c1e6bb61133,c86a0b02ab21064eea47f1830d7ad68a4dd9d4d20ffc4ac883bd952cd7289f94,unknown,Data,2022,35-39 ans,Île-de-France,12507542,18.318,7.0
aba1f57e657f2f4db862ba4bb0ca35621ee5e1b7913e63f1f1380c36c695969e,13d22143ab5dd0e85dc8ca32f32094999b913cbba34f5504c09fc6cdf1a321b4,M,Data,2024,35-39 ans,Île-de-France,12507542,18.318,7.0
eae2905132b26297405e11d11a7ab4f9af3c936a2a34644d71df5d9348469b34,4a059026fcc1f3ebee4fbbd671e34f6c53c3aec44c913f23d475f2dabe16cf38,unknown,Data,2022,40-44 ans,Pays de la Loire,3926871,5.751,5.9
9c0f5f1f1f44757657bf89dfbe4f3413f9b2a74dc9c1073c0842e64f2d40355e,cd00c2607f615d36e5997aa1064e53cc18a46062f87473f4ceec75dd6d4bb724,M,Data,2024,30-34 ans,Bourgogne-Franche-Comté,2800180,4.101,6.6
a23a8d4d62ba9355b32a7637342551a87a6f0f3a03b9f9e9c320bff327fbb92e,b448334f9d3e04f2e971280f61ac26389bb0b21e913d507e9e41db3ca1410f52,M,Data,2022,50-54 ans,Bourgogne-Franche-Comté,2800180,4.101,6.6
353800ca64a6c4e4bf8c27f533873a674152ef22e3f03c2e1ffefa66550d0619,c3993aad48f526f212ff4725f58b1699811e7f1eda8db90839c0d2c12d8c4653,F,Data,2025,45-49 ans,Île-de-France,12507542,18.318,7.0
20915f5350615965b47ee81100366fbb964ad9b1b90517c9c0823bb2d49a726c,611c612144714effdf6ff5e8f832572eb213eb4a215b007b417b2798fe9d2596,M,Data,2023,35-39 ans,Hauts-de-France,5983840,8.764,9.0
583971b3684e6f252e3f7cfc4bfa7ab68ecf22dec1350cc74d9c6aec1a93c9b1,031499cebec7ffca96bc52f1460e4d89d8bd5aede8b1f74cd95e33c31bb3bb4b,M,Data,2024,35-39 ans,Auvergne-Rhône-Alpes,8238335,12.066,6.4
f0779d22fe34fb7acc4495eae45c3be1f560e195a6557904afe7adfcca4cea56,11adc192cc6819815d1dcc708c8a7663fbae82eafc89b0fc4a552f48fdb85565,unknown,Data,2023,40-44 ans,Île-de-France,12507542,18.318,7.0
e1646de1cc517929a353775048c0daad6e86ffe113a189891ae1a5fc4177f1c4,bfd05357fa0e8a31b3349e447fbc77c344c4ca468647a3d3dd4ddd25eb097cc9,M,Data,2023,40-44 ans,Île-de-France,12507542,18.318,7.0
cbf111a485dd9340e75b31c6dcc89fda9dbcb56d40902e3eff7c7520c93aec2d,b2b9c34cc5918458b6f406df9c04d7c0a41b68ea0583d5035615bf5b41b6c2b0,unknown,Data,2022,30-34 ans,Île-de-France,12507542,18.318,7.0
4a637b74f010f435a058a9452ab06c8460ec15ec6c881287ddcb7b757a52f6cc,66cd3081ff55c889a5608fd3c20e18d0175aafc89697c09fece66a29fe585385,unknown,Data,2023,40-44 ans,Pays de la Loire,3926871,5.751,5.9
a582fcfe2b16648955da9ee950533e9bd47cc0e561928ca801099a8c8ce6798a,e738e67f808db125c205a7222551fa14c17d3de96e690bc4865586d766466d57,F,Data,2023,35-39 ans,Île-de-France,12507542,18.318,7.0
be62050232e1eb1a4fdd2dd308a17f2c7a8cf946717a445ebc77f940ee4edc65,703921bf67544d98e1ccadb26797690cf325060e4e318624a0389a2175f99164,unknown,Data,2023,35-39 ans,Auvergne-Rhône-Alpes,8238335,12.066,6.4
bd2b30cfac03c6e2d958e017c9bf098323c8f631b2e17007d18d78bc592926e6,949b5e09c619b85d1db6df33fb103b9c04f33ee5bb8c46319f49bd6e6a71b90b,M,Data,2023,45-49 ans,Île-de-France,12507542,18.318,7.0
525d112f0520e6ee682c4c30d127d2f611da86a5ba8b53e67dfbf4b207e5b7e8,c2ce659d680ee5e18a44ae5f7e009aec55a0c11e73c39d9a3d337e3dcf74e3d5,unknown,Data,2023,55-59 ans,Île-de-France,12507542,18.318,7.0
64f7b591ac5caacb6ccacb7391a4edecd55fec542505f3dba5f3dc420005f154,7019ba989ce0eb39d8393ee18db84669d59ca08147521c3e9575b44dca346776,M,Data,2025,30-34 ans,Provence-Alpes-Côte d'Azur,5252362,7.692,7.9
4fd78d3801fa7f86e1c32c4bc0b6a940f2460144651ffa902554912f79956bd4,c3b096dc25b6a9232c51d7c7bf64ed87f0ed8827991c298b88593b71b9efab0f,unknown,Data,2022,25-29 ans,Île-de-France,12507542,18.318,7.0
b0e985dd706aeda51c093ccea46b125fe208b8bdc4fc1c15c3ab19ade5b2394f,2c9bc932717a01f1d325a011cfd6bb7a8caf66ad6920b692177f778ae04c3b25,M,Data,2022,35-39 ans,Occitanie,6165869,9.03,8.8
6f554385fa6a52833252d580605c02219064cf7f4cfa41af298df0192ea964b7,b5ccfef368cdc1f25b912746c74fe9743497919b9b26b0d151365d1ec097692e,F,Data,2025,25-29 ans,Centre-Val de Loire,2588006,3.79,6.9
e0f51d26712ef1e98d21c21b2ec42c941793167b96b79e83907bfa3bb8cb77d4,c1c050c7e346d8f475204fa2f1facd2eb53b9098f60a9f70391231f02796b53e,M,Data,2025,45-49 ans,Île-de-France,12507542,18.318,7.0
ffc29d69c58613de76da6762a0549f327937a657464c1e25a6e54e78ceba585f,26731ed214bc7d0c3d83e029ed0b903b2e10cbf8d9603050f29fbb5ac589e9c8,M,Data,2022,40-44 ans,Centre-Val de Loire,2588006,3.79,6.9
49cb1736c473c8fe2b2d58c584e535e087752309ab56115a6499f121366a8862,e91245247107e76efa2565ed7807d989a6965568c7e6accdb98c57d08c2a0da4,M,Data,2024,35-39 ans,Hauts-de-France,5983840,8.764,9.0
0e8262756f7d07d410b4fc98f1871712bd47397b03adb6c7da00d0dccc7ad699,45b2e20c49af152f5341e6e9f7ded5fdabc30e3d190f68641d8a7d193133b956,M,Data,2025,25-29 ans,Île-de-France,12507542,18.318,7.0
ba13b294411fe9c4960ef9e8f55ed70a40aa42745c1f05d35b62c616d1c72663,d28e8cd82c271b9f7231911612c3cebefb09e695cc733906cb631e02d87eb54a,M,Data,2024,25-29 ans,Auvergne-Rhône-Alpes,8238335,12.066,6.4
3a6e4f16068640b633fda3d608bb055c1913bd79cd4b64b886e2b75090d7764b,f5fa0e6b3a2ef001be602aabea2fd422d73547b05308afea547dbf80379ecacb,M,Data,2025,45-49 ans,Île-de-France,12507542,18.318,7.0
ffae5fb7c8b65df9b7fb4e07aea503b1b575a12e95e3357d929b5f435714ed70,45584d6ab35acf8f44714cbade1178373905701a735ecb8d5385bb75117f66d2,M,Data,2022,35-39 ans,Île-de-France,12507542,18.318,7.0
2cd6169f48e07f82a770ea553365ef9b55ffed85af548c0e111bf2e3703ef037,20c97622411ed28b3914b12c7599295d985db9caf956ee8690fc7691f9ff2707,unknown,Data,2025,50-54 ans,Grand Est,5557457,8.139,7.3
f96a018ba9233bda829315d678a8cda7754a919482e1b89a8b66d0cda7cc731b,61ae6fc0f2449117862f92090c7cdc9afbb3686b9f3ef0ee6779deb17dc0fad2,unknown,Data,2022,35-39 ans,Île-de-France,12507542,18.318,7.0
bed4d782768cee82e445ee7ef9323882a5e8bcc59185b588af89aaa200795346,c0e9b22aa489b19f8eb5a52d51c1aff5b6dd7c67f49d4901f35d6e69adb3136b,M,Data,2025,40-44 ans,Normandie,3348960,4.905,7.0
71eac903107f711bd8f66cb53416bccf2fa0197d8bc587803376ee23d986c77b,96bf444cd04f3e50a191d9000c6db3f5505fa25b62e9424569133753c57c62ec,unknown,Data,2024,25-29 ans,Pays de la Loire,3926871,5.751,5.9
16953043c2118caa5d9057606959520fba975d65beac9d60a6905da75e5390df,adf789b29ef20b93f653a55c5295064bc138ca88d51cd508df55f0c068510078,M,Data,2022,40-44 ans,Nouvelle-Aquitaine,6181885,9.054,6.6
75f4aae47e8feec710c347b81471c50ad31309d81daff542f2c5b15bbef9fe95,7fb7f7061248e195f169890840ea3ad14639e7d247f33463e62844843c29ea8c,unknown,Data,2023,35-39 ans,Provence-Alpes-Côte d'Azur,5252362,7.692,7.9
950f15bdee1ce8d83df6b25bb1a2c123622afbddd297ae956275fc3138e4a46d,43c978afc49d080156f3515ae5159bcd23c0b9c655e8a80bc1cb0a965c8ffb56,F,Data,2022,30-34 ans,Auvergne-Rhône-Alpes,8238335,12.066,6.4
c71607f424df0b3cfc4077dc6344c855b3c09b2eb676d92c0cdac6b4bfa4598d,b3d7ef0361cecd3b4efeb10efede10b02cfc8643c1143a59aca0287e6fe2e3e1,M,Data,2024,50-54 ans,Occitanie,6165869,9.03,8.8
020155e29ebd49833bf48cc5fea79cead017da69451558c4f369df3c9a35a589,edc561ba5ede583b7cf6dd50aba421f6429aa171187de3c0e43332bf5fbb3439,F,Data,2022,45-49 ans,Île-de-France,12507542,18.318,7.0
d51942c20427a5ac43aa8d272a22bf62d0321c27c8dd9b11432a8791b07d0e6e,46d79429c888d40d6ce4b9cd5536552db868e44116dae8d63eb8eb096a51eac8,unknown,Data,2022,35-39 ans,Île-de-France,12507542,18.318,7.0
befa6286b1df6132d4fcf52a57ae9dc9760f88cfe6c9bb3f59a8ee2092dd7bc8,283d77483187c4c594c3126bf8239e0692e5e8be03123f60706a579ecf3666ad,unknown,Data,2022,25-29 ans,Nouvelle-Aquitaine,6181885,9.054,6.6
65858ef5f7d091a85091adad7c4dd765ffb77a47d33a42dc1fc3662d3af1078e,846a699332357c949b0ca7594268863004eaa2dd6f213b76ed5c7064e848e0f8,F,Data,2023,30-34 ans,Île-de-France,12507542,18.318,7.0
0b4914be5dfb6b3e56deed602a1fc6930114ae96db93e4c8fd9a9898e78d20d8,c16381ff498ca2544efa546f9db374f92c8c8c354f970797092c1ed8d9d35858,M,Data,2023,40-44 ans,Île-de-France,12507542,18.318,7.0
f5b4891a23892ad474f8ce6165937f7185aed5358bd5f30354e8e3f4e76bb668,1e7ae5de62007bafac3f8d9c6d8ea10f42426965c2e38bcfb7e78d8c61a5bd18,F,Data,2025,50-54 ans,Normandie,3348960,4.905,7.0
c0fc9dbdb77c2e1fda3708ae07ace34815daf2bb74ac08918a9d0357a01ec3f8,7467ae698c5c756c3174884575ed0e2f30b6edf3ca243bbe98db716d46da8a23,unknown,Data,2024,55-59 ans,Auvergne-Rhône-Alpes,8238335,12.066,6.4
d2739dbf0a2d22aa397db2aa750665a8880b03c71d6f2cf2926873d7dfe608d0,be56caf448b8a635ddb755bf8882f2910b0396dad5d7f3ae4e4b5ab292ea649c,unknown,Data,2022,25-29 ans,Île-de-France,12507542,18.318,7.0
4b156dd3bf140c5541a90c98abb0da7598e70740c70fe53e6946913ffb94b72a,13b773821788723b55570971b3ad9826d04ebe8c93411dd2c8445086d954d855,unknown,Data,2023,30-34 ans,Île-de-France,12507542,18.318,7.0
38f5f32ffdedcbf1dc5700c00be4ef6e25ca8421569554435920cb025c712f48,a33210d33fb31d5a9a49940835be90577a2858d5188efeccc4b2df4c708eabca,M,Data,2025,25-29 ans,Auvergne-Rhône-Alpes,8238335,12.066,6.4
d86d0b220ff179b745ba2a6a8406439b9ee5a6ac11eb870374232362acda4531,a6eda277225e1304cca13eec25e5ea47d5ff8a020b60fe2aa86542612fbfe6db,unknown,Data,2022,30-34 ans,Île-de-France,12507542,18.318,7.0
6153fda3a7dd7c07059d2f810abf9341202290876c9bb3b9a75b25a6e7671af0,24c8410dbd47928d5bc4136001d693e57fc8d5a8de4103df6a781ed839d2742c,M,Data,2024,35-39 ans,Centre-Val de Loire,2588006,3.79,6.9
b68328b6ce356aab275b4571d9dd4f26c1fa7c4cbf49fc82c2cbdacf75c17c2d,00da56bb39f34faa1ff1b3c640551b03d3370b2f7fcf22f7cdd9df5e4967d20f,F,Data,2022,40-44 ans,Auvergne-Rhône-Alpes,8238335,12.066,6.4
e0495a794c61a88cb0c5f21c70cb0b58eafd69ee95acbbd95f39bbc7b26c6c78,3b454338aaa47ab2684cd934562b97d109ce6f9d50828fd6ec52df9b6df43a5c,M,Data,2022,25-29 ans,Auvergne-Rhône-Alpes,8238335,12.066,6.4
4fbd21334932d465bbc6f5e50c660997867ce69d845dcfc4ae0fefad399dd863,2d3520d3c4c089ba83e5a8526347e7efc563e2a41337d735793cf75abb6e1907,unknown,Data,2024,40-44 ans,Île-de-France,12507542,18.318,7.0
f4615471f1b11067ff86760476a8ac63a21b70712c84ea60b1551755cf0dfcad,a518a93ee718a95b91b84591b32cb1484f00626e46daf4da6ea507315d7c076c,M,Data,2023,50-54 ans,Île-de-France,12507542,18.318,7.0
5c258614989c27309928ff66a0f7514dd5949f8f03349078acebd2a45b34005c,b724223bfa704a209b9b146e25ce2de786d4e191918eb51dc2e356db3e2a39e7,unknown,Data,2022,50-54 ans,Île-de-France,12507542,18.318,7.0
8371dae7dd85adc26bd8aa78f255fb04856adaf0420932a3409b6a98b45c0d9c,e08c637c7d772f761be83ed07eca9283d22945c1482cd773b6b10f66d8eeebeb,M,Data,2023,45-49 ans,Normandie,3348960,4.905,7.0
1c2f82f1afc8ea7d728b287e7203732c1b22bc8cb6d5e40216fe1da60bbf7a72,d54b11d230da21252d0377b95b9a13a5e5f361f1285cdb27bdf44349ca57bf62,M,Data,2025,30-34 ans,Nouvelle-Aquitaine,6181885,9.054,6.6
222dfc9c60d7634852ff2797af9a55c96544da5429ad62b0f9b63d861977fa96,e5a265b21e6f99fd2c6e60f146099b9b4be94527c84cb02f79373b1d4cad9125,unknown,Data,2025,30-34 ans,Occitanie,6165869,9.03,8.8
026c4ea65b051739804697299109e742f959aaf60e87538441e1dde3cac388a4,d13e381ca313fa35439663def7948bdc4809ad10767dd0bddea6980f89f842a0,unknown,Data,2023,25-29 ans,Île-de-France,12507542,18.318,7.0
f593ca5bdb569703e091d72ce2efe1c991c689d1a94a93684d030413ba6bb0f7,5313848a0f7838ad5538e96401ec6837e9778dba9efad8bb65b45859d16961f6,M,Data,2025,35-39 ans,Occitanie,6165869,9.03,8.8
cbc5f9d356d752c13df9518157e4b8556ff6033f38f50f723e7502380b3ab16a,f5917c44faccd3d894312e31818aa2960eb95dfd8ef12f925caefbfa74f27077,M,Data,2022,25-29 ans,Île-de-France,12507542,18.318,7.0
f10ae1ee38cef3888cac29ee2c07c51462432c428ce1f084ada7dbba5860154e,74c24adda2d9899b3eada00bb1305fbf639b18a4f3a631746b317b2713e915a7,M,Data,2024,30-34 ans,Occitanie,6165869,9.03,8.8
5498040c36bbb7450529eab282ddaa8fadb2baa2832fd33e8d87a4310dfcc086,742c805a4e97ec27509389d49f32fa226ab94b4938f1b02a580d1c4dda8c7b56,F,Data,2022,30-34 ans,Île-de-France,12507542,18.318,7.0
9e9403122fe983dd5cf05afb01b74c47f45b9ebc357d1f5deb4b255b5456c755,d765e2792a2c87d9cf17b762edb242142416994eb7d4785f38a9691358685ff2,unknown,Data,2022,45-49 ans,Occitanie,6165869,9.03,8.8
b3764de9d4e3dd816576fdd9d7b9261d3caff4726fc8d76238e3c83b766f00e0,e81c86b48896ee0f572a366bef610bd6e3c291305be4c133b46fc5f1fdd3efe6,F,Data,2024,30-34 ans,Île-de-France,12507542,18.318,7.0
63a1c959b6efff7b341e74091483999e7b7620104d7638e96a5d523698784bae,506d4c56dec24b9f40e60b1a880aad735e85c919af704a3bc645e68bf3beefbb,M,Data,2023,35-39 ans,Île-de-France,12507542,18.318,7.0
c5c677f13c3d560f1d12d0534e5ebac31b65b4c35734573fcbfd40e0bf293c39,9f02bd9b80c6955e66406475ee4c8dc4002288cb93d9af26eb9bfe6d345d8016,F,Data,2023,30-34 ans,Provence-Alpes-Côte d'Azur,5252362,7.692,7.9
fac0b479371222d353615fa6724c5f2fd804ca4f2537e699f1fc2f59ae2c77ae,91aca5845144d16c857d7d958956a05c8edd4d73b8407fbd1f7bc5def69accf8,M,Data,2023,35-39 ans,Île-de-France,12507542,18.318,7.0
feca7498f1c9b0a241c02325fe475c91726a1764aa62cc62a832d98972076cda,044834eb11b9a0a9359720229d8d987e5baafbd816479c9876873aa666b523e0,unknown,Data,2023,40-44 ans,Île-de-France,12507542,18.318,7.0
8b2c58edf2a27c3051d05d04e89efe9a627a9da1ffb29f7f277d21e5a0b08b8b,1bc6259aa973052563e8b7b25df9cd6f34ba3da8f91c0b6f0df1ad2e59ffb253,unknown,Data,2022,30-34 ans,Hauts-de-France,5983840,8.764,9.0
ba1249dc578ee66875f79d272322a9762c68fe035b56eac91eee4c8f63eddb3e,2e03d626806c7b81a97d5ba7161bf5ab324dfcab2176ae36471ec183aded06f0,F,Data,2024,25-29 ans,Île-de-France,12507542,18.318,7.0
84a21594b292c5bd91765b41956771f0004d4fe9f234ea57a0bab9f468f3eace,cac460d29b296d64972db8e072c938d2953f43a3985b819b7e45b3079354eb97,M,Data,2022,25-29 ans,Île-de-France,12507542,18.318,7.0
ec6c2e54edd1a76b47a84ca0fcdb6b995f634accd1d8328170b88d53506966aa,0bfbfb5e6ae40a179de03c54f2d24c64ef4442c246cb0834d664af9ec0945f9f,M,Data,2023,35-39 ans,Île-de-France,12507542,18.318,7.0
948b4d2fda771c3161448f5b8e7810d38cd7aa7d56e81323e9a9ceecc495ae01,fc96b28c8b76ded523cf277fdc6be1b608cab319b88f1fc5ec6f5fcd2fb172cc,M,Data,2023,25-29 ans,Île-de-France,12507542,18.318,7.0
a0ae9f7f7c337bcf4ef11e9b6e7c6c1cbe02cca1d51ade4f86a579b0405c6bd3,bf9e944d7713c0a1077c9a8d7b180addc5a67ef75758be01b184cdca4d146184,unknown,Data,2022,25-29 ans,Occitanie,6165869,9.03,8.8
19d9d611bbdb3038b834b356cfa9ca3debba03edd505e8dbef333956ac85dff9,e9bc80dfb509b1128f5d37cd3e7e8be4671924414ef4350b8674e15e96aeceba,M,Data,2025,30-34 ans,Normandie,3348960,4.905,7.0
e5591c7fd9b787414b06574db0fd2b885592bdb9ed19c08ee1b4512a24c129ef,d04ddb3fd5fd7e1c5273c1b9bedd98524bdd0fa182b634391f18ee89cb06c48a,F,Data,2024,25-29 ans,Île-de-France,12507542,18.318,7.0
79cae8303a89e716437a99bbdc22fadc41b23f24ad970db00ca2423170e1ea95,fdd4523effaa59e2cf88f230b48a1ae1f9592f421cc8c478c771c5d49baa0780,unknown,Data,2022,45-49 ans,Provence-Alpes-Côte d'Azur,5252362,7.692,7.9
f6b485e03d27f3e443e3316bbab4e2a263489da1d3cb47b3d56c804cee0f2e44,e751955b98a4ca571a05597097710a56d5401cd09fa3d3161bdccbbb4d83acc3,M,Data,2024,30-34 ans,Nouvelle-Aquitaine,6181885,9.054,6.6
ca5964b9045ec2c4bab0dbe74dd0aec73311bd12f765250b1098c1d86505e779,a08973f899620112bcfbc3d7c68e8c112fa0b4d1a5929955faa53b5e4ff30b5c,unknown,Data,2022,30-34 ans,Hauts-de-France,5983840,8.764,9.0
9d785a10bb6f063709a3075860ff44e1ce6c99e824b00d55440a6eb213538ae1,8bfb0980344e9c27bef2fffb241d229339cce203901005fd8386edf98caf7d5e,unknown,Data,2022,50-54 ans,Pays de la Loire,3926871,5.751,5.9
bf447a31f53a24f732cf958941e6860c15e45d9d7deaee5d4df21a963275860d,409eec085aba7080ea5f5ba6b362eee2c5beca924554cf20d677f748058efab9,M,Data,2024,25-29 ans,Grand Est,5557457,8.139,7.3
e3931c75423aac41c99a5089c59e3ae71e554709e7b109ba37740f5a7abc8543,4021774eaf0bb1a5ac4deb11a1aa2fb0b1b1d67e082aa0d64f675fb48a508253,M,Data,2024,30-34 ans,Île-de-France,12507542,18.318,7.0
b65481983f1bf5309715b2ac29c8d3c57d2a4230ea7f9275722539526018bd41,8c260daf5233a3677fbd7cd5affd51edc296baae30bdb9e40bd071b4dd24f81c,F,Data,2022,40-44 ans,Occitanie,6165869,9.03,8.8
9fbb23028430f388957fbd5a627b1e4a17b98a55ea14ffa9d493e1429870aa2c,b9724c648371ec9c2781ccd4447b64335e028dd877c61f838aaf4d51d8a3eb6f,M,Data,2022,30-34 ans,Île-de-France,12507542,18.318,7.0
4bb5a88339d82e42ac62aaa64aeb6385f723f988cff7fccf78ae3e7f229ae20b,fc569be3f0fe6ad25a0fa25cb3f78aafafb77eff4c4d2a617238d04a49db48e8,M,Data,2025,30-34 ans,Île-de-France,12507542,18.318,7.0
46f9afb525506fff1ef91ec1c2ad6d3e88185e1581108b021d08318ebad80202,a60abe2f2cad1d594c50dc89188957114a1d80cfe56635453c3a8f37c64c4929,M,Data,2024,20-24 ans,Normandie,3348960,4.905,7.0
91ed9f5a005e62108a0eb2614f7bdcfa9a052a9144c170dfad76a31ffa4f2b13,4d8465b0b368edf54c34b7a9f1b52caacd6770395774a44b10d54a98223eb0ef,F,Data,2022,35-39 ans,Occitanie,6165869,9.03,8.8
e0f4c2cf2d40cc984ef6d56c990724473eb8a0cc03b6735d6267ae50771390b1,68622b95de9c9b23a0a5c5c9f86b196d6687e8b65bc96a7ec4fa6e01d15cfc5b,unknown,Data,2022,60 ans ou plus,Bretagne,3469711,5.082,6.0
5313300508094ea4bf1a691a901f5ea2b95fb3962dc14da25fb0c2dd7dcb85c9,cc4e697c8df3be95f574d56fa8377e724978bb3bb16540e01438e23bc03845eb,unknown,Data,2022,25-29 ans,Provence-Alpes-Côte d'Azur,5252362,7.692,7.9
a23e39d80cfafddd9a2aee7586b3402e947392b36a75c3bd8812138af26024ac,ac1dbc48b499643bb5829d9cf3b0d494214f3866a91565c0af95de0971321c8d,F,Data,2022,45-49 ans,Île-de-France,12507542,18.318,7.0
879fa62f9d8d8ee0cb655d57ca03fa7ce132295c8e4b6d61821c7f563d786c25,adca58c90a487827f3af74fd55a1d7bf6e3abf76c0e4db53f84892ba0d5e0d65,M,Data,2023,40-44 ans,Île-de-France,12507542,18.318,7.0
a7aef30ee1a901bf6af956dfe60992b1c3a3df5b2586dfa577c3a31aebabd084,43cdb4997dd9dcd581b641a7a0f956a062c8fa374721fb7ae5ebe3ac85bdc996,F,Data,2023,30-34 ans,Île-de-France,12507542,18.318,7.0
7c159033a0499e012078aa77b24212927c6e7cd1d638f75d877c1d3de60aed07,4650600c5b806dce69b29d639316b6db3c839906ae2ec202157062f387e4b9f7,M,Data,2022,25-29 ans,Île-de-France,12507542,18.318,7.0
38d6720eea5ea1274455472d5280e86249e977f8230e63b1e2cb1073d19c59cc,6fcaf6eb092326b8ab64eea7f7b469433e09292ec91bb6837f8b5d06368475e9,M,Data,2024,25-29 ans,Pays de la Loire,3926871,5.751,5.9
10dd0d17334c0f0dcc02ba59223a305885bee71dc895ed66e115c12d2f8a40f9,0be8bd390bea2d127a59357de446a4478f62afc05844ec27e55ae50f36f55ead,M,Data,2025,30-34 ans,Île-de-France,12507542,18.318,7.0
2b0a53a53fd103177bd2cfc5a60d91b8cbc68153f74730d40dd88f871d92c3f9,e9b106b86b07905ed40cd1da58fc75adbb476d4181133a8af62a50d9aff3bf07,M,Data,2025,55-59 ans,Nouvelle-Aquitaine,6181885,9.054,6.6
6496c1a413aa97bf5ec24bfcfb587159201e6f55ec15452d2daa7871550bd4e9,cd137f318316ef1c9a1f2dc275d25b1d4656f03c91063a8084867097c7e77306,M,Data,2023,40-44 ans,Grand Est,5557457,8.139,7.3
4fd3ea831c92c4e8ac6e73d1bdb1118097529d561c3840e341f320504238c509,b2c6f00fe8ffa64fbdbc335038c8ac2d82d1fbea1b566659de2632e640041b7c,F,Data,2025,30-34 ans,Île-de-France,12507542,18.318,7.0
1d15268bfb87354ebe970095029f2c79dcafe006a7e0ce65f421256dd0d767e5,161b9615bd2ff737f2b1b46c9a9bf0fbb2ef643f6a6eb5448889abbe429f8188,unknown,Data,2025,20-24 ans,Auvergne-Rhône-Alpes,8238335,12.066,6.4
1188a454d42f6d01719dca5fd0340d21dda0bb84967af87ad6f3d4ffd4929adc,125e0682a49dc8fb4d8d1238e17ab94915d6127cac7317d8118a4978c7393c61,M,Data,2025,30-34 ans,Occitanie,6165869,9.03,8.8
cc629c26a5f65010025d64585cee08f5e7bee26fc2d19b7071564a7979cadb45,79563356cda88ae56ba015705f13db44712c647b7417a7c9b65feff7ba245e0d,F,Data,2024,25-29 ans,Occitanie,6165869,9.03,8.8
cd12ddab7750e14f4b284a0a3ff7e2298c5cb14713890bcf48798a946517ca50,e2d860a13beb23aef50c0b30bc56ffe643a34b82a02d5dadf37f3a1e239ac277,unknown,Data,2022,45-49 ans,Île-de-France,12507542,18.318,7.0
0d7b02904363ff0780be5d1984503e08e9b2e1eec2cc2ba715eccdf6173c5820,ddbc431ff4977d6870818e19722e92658893a0c87b3332843f85333ac118ab3f,unknown,Data,2022,35-39 ans,Île-de-France,12507542,18.318,7.0
f47743a22cf067a3f0bdb8ca49f232376af291636c8edcfd07203345b64d81d8,4bea3e43656c709e897284b19de342659601247f75be3d81762269db05e9671b,F,Data,2025,30-34 ans,Île-de-France,12507542,18.318,7.0
d29b394c2697d427647eda192bb9147418a8ff442c0517e5435d2dccbc77c783,837ed1f1acec427c27d09aa0987009fc2fff13b0b81c3f4e43623ab0a363a640,M,Data,2025,50-54 ans,Hauts-de-France,5983840,8.764,9.0
5945b1f19141732a08c56d4204e929025b886d3aea1dc016cbfc1216845b8835,e273bd694715fe169eabeee34c9a3f9a656f5b06384ec6114a122ba7851ced63,unknown,Data,2023,30-34 ans,Île-de-France,12507542,18.318,7.0
dc6b1f898690edd0bfa7ddd40df3e66c715ee8d5356622fdecc48fc38116ba6f,17cc463c67e8432159f0dbb110e12824cea3b11ee6ba7889eedc8ac910dc878d,unknown,Data,2022,40-44 ans,Auvergne-Rhône-Alpes,8238335,12.066,6.4
f1c78e7d576d6f94a623f2a0e5f84e716755208caf11e6b78b5e46c22a2defc9,617eb3503a3905214723628f8870b194e7a6f488e95bf1c0901099f1ed576b87,M,Data,2024,50-54 ans,Île-de-France,12507542,18.318,7.0
d70accb9db6c6c18d60b9daba2bb1d03b34542a07b63e4aefdbc61448784796a,ee9a2470c821c34390043bf99a920ed043c4dd9914621c2eceba928b75b9b7ad,unknown,Data,2022,45-49 ans,Nouvelle-Aquitaine,6181885,9.054,6.6
e6e2729443c45167903e098699956b655de93b5543afef69294149f9329d6fb8,d39fa934c20844e414f615e518ef13c06a89e4da104105d78276a16fdcead03f,M,Data,2022,40-44 ans,Île-de-France,12507542,18.318,7.0
334ced2db32e78b9713b9a596ca28226e286248bb8a011e7586b8d8cc2d87e27,51fc4d061784d65a82bd92441cc9dcca7fa15d6ad113e01a28e96334beaeb6d3,M,Data,2024,35-39 ans,Hauts-de-France,5983840,8.764,9.0
a39106d493d5315cb52647409355285bccee727fed2e7204dc1e6616e2c27349,ffad0eb0d08f99a26b2e65123303f0fa9caf5291d79608e1cb1e817f145aa0e3,M,Data,2023,25-29 ans,Bourgogne-Franche-Comté,2800180,4.101,6.6
c2646ccf5c6be8a29ac61cc1533437e451db506429dbf33c0a06fa4ba217f182,0daeaff79749f752328cf53f2e9a35a1a1242f4b667f8a32d0b9ac606f9a9f37,F,Data,2024,35-39 ans,Île-de-France,12507542,18.318,7.0
524fb6226f2bb1b8a885acc21abe133e3243a7b19db9fcbdd58241b02b372e42,99f8e3900887ed9cafa4090ec49b5cc24c97a2f1d407dc8c593afb0b2f264550,M,Data,2025,30-34 ans,Île-de-France,12507542,18.318,7.0
702147cb3656d3e05661c9719f002c90b3b493c6c7656b162fdea710f54a3c35,f7a610ddb5ff83fdd5fb7c4f3face4611e92b7cfa617d14bce755e44f7b04442,unknown,Data,2022,45-49 ans,Île-de-France,12507542,18.318,7.0
ad6e268e1a124306ad8fcd5058d5560e540d2e74d13ba610594eee4e04e6152a,257ae21bd44b324cc20d3b0960acd9677aad55b9bba95fc726b556ba14169033,M,Data,2023,35-39 ans,Île-de-France,12507542,18.318,7.0
a93a3e459d48a7e951a3b524e81e098b50d27008101e6f6132991945ac24a748,98c76b5f6908e409798672d80d5f49d7f215412fe909a16db9275ea7d67ec065,M,Data,2023,30-34 ans,Provence-Alpes-Côte d'Azur,5252362,7.692,7.9
9a50404541913f8942dc40884296cc242166d63ade80d22226e9ca8e093d37da,c36ff513d085b1958abffe622b3ff163445cf812b84b0fe72eda14b02bcce35f,unknown,Data,2022,60 ans ou plus,Auvergne-Rhône-Alpes,8238335,12.066,6.4
8e56ebccfe63a70c8cfd573687ccdccaf837401b6b658ff020a3f34bce7f16a8,1f574d5ec7460b196bff105f73bbfa0b59518fbd12aaae7fb91edbbb7eea3702,M,Data,2022,25-29 ans,Île-de-France,12507542,18.318,7.0
4b3b1a18a5b64ddfa6e2dc8b506e62b16f20e9f30f1ce7fc767d476e93bc3190,b84af2054bb14b919787704cebdc171f2fe17bc72777032aa9f543adde2233d2,M,Data,2022,25-29 ans,Île-de-France,12507542,18.318,7.0
d0eb1a254b94cdb8a4d56ca54290af7c9fd0cba6dd4c98d93b9b0d1062635635,fb27250515132940f23ab021c591602ca18f0b3d96f83ed218686989b6691c33,M,Data,2025,25-29 ans,Île-de-France,12507542,18.318,7.0
0f012f63402b3a01144e7294a2ca31e159478bd0b1c6c23595d61a1e962db582,6e16f32dc88a2a56d3f15bc7a297c3c3d8e987271da1afaaee448b59741f202c,unknown,Data,2022,40-44 ans,Île-de-France,12507542,18.318,7.0
f0e49fc8cc78c6117ed383fce82cabcfbab90319d0e6eaf52927e1f9ab371d66,2ce4db0fd522ef615e12b3d495050fccc8bbcefa7ffda47bf5c57c18848377cc,M,Data,2022,35-39 ans,Île-de-France,12507542,18.318,7.0
b70de92b9f92a480e0063ce7d3dbc3c4720987fb0bf96cbe0e5abdbc5269a3a2,dbeb6afd66b0c752bbd04b938ef6f493ba9810eb8a420ee64be9fdbe1d4bb8c7,M,Data,2022,45-49 ans,Bourgogne-Franche-Comté,2800180,4.101,6.6
04b222dcd1cf499c057ccbe1ac3699dfd1cc4246a7f1a00933693b3466d6276f,77471505959de4d886d5b7ff590de5122d9f6a9d7853a5ea5159b35b765adb91,unknown,Data,2023,35-39 ans,Île-de-France,12507542,18.318,7.0
0a763fa3c49c3056ae9b5de1b7cc3ce4050d97e6a1aace36aa248607c1152080,a1a2ffdc1968b121bcdaf3ba25df32c77dc478de414ed3b4dabf0b0f0bbee3a1,F,Data,2025,40-44 ans,Nouvelle-Aquitaine,6181885,9.054,6.6
8865f21a4f23e088345104b531359ea3a46a46a5babd6d61d2b705bbc91184d4,f154398f132bb0fd8a3c8121a1a4820286f084d3cd01fe4de34018973b7b4228,M,Data,2025,30-34 ans,Île-de-France,12507542,18.318,7.0
55b7651c917ec9c64b4f186da5693f353466a58b76b15fd8e7488dcbd7ef6ad5,a550d6717a172039047659cc454a48e76baeebec5777be6322251bb583d1048c,M,Data,2025,60 ans ou plus,Centre-Val de Loire,2588006,3.79,6.9
829fcaa46152b8bd7fcd8dd4aebbef1d3a33b7cfa56aa3ed42012c0a6dc902c6,0ba4490a583cd59b0013b63d3bfd535bb7b4fde2b671fdf92497aa0333cc4ab1,F,Data,2024,30-34 ans,Île-de-France,12507542,18.318,7.0
d6068a38bb45580dfd52c85cca8a5e2bca5b2b93bb3312ec90bf324f1a669006,2ce9614c22471087d6e7bac16a0026d438d59d4066bc5fcea4b26b44c2cfc39d,unknown,Data,2022,40-44 ans,Provence-Alpes-Côte d'Azur,5252362,7.692,7.9
0965cc1546eb630e10c6ea111cc99249038984faf73414ff79a14ef254dc41ec,72a9445e345d9e58f8a21d077aa22ff7a41bbfab2f2c5913243f714b5c47835e,F,Data,2022,35-39 ans,Hauts-de-France,5983840,8.764,9.0
0f41a91f0d20b19de3e632f9df7e3b6d58cfa01d46c20fa722a762b7c661eb0a,4b591d085179f953535b1685127675f141726aaaaea7bd51b897004fc520c082,M,Data,2022,25-29 ans,Grand Est,5557457,8.139,7.3
5608803eb9481b5139c54fc0b6fd58f69802baeb2656026121f867d3b065e433,3f65e3ab9c1621e2feb25d647563873db59599bbcecedc0c416a39ee2aedf5bb,M,Data,2024,30-34 ans,Grand Est,5557457,8.139,7.3
7744ef35d087a47eb531ae7a2642b0ef4686eaf5accf7f160f9197b869bd6945,e281f82e9f21dca4b2c415544b224b64043bef930ba3974ccc36fc65e2e61f1b,M,Data,2022,40-44 ans,Île-de-France,12507542,18.318,7.0
56b3bca989cfec3afc8b086db5b3c972977dc637d9aeda738d04b8fa92f746fc,196a16f1b4e6d158fe1e6c491888f9099d758eb1dd0c98f5123c838e099c605b,M,Data,2024,45-49 ans,Grand Est,5557457,8.139,7.3
9744a08577f4cf17c41d2bd4f620109115ae06d33c47e223db8fcd3844499327,e03526fe7072fa1bdf9b3cd0907af75e1bcea12c9eed2714244dbc8a08397255,unknown,Data,2022,35-39 ans,Grand Est,5557457,8.139,7.3
c0ec93394d5faddf968637d0666b51c58b8f2d86a9ae0c7021c64ec3e5fdfcdc,714fc6f8b03cac2bda78241c08ffb780f7ccbe4e37fa22d4b7dff7a3c8ca3c98,M,Data,2024,25-29 ans,Auvergne-Rhône-Alpes,8238335,12.066,6.4
09a1307cebf7a2b9f999051f3f53656edd486aa88c62c249befeab5918dc50f5,3832a263d4c8374bcd53a73b189c29e6bfc6059482f986a74c7a2142356eff03,M,Data,2023,45-49 ans,Pays de la Loire,3926871,5.751,5.9
b7de63c7bb489eaa04cc272c27bbe2dd88c8c7c9318c3f63b89503de7acd6c55,022e7b521898ca1eaca74ec79428fa792bba4c036e10ef27eb2ca1e875707397,M,Data,2024,50-54 ans,Normandie,3348960,4.905,7.0
000e22f4658067a755d6a538c53b81398d2a27d284414e5bb1d14359bd66e540,4f7d3f3369e2fe7839e36cb589e9d96ef8898e59d588800893bf7eaee158008e,M,Data,2022,25-29 ans,Île-de-France,12507542,18.318,7.0
1cb5650575242b1f60fc758e7fcc81ab40932653f03b6794c6bae3e2c2e91379,57177ac65d41b15b439e599f024c53b4f57eca0d488f9c3b504e19423a705e1c,M,Data,2023,60 ans ou plus,Île-de-France,12507542,18.318,7.0
272be83d7176cfe4c18dfd36fd29619e81f18dd695d407eec77c2777b820b00d,81d5571c65d1d50cdc35de7ec48b32ec33fd10790551e7091a48595d7f6d4a77,F,Data,2024,30-34 ans,Île-de-France,12507542,18.318,7.0
8167f1246aa549261baab80d8b04fdf645823ae6c35c48941b3d47ae8fd35e7e,18e5e19da2d9b3bf863229b105681fd2ca82002dbd7fa75f1fca674323208e76,unknown,Data,2022,35-39 ans,Île-de-France,12507542,18.318,7.0
22a0910e9597bf63261ded1fe982daf75e361db5c7d71a2a9561111c09cf0de3,cd02ab26040cc28e2a86564480934223291a20647456958608c9972cd0cd009e,M,Data,2025,40-44 ans,Île-de-France,12507542,18.318,7.0
a79266d7e8957d0a74796217593530e35ff8acf70b2f750892eb10dec4d8320f,2028bd5e67693a8af5617b2dfbfc4f464d4487f7ac061ed9aa0c23ddf3968946,M,Data,2024,30-34 ans,Normandie,3348960,4.905,7.0
84816e421ec01ea3c87a0dea9f87472f1b09fe1c7c6a3db1b753e9754a97f762,9f8fb8001d9f2d3efb526606c2286eb2ed7e6a1ab4bf0274fedccad257c65561,M,Data,2024,20-24 ans,Auvergne-Rhône-Alpes,8238335,12.066,6.4
eff10ecae967223d55d2c295c965373b1a07e287b2de1f5ae1df3037bcfb3f4c,5859791a8432c72909bc68ebd1c4e93fe4f134b2b5765faa67a73560f0c10524,M,Data,2023,35-39 ans,Île-de-France,12507542,18.318,7.0
ead49fadc0c833894a70cc4b7e99ca03cec9907deb3064ec348a476c6012d563,04d990df9c3f694931b4f9109ca803895601cda799858180a89a1db6d0f08f43,M,Data,2024,30-34 ans,Provence-Alpes-Côte d'Azur,5252362,7.692,7.9
80ca2d4f2f669e1408556c305eb8f4325096c2861e7e606b12f797457a2dc902,e438afeb24945972a149789da51dab27757a305e293d6f90cd58b00a05df43a5,M,Data,2023,25-29 ans,Île-de-France,12507542,18.318,7.0
01a0c663d8a133818bc6adbb223b37288cb91f0ec16c6850ecc52014ac0b02bb,465615dcd3679e609c1223d83ef1dbc1e9af8ec97222a86bf3abc25e70a0041c,M,Data,2024,35-39 ans,Île-de-France,12507542,18.318,7.0
d58a8d2a29396735bbdad6cae4be2f4e0a3c1a3e59cd9fd63dbd46efcad4fbf7,b3deb8d447b3f50209f09bc790ba3b2473d602360883a9ddf49ff88789488de9,M,Data,2022,35-39 ans,Hauts-de-France,5983840,8.764,9.0
36f6ffeb15e699c313aeb65672c1143655b78021080326269773733dcdf46479,cf9a6d702d8fe21e85651f7686dca40176126c5b53855ebf5920da98035762fd,F,Data,2024,55-59 ans,Nouvelle-Aquitaine,6181885,9.054,6.6
e93c447c6798d1fb32e18620425566011a19a97fbdaaf73f8ce9a6ded5985b29,572baf31d5f28e2da97cee7cdc8fa556bb258fdaec0fbefcc46ac81ac256a045,M,Data,2025,35-39 ans,Occitanie,6165869,9.03,8.8
48e077e0f4fff368d5a185e0fb0370074404571f49e0d1db4227188d667c70c9,a75ddea08d1e65f26913913b1dfac0ceec9990f554868421effea73b3839e3a7,M,Data,2024,25-29 ans,Nouvelle-Aquitaine,6181885,9.054,6.6
21069e2bd13af02a9d825ff1c4e4dd05bab53bdd2b301f77bfc5b33b788c7fe7,ee91c23dc922f6be4e8a1b4e137f029fba4a87aaecf182b30d5d0914cdc2cafe,M,Data,2022,25-29 ans,Île-de-France,12507542,18.318,7.0
1695675d85f90c38d6670e7869eafc081ebc8a776fa20adf605409699b59fefb,effd5088d9d7ba3cfe538be2dde81dc501e7cf0e35d85926efd8d9adbeabc1bd,F,Data,2025,30-34 ans,Île-de-France,12507542,18.318,7.0
b8385821740fea9b8f84829cef946fb3779124bb835f217be6b54f351dc26f46,09ab050a05dff85f039dd8850d01a8b23d08112478174fee68687c505bcc9bf3,unknown,Data,2022,35-39 ans,Île-de-France,12507542,18.318,7.0
5e820593b011ad1d40f4b2f987a14a4ded39192ea413ad43db01ff00c1b528ea,7026b9e21587aeb74a10909f5fe15ecea7b6bc5c96b7fe292f5e77bc84611e16,unknown,Data,2023,30-34 ans,Île-de-France,12507542,18.318,7.0
cb5723ab0e838fe93269b5a27c5c8711f3c681aa187539474bfe9b27f787e4eb,c2e9d0533f6957a0a886fa16836589eec051f559ba2d5f855eedac0481177e60,M,Data,2024,30-34 ans,Occitanie,6165869,9.03,8.8
aa202f965d24ecbd21e202c0d38d47431d1287087b5185b490cb7d553a270256,3a5eb91af1f9220be04707b542de78145813458c479e94d7ceaaca18d88bbc40,unknown,Data,2022,30-34 ans,Pays de la Loire,3926871,5.751,5.9
88398dfdf6800c04fad26483aad28f6ed30323bbbd189dbeb52ecd6062e25565,29564ea180eda1c0bc689bd6c553ef19e9a1eb6d4bb56aae03ff779373783c3f,M,Data,2025,20-24 ans,Auvergne-Rhône-Alpes,8238335,12.066,6.4
a9f7ddc6831b7c7cf63e5805df2a6fee1ed2b4f4811036fcf56daa8d82fd47ae,c5cd885407cb236bb7ac98b2b9a6de7bb92c82f5020c55691b76d4f7f22fa5f9,M,Data,2025,30-34 ans,Provence-Alpes-Côte d'Azur,5252362,7.692,7.9
b3ba11fb59f17eedae3a776b2c7a3c41a71159c8f518441524c13866f8b9d8c0,5d7d4cd34de5b291149784a2eb93bc493d83d0b7b7e2509e8f39bed26bfa2971,M,Data,2025,20-24 ans,Auvergne-Rhône-Alpes,8238335,12.066,6.4
434c9b3f72ffb3ead0494d583106f51fda7eb73fab8d60fb4bc9e6ca9a5541f8,f8838437c43946291ca688a312b4b9c259b07da1fb6bad228accba021f7dd128,M,Data,2024,20-24 ans,Pays de la Loire,3926871,5.751,5.9
6496c1a413aa97bf5ec24bfcfb587159201e6f55ec15452d2daa7871550bd4e9,87ac2f5ebf7916143ddd00a342c2b9300cdce013e2089a4c50ff4a0cdeb92261,M,Data,2024,40-44 ans,Grand Est,5557457,8.139,7.3
ae214402e9b183a8cc3ef5717399078c7da3e845cbc456dbb10036902e35282c,468c469b1247acdeeaab57efe34c6eef63040f8dcfda632c382c63f21becb5d4,M,Data,2022,30-34 ans,Île-de-France,12507542,18.318,7.0
c9491829bc01d5327f8643c150a01663e08267bbd123baa633178d55871bbc8f,453c7f51ee02bd69871e54276be40c800b7e87619787a13a461a2c6cd7cf8f2b,unknown,Data,2022,30-34 ans,Auvergne-Rhône-Alpes,8238335,12.066,6.4
61fce5c408a81f5691cff449a3e1574951637249915f1cd054dfbc414c54f838,2f5b3d89fb1d591df6b34f0f332ce01c8d45cb808f9af053412cbd6240b81a86,M,Data,2025,25-29 ans,Nouvelle-Aquitaine,6181885,9.054,6.6
637f0538bfb753af66bce53daf247ccb42564ddc827944364cc748b2101a7f41,7abff898942802bf48d7216d66c468e473efba91afc27f32438ca1a7d081025b,M,Data,2022,40-44 ans,Normandie,3348960,4.905,7.0
19f0ebaeb08887f0b1461ce2691fd500ccbe47848494da04c6da463d40eed4ad,32e643aa71f9bb778e1d9ba33520d87f702758e6b5892e0e30df4e35db78125c,unknown,Data,2023,40-44 ans,Normandie,3348960,4.905,7.0
6d3142f1b789195b17cc7c8c8ea42b3fc8f10b1ce42badf5d68cd599a0ac5ab4,feafbdf3331eddfafac0fb33058fed637acc7a27976ac2bae9133f717766f3bf,F,Data,2023,25-29 ans,Île-de-France,12507542,18.318,7.0
20cb36f42baef89400f2c5361b59c370a4623417f626e9ecbd1a215cc91ae2b0,23aeefdf05d60cebce98d2d26c86a9f082652813d2d1801754c1dffa28f6cb51,F,Data,2025,55-59 ans,Auvergne-Rhône-Alpes,8238335,12.066,6.4
503e15407a5be8700ec64df0bf1831e16a18393e31afe7cb32ee2d02c6b705ff,dddd0554af164cf6e6ec9a6c98d4f82703124bc67cb1fb0888eede2dfe568d4d,unknown,Data,2023,35-39 ans,Grand Est,5557457,8.139,7.3
5c27aee5146437a1d09fa29c0eaef95e0f3006dab63d558b8508ff0e9c1036d4,f2f912a2b8458fe608fba784982fb4e8ee354d2990087d232ed7daf58eb6e973,M,Data,2023,45-49 ans,Île-de-France,12507542,18.318,7.0
6cbb263172e6917b2fed9c672d7c6bc23b70bd4cfa963baf379e74fa9488a132,9dd3185307a3a30b9969f626eb578371437c7316c96395cf129291671728e9fd,unknown,Data,2022,40-44 ans,Occitanie,6165869,9.03,8.8
e2cdf9c6dc9017219987150f5fad24d6ff873ea14415c161b0d5e71cbae6e70e,ca4e73494668ccf73189fd8340a9b2856f08967da21e71d7f5543cc475be86a9,unknown,Data,2022,30-34 ans,Hauts-de-France,5983840,8.764,9.0
383937c4983a71073e1281da83a1d24e1c1451d21202de87ed644050ac197c44,6c3fed4d85139428450694c1ec86aeb080d2f5f2b5e665b605ccec94c6659ea9,M,Data,2023,35-39 ans,Auvergne-Rhône-Alpes,8238335,12.066,6.4
2779d8c7f472cbfd2d5e670cc4bc7975f8feba5b28d7b792b46275fe3b285048,83f1a18c1b53337b8038c0e225657542eb27f6a8b3cd3d763bb6015565bba20f,M,Data,2025,25-29 ans,Île-de-France,12507542,18.318,7.0
880522a44650f5b6eb5448fcb1d45198575a9db2293251731747a1b31260bdaf,dd1b7047a35a736f143a3677ac63c37e9822468f75a54e91af124a98f372b12b,M,Data,2023,25-29 ans,Île-de-France,12507542,18.318,7.0
de35c01879f799c91d0bd21548ed41abddc0df101438bd38cf2f24ef151e642d,193e6375e0921f149f55187df710d9d129e2a3fd72a255692db84b03c6e5a3cb,F,Data,2025,40-44 ans,Occitanie,6165869,9.03,8.8
4a244c8f1b2cc51618ba605c2020a2a52c36c76137f4eab1f7b4ab86900456db,b55a86709df248c352c3e705c4839a6399a2851c20c4c5fc47b9940b4e233020,F,Data,2025,35-39 ans,Île-de-France,12507542,18.318,7.0
39bfdb6cc6b412f25728d5cba5394358a012944148810e28299f9de252e15991,019e12d510f762a6c4848661fee3a6bc59d9b890f27de2904b28a74f031049d6,unknown,Data,2022,45-49 ans,Île-de-France,12507542,18.318,7.0
c3fe8a68b1e8e22171e2553774ab6c48da931881af24ae53ffb0d2cf9165cd7f,dd76792224c31a9328a18339c932e38525518fc18711ea091225d15c4d362670,unknown,Data,2023,30-34 ans,Île-de-France,12507542,18.318,7.0
6d8b290afe665a08dd643d4929a16b333416397320c1db52b26f2cc9731e0982,097f9b23fe5459d1d564a7e36efbe4a8227f770a67a6fdf64312aa87b4bf85ec,M,Data,2022,20-24 ans,Centre-Val de Loire,2588006,3.79,6.9
5a274657103a3846ea8715db61fa42f298af5e35c30a05644b59363b5eef0f6c,35bff48563149d839d31dbb335d92ddafe1384f4020aa53f27328c07273c9839,M,Data,2024,30-34 ans,Île-de-France,12507542,18.318,7.0
e05c311b8d4e0f68fa470385f9ee0398de659a9dc4c0ac8bc535cdf5938559da,e7dccddc7fda1cd4a0c2189939440887b4193def45e94147ee08692b825031b0,F,Data,2025,25-29 ans,Centre-Val de Loire,2588006,3.79,6.9
3960686e66e5fa26c0c97737b273cd4ab646b0b89c63156058f582af7f6fc1d9,6621ae4f86a1830f99e74ced3730f34b5e061176e349ae10019d3a7bf87f87d6,unknown,Data,2024,25-29 ans,Île-de-France,12507542,18.318,7.0
ab191058c3bd92b29c641419826d89840ae23eb72c19128313217a7581975711,8771ed26ca80d7586a66f4e461d5ba63bc76fe0ecdcc93c39faf86dfa9c1c472,unknown,Data,2022,20-24 ans,Île-de-France,12507542,18.318,7.0
61cd182382ff1fe33bd8f03e205ced2912f6bc880dcf08c2c3e2d70695dd4b2e,9d9b40d47b2e962572f333a10377982fa9c28587c5bc5b1bf284c0116095ebf4,M,Data,2022,20-24 ans,Occitanie,6165869,9.03,8.8
18fa5173823cceeeb34452b682b21553d5a4d41f8164d0a1351407b07fa41cd8,4f0d92a78f0b8255b1d72d97bae6e0e18e3a2a7c8fb3511bb661773d5958a7f7,M,Data,2025,40-44 ans,Île-de-France,12507542,18.318,7.0
e8a184f07661f7e3cef30af332a613c08f61cbfef8e986a6958f63999f37c4d4,d13eb48559f3957af70e3a4b2ba51136440ec9d50c98843559595414c384336c,M,Data,2023,60 ans ou plus,Île-de-France,12507542,18.318,7.0
094a8de90ee23f5cd717e6deea452561ef231b80ac7fc4042fb44b3f763e963b,7c34f02428d388dbb167e010466a333c8f76cb28340974fa9b13ae6103767563,M,Data,2022,45-49 ans,Hauts-de-France,5983840,8.764,9.0
c7db6ce766b7091e0363f27c75fd9af47b973c8f891e966537e723778e8ca4dc,8f9e3c477b7cbb94dabe7f69601211e74c1e02d0b4afef8ee77dd18ea4ce3b86,F,Data,2025,45-49 ans,Provence-Alpes-Côte d'Azur,5252362,7.692,7.9
a00b2aaf0316979972993d338cc86c6417ddccb41b282d04b43c94b28468fb3b,82a0d3ed9d43c6457e495157c83daefd7f44b5e5564c38083e6742dacd121b13,unknown,Data,2023,30-34 ans,Île-de-France,12507542,18.318,7.0
31a140cbd2339daaf1c958c2552571bc73cced1ff0350d3b51145cb6dc586c6e,1a9c8e8ef6ad5defa50a745b38633b4fad07dca3ac03769753436bc9b1e904b5,M,Data,2025,25-29 ans,Hauts-de-France,5983840,8.764,9.0
427d33ee424c8e86f9ca083acfe50aaff7f47d1f0ae771e2850c876e1857fead,fe3e4e0dac4b77cfac4ad9a7fb0f9410c7e2792d57f1bbe214e7a954d4cf1995,unknown,Data,2025,25-29 ans,Île-de-France,12507542,18.318,7.0
6ac9c9b003d37a92ecf8f2413303bf0e31fdbb7ca267e42d9c1618ea131af72d,25c8b641dcc20ac7cf2e69cf29148c893a7be8b1c98c20cd6b74ebf6ed20a256,unknown,Data,2023,35-39 ans,Auvergne-Rhône-Alpes,8238335,12.066,6.4
5beddb2899fd4326b36e056f08d4763496a18a6e32e4b649b8e7ef9b6ac45acf,d0a3f8aefe02669e323e70ea7062c368b546115b200b68c63fec137ddb62983f,unknown,Data,2022,60 ans ou plus,Occitanie,6165869,9.03,8.8
0c4fc7e8bc041c1432ba09456990c328557c358e978f2670ae4b4f9e3e0d48b0,a278730f2f2c4e81da243a13c90df3dd070046198f9dd8177f8fe3d5d517a17e,F,Data,2024,25-29 ans,Provence-Alpes-Côte d'Azur,5252362,7.692,7.9
3765b423dad31e2a3ec2774191760a8332641e14d0d3fb6fb8fce57922a78edc,46130005c349ffdcb99af2addc16140e9ef6d8d2f4ab07e91ccb41fed1eb2640,F,Data,2025,35-39 ans,Bourgogne-Franche-Comté,2800180,4.101,6.6
3872312b02a71d4d79e1b4e1a40a97d6f6af8fef1af1bf2c71e419fbd005018a,0909b5bf930acc2a6cd902995b741a7a93d645218eb82ae3805748c0c4dd994a,unknown,Data,2022,35-39 ans,Île-de-France,12507542,18.318,7.0
3199c0f8118e3fddef1cca61ab23e89b2df5cd066943244bc32327a9e4d47189,f95f0456f2319a44734e0fd55c55d425c02d558a17cdc82b26abff618a800ebf,M,Data,2022,35-39 ans,Île-de-France,12507542,18.318,7.0
892e7df267cde8344f2842800e41b9869bd96cc849c0e90a9d7ca7213aa6fe97,c07326592a0cf56c6fa7456a7f33735c81825855c9e0d15a6379ed34a705b44d,unknown,Data,2025,25-29 ans,Nouvelle-Aquitaine,6181885,9.054,6.6
741139765f91d325f91cfc4223a4322460f8fe9d72560722d8f4e034a9c05a6f,7502dc76ddc98a14ba3098af2fd543da9df42043d74ebbeb048d735bb553d0d0,unknown,Data,2023,30-34 ans,Île-de-France,12507542,18.318,7.0
5c2b1372d189bb84188c164eade425036687837e9e42da1a5493789bfa7232e6,7fffded3ca94b907d1e75ac7b1d6c4897b08c85b9f9b19b0dbc1a32e1b6aed8e,F,Data,2022,60 ans ou plus,Auvergne-Rhône-Alpes,8238335,12.066,6.4
321eaefe9a82b1f9d52302ea81e8ee26f2f14d752421ae3645a9befa44a3bc7d,003af4365756ab1052708a6cce6c8bc3bea1bb364e1609321d2a46cf245108d7,M,Data,2023,45-49 ans,Provence-Alpes-Côte d'Azur,5252362,7.692,7.9
4cd5a33acb72aca1c6e5dc2500a8eccdd05a1d2174c3beb84a7a0cd552506b64,77d31a157a9cabadbaeb86a2d7c5f5427ad0ac467c798887f0851c7faa158ced,M,Data,2025,20-24 ans,Île-de-France,12507542,18.318,7.0
27a0efb5eeb2736607e7dae7708e11ddd568ce8b0aa6be3bfb410b9e938b1144,438b9dba122f2409e687c45c2f083f7e88abcc11d7ed48df1dea151b6ab47df9,unknown,Data,2022,35-39 ans,Île-de-France,12507542,18.318,7.0
647ede8f30511f5ec1ecb84f263bf343890ea9490b1d3a47adda63247e4b3e9f,ac93885c3314b74751ec04b7a76a4a09be91ac31470825ba6e0d741b2dd904db,F,Data,2023,35-39 ans,Île-de-France,12507542,18.318,7.0
15967703fa035765b5dca63d59e3cd5fc405b40eb05bb8639926bcd93caf54e0,830997a08a0addd69219bc42a0fefdfb7ae9990331d51330706e645d43fbf0f1,unknown,Data,2025,35-39 ans,Île-de-France,12507542,18.318,7.0
110b64ed3ee71a54c841fb19216dc4f648b36558de6ca43a7a3ae6691864d0a5,e781c1824757c395190ec103b0347bbb39465ddb40b246797bc82d0b6cda558a,F,Data,2022,35-39 ans,Île-de-France,12507542,18.318,7.0
b73a753d59b1f881849defa9e9e7363603de7a6b55e25d34d5b684adc2b950ef,0c2fe9c4d0e714ff24d19a2a5769cd1a4c96626186c84fa565734e4dc9bbefb8,unknown,Data,2022,25-29 ans,Provence-Alpes-Côte d'Azur,5252362,7.692,7.9
7d1d055cddeef03718a0b16e17c17b7e7a64f79bd9dfb275591af45d9ea7e243,afb3dc4645ac5882222a3b638fd93fb9b1274948c5ebdf24908f4726ed1c2d8e,M,Data,2025,30-34 ans,Provence-Alpes-Côte d'Azur,5252362,7.692,7.9
37e720fa22b57968a69e6014e1d6612235d83a13ec07261aab861fbf47077896,7d1567a1510f1fd815e77a9b09c0208195f4b409cad9f3cac34a8d2bdfea62b0,M,Data,2025,20-24 ans,Grand Est,5557457,8.139,7.3
94ad17caee847326cf1d877e9a35ffc4751752c9b2e4cc038b67447fa3b1850c,131f035694997f0463f6d01823bb7e1268a37b1b7b2ad541ce609ba115df2f85,F,Data,2025,35-39 ans,Nouvelle-Aquitaine,6181885,9.054,6.6
47dd2973e7c9a1cee0e152041977c0211fc6a400305715482cbc015ad6e2f93f,c34fbce2e11d876f99568a033a0ca2e50ca7000fdb640f37c43af816ab413ff8,unknown,Data,2022,40-44 ans,Auvergne-Rhône-Alpes,8238335,12.066,6.4
fac0b479371222d353615fa6724c5f2fd804ca4f2537e699f1fc2f59ae2c77ae,89a13f783104a12cb6a2b845e3b8354ef6595f80f2ed80b278eb746d5e66155d,M,Data,2024,35-39 ans,Île-de-France,12507542,18.318,7.0
dc36d40bbe22fdd810586c10bc7ebef0e3aa7c33ce57e582cac7e6ba254fddb7,08167bf170b86bb0f1035083c4dd0682035068867e8b8a36bca16fe0d94fd037,M,Data,2022,40-44 ans,Auvergne-Rhône-Alpes,8238335,12.066,6.4
2c828d22a8d63231562f36428f1e9d0daab0778e1ae73e9f05b946ec4865e9b2,dbc2ce86d0a3f1f09ffb14d0ae34a8779bfddffc272a864b7a2fc82620e0eec3,M,Data,2022,35-39 ans,Auvergne-Rhône-Alpes,8238335,12.066,6.4
7b5e375ad8eb58fe4da5b749bd514f14fc747b4bd9f5ca2f3cbb4ec2afbb56fe,ffadb3e955b28c33dd6d5b8660006d0b320bc6bb4169c1d271c19e1c3ac1fc4d,M,Data,2025,40-44 ans,Île-de-France,12507542,18.318,7.0
34d000c9b8060cf770786c0d75ba6449a5fc2e725aabd338069f9fa05a066207,991d3f2c6a1fabb8d2f51376733b32510b9bc2c64fe147431e4061d79504f124,M,Data,2023,30-34 ans,Pays de la Loire,3926871,5.751,5.9
00950ee78b12ebfafc80bfeff68de97b06c1d425984a4fc3c5e4f2e583d15ef0,0f11a4cd1cfd9310e18714acca5491dec3b030de84eabdb8797c2810247c5af5,F,Data,2022,30-34 ans,Auvergne-Rhône-Alpes,8238335,12.066,6.4
29258cfc3c94fd204d54d2f695e055138879a78c7266dabc96a79ac71d87c1e2,f6658f7bdf933465acadab7bb2b377c1da9007d5d911344b002f84ca42423082,F,Data,2023,40-44 ans,DROM,2258526,3.308,
cd172bc4920aacd81a0face4403d0e8c0029c7e0b10cb1756a6536aee90e0543,d2bb5191e9c5716e6b5c6b7f4b8c541f9ded27011068a3a46600ef9459f5f25a,unknown,Data,2022,40-44 ans,DROM,2258526,3.308,
7438040ed57cf225b1fe87dada9a03a5cd413094bc5f7d2aae08d0a8af220898,b280b1c9ee9e0e1a8b11092365708fb938db2f797df5a2c6adf92a2575c3de90,M,Data,2025,40-44 ans,DROM,2258526,3.308,
2cbc29914df2603698a8c12afc394f11989690a9cf33c9cc34e51c97928fc1ec,1e1213311f6d77c5b4ae877aba76705e994e30f777450b4ffecc635491e4982c,M,Data,2025,30-34 ans,DROM,2258526,3.308,
aafef44af974475e784836ab7bfa111cadcfc87ae4edd58e9b7b2b0bd08ade05,5e916319e27d46f3b6ca068a79e4cc059446e69e14ccfac375ecdb58f052b7c0,M,Data,2025,30-34 ans,DROM,2258526,3.308,
1674e5bcc439bd9edb5495cf6bc61087a71688f622d817da299fe854a490a24d,529663caadbd092698ffc5125e0b60d6ac856d187a804993abaffcc4d1e59dff,F,Data,2023,45-49 ans,DROM,2258526,3.308,
8b3a9c5952b1f504bc6bfeb16a3b18c56a6c0b3125752af399b30f9bb01c16c8,0da95e930353f7e44cc1ac0643ab8c19601f7bc3f5881a7f0dd2fd29fd489e75,M,Data,2024,45-49 ans,DROM,2258526,3.308,
b9c7168518504d79d76f7578761cb93df080f6bfdd9056af0d305c2d5708d3d3,927213d3fccfd4be8a771207023547acb3acb810fafe3a8ff0975516b298212b,unknown,Data,2025,35-39 ans,DROM,2258526,3.308,
a15276b016734b99c1e621d44b6c5df8f3a63144981f50267b65489a53319f09,0f405aaa9d2046266f56aa7489dab722e5d7fc7065e141d02d69f4bb176521da,unknown,Data,2023,20-24 ans,DROM,2258526,3.308,
7adaad7d70625103614fedce07f22ef4fb75cb14385f25e6ecf90f84202fea87,51cb9dd6fd3bdf768cad5f98d7a90c0fff317373b460e2896414c6a7a4965ef5,F,Data,2022,45-49 ans,DROM,2258526,3.308,
97284de858fe652da5c6d6be180ed9f8d0c864403e3ee27e87d3972ec67d23b8,c75166f60a5d91fb876ff5a4d05326c929edeb8bb71ab18c48f216f9357766df,F,Data,2025,30-34 ans,DROM,2258526,3.308,
52411c9dff2080a9c579c91f0303da37cf997757613db28e18212d72db044f9a,e361892cc6a1aa20e075bb3cdfdd901fa7dbb406613e6f76c2ef7917ed66cc93,F,Data,2023,35-39 ans,DROM,2258526,3.308,
d05911e06de85475c7829333fecbc63164a32810bf1af8bb9e66f8ce9a1b94ba,4546fe2ad618946a74ad3d8a7b3827f1e058d0df5492ecba96737ed925ca4296,M,Data,2025,35-39 ans,DROM,2258526,3.308,
29258cfc3c94fd204d54d2f695e055138879a78c7266dabc96a79ac71d87c1e2,e5e80986b5eaa92080c516de0fa4dfada8780b08bfd509bff7b93395bae21629,F,Data,2022,40-44 ans,DROM,2258526,3.308,
4d007c785e502b401035fcc2d26212760b779a2cb360f2278f1969b36a75e4c3,748069e3c00e4811350d702b3e2917fa771928dcf4ee3c6d526032f79644075e,M,Data,2025,40-44 ans,DROM,2258526,3.308,
dd17b688ff44aefa89e0be93e005e4e87cf2f429cb7fc5d81a555512fe266ccc,ff2d6b992ab6f164fbd32864d99bfccd059932cff760b21e29045db35039d2d8,M,Data,2022,30-34 ans,DROM,2258526,3.308,
a558505c88568a40be76714e27b5e578e92f15271bb943915b2fcb059254e83d,dab852cbe0424ba17e53f46957dbccbb44094c132bfc0b5be2d0ec1fffa06493,M,Data,2022,30-34 ans,DROM,2258526,3.308,
1674e5bcc439bd9edb5495cf6bc61087a71688f622d817da299fe854a490a24d,1258a550b6f96d2ebc78489bdef0b67571ff50a068f66932c8f23118e0f271bb,F,Data,2025,45-49 ans,DROM,2258526,3.308,
7ffda79464f57ed0ae5bc43b09b5318fa77f8de8fcf1ca0413ef5e46ca56426d,749f1317dbd657c10347951091a1557b7fefceccaf37f03eaa8c1c87c6902f0c,M,Data,2022,50-54 ans,DROM,2258526,3.308,
765fe985e153894449479042ffa48a34242ffeac98b66dc9a0a53971adab5803,614bd83254025f109c0f8b6b2ef41eb2f4cf4367f9cb1a78e5bfa45628f5c9ec,M,Data,2024,25-29 ans,DROM,2258526,3.308,
90d0905d730d9cd07fa9ff4919571572aaad5115bcde8ef69e3ba3e873aa2892,b131c9601e78bcbc3d9cb3ece7c40788c09536e3bdca47fe3d6353c4376dc4be,M,Data,2025,30-34 ans,DROM,2258526,3.308,
c4dafe4e6518e358854d69a6315a44347f3ff260bb0f05029c22f270f536feb3,4967d365e95657202e0b7bd8cd411b3fc7d838c1a19c894ce5feff83e91bcc20,unknown,Data,2025,25-29 ans,DROM,2258526,3.308,
0ad29d0eeabfcba6303055e0134ff3db0ded507bf1e90184e1a314c7bbaa073c,01231d09581ac00b25437d1b362501b81dcd64008277d28649a0e3f8d080a92d,M,Data,2024,30-34 ans,DROM,2258526,3.308,
29258cfc3c94fd204d54d2f695e055138879a78c7266dabc96a79ac71d87c1e2,2432deac85edcc940e0c545edaccf57ef6d9b36e3413299d24342664af1574b9,F,Data,2024,40-44 ans,DROM,2258526,3.308,
1f4abe2ba4a1413204652ff9da63ac121f3aedfc305946c3c6d58c96d33416e8,72c4e192d19a4bdbfc68ad99f78d3fc45888e2793998f5fed29a2e7c992e7dd8,M,Data,2025,60 ans ou plus,DROM,2258526,3.308,
1674e5bcc439bd9edb5495cf6bc61087a71688f622d817da299fe854a490a24d,e8a2a511791c7e72dd4a919d455780b1367b7cca447282abb5a7e49138c098e9,F,Data,2024,45-49 ans,DROM,2258526,3.308,
a27c067267f1609d9aeae44ad9be595d727f3fb41812530618a29c007d1fb22e,0d048dff147af0a824a8405a4dcbf310c73ae753c2eeed294abb7e9a6748a975,M,Data,2022,45-49 ans,DROM,2258526,3.308,
5a6d8fa5f9f2010b80cc308129203653584da1aa9f0d337058c56382757a47c0,859f0b8fea0d9c303afec4b91861c600dd5a6adfb936a29f87eed42e53ec29a6,M,Data,2024,45-49 ans,DROM,2258526,3.308,
4a2c63a907f9c0fb73c3c2318994814d101be062f9eb079243c8810f62e8182c,f237c014948074ca1bd2adac7a93a5b5f03bba3b34855a21f7adf2c88b9fc5ed,M,Data,2023,35-39 ans,DROM,2258526,3.308,
4308a1274ff2983020ffa2b54a9098a080eba23975d38b27798779cbbd4030f2,d20de0bbfe673d3f7e29ab752144c5487f82aa3ac06208c45a514573a29e0b8b,unknown,Data,2022,30-34 ans,DROM,2258526,3.308,
97284de858fe652da5c6d6be180ed9f8d0c864403e3ee27e87d3972ec67d23b8,7aa73486612e7bd22d6e41e175efda872039b4a1242d737fbc2949c86bf7fd62,F,Data,2024,30-34 ans,DROM,2258526,3.308,
76ca26a81968b3a20d574732839103b3408b399796ef4adddb1e83944cdc6302,259e574de7074dd0893649be43435d1630d29bc0f1dd2d3e09cf561b9317c9bc,M,Data,2025,40-44 ans,DROM,2258526,3.308,
e6649254f27754dae41bf3bae0661b1a9f74b77c0aea3d88b7cbf04381883072,a0d48e7f27a3c0b6e836bafc25deb33f5ef838ca44f876edd99f359b7483d3ef,M,Data,2022,30-34 ans,DROM,2258526,3.308,
48220957d8f2ba5ca8421281ddbd3bfe9e875c50a608c7ad08f9e9ffed638741,8ec72a6f17475042c3045c6e69c381a43bf6ca4157a07b1c730354468c47105d,M,Data,2022,50-54 ans,DROM,2258526,3.308,
6e52d96236d0dfd1c62cd398abd579b896abff3f0a77068fd77b8232a982dac9,cd7ceff3e0678732042a5232ff00de1bed3eb0db60b1c80593956a50be598702,M,Data,2025,25-29 ans,DROM,2258526,3.308,
48220957d8f2ba5ca8421281ddbd3bfe9e875c50a608c7ad08f9e9ffed638741,fedb6ada1dd4072aba91668e490949a4f1b12e626c4fd456ad02e11f5102092e,M,Data,2023,50-54 ans,DROM,2258526,3.308,
1c34122e71a1c622956ccd38e53a7346e8a124aebb0b3a4d8157891c9edb9517,068e46bc56e2fdf4ec092a55a9bf63d10e22abfaaa71788234ed8afce56b590c,M,Data,2024,30-34 ans,DROM,2258526,3.308,
f97a3b263245b5272831209ff47d32ac9b58e2b921c062dcee74a074acf19194,c683f20b4f04d67ce8410dee0622b7d3b4cfdc10df5d7d2a1ab12946e52628f1,F,Data,2022,40-44 ans,DROM,2258526,3.308,
e4c318203bb1844c52729ffa0638f009d15e8a658093b2ab9ba3d1f6760856c5,96384a56251a2a3b2e39fc9a2522d219850080bcca7542fff6c9b11aef27706c,M,Data,2025,35-39 ans,DROM,2258526,3.308,
d3068223d1505353999659c55a3a3245badb359c82bcc840c315e9f54d38dd7b,bbeab7ca0f9a6c091d90cb342b0e69a097e19f2deb3e8677db110ec2ef9855e4,M,Data,2024,40-44 ans,DROM,2258526,3.308,
11a516d3041832a8faa2c66732fbcbb6bfc6ef8096a0ba65f3b8ad0f5096d85b,e2a4b81b410fec57496c4b3037851b07768f24ca5c10e6a64467207e8cf70fbd,M,Data,2025,25-29 ans,DROM,2258526,3.308,
29258cfc3c94fd204d54d2f695e055138879a78c7266dabc96a79ac71d87c1e2,41a1a45ce190a62947df56fd6fb4404d6e74794c2b9284511f7a7ff41f390aa5,F,Data,2025,40-44 ans,DROM,2258526,3.308,
d7b470a3bfb830c26464ff052798ac54613ac28f0fb5c6443f9a1cfc99822e49,535aec6e901eaa66ef5a224a3246e8c59e7c232d4dc215e4fa0c822e8011e0b8,M,Data,2022,40-44 ans,DROM,2258526,3.308,
8bb255e275883a5fb7be9dc9b4eb33bb7cba01b3f6be30fa120b90672a4af8f1,80858592ef69329e8ef8ef68df38052b50be34d4afc885f64eac25bb14dc16de,M,Data,2022,35-39 ans,DROM,2258526,3.308,
aca1fdd71bcc5c7617802d032a2d1874e25cab0c81f2c723310493d7c9bed55b,cee5e2f9d1f60c80ee7f655a2ace6988e835c9b2fb0f3ff5ec1e6644c3442099,M,Data,2022,45-49 ans,DROM,2258526,3.308,
b9c7168518504d79d76f7578761cb93df080f6bfdd9056af0d305c2d5708d3d3,81c321c3e0b9324610f8ef2cec2ea4b38c64d79cc798e21df96554e1a0f33094,unknown,Data,2023,35-39 ans,DROM,2258526,3.308,
